ticket_code,employee_id,technician_id,date_created,date_resolved,issue_category,issue_subcategory,priority,status,channel,resolution_time_hours,sla_target_hours,sla_met,satisfaction_score
TKT-00001,272,12,2025-02-13 09:47:00,2025-02-14 14:33:12,Software,Browser Issue,Low,Resolved,Portal,28.77,48,1,3
TKT-00002,405,1,2025-11-24 09:47:00,2025-11-24 16:44:36,Hardware,Battery/Power,Medium,Resolved,Email,6.96,24,1,4
TKT-00003,392,2,2025-08-05 09:24:00,2025-08-05 15:06:36,Account Access,Locked Account,Medium,Resolved,Email,5.71,24,1,5
TKT-00004,134,10,2025-08-12 12:53:00,2025-08-13 01:39:12,Hardware,Monitor Issue,Medium,Resolved,Phone,12.77,24,1,5
TKT-00005,129,7,2025-07-02 09:20:00,2025-07-02 22:32:36,Network,No Internet Access,Medium,Resolved,Portal,13.21,24,1,3
TKT-00006,269,6,2025-11-17 11:23:00,2025-11-17 13:29:36,Account Access,Password Reset,Medium,Resolved,Phone,2.11,24,1,5
TKT-00007,207,7,2026-06-10 11:30:00,2026-06-12 11:00:00,Software,Browser Issue,Medium,Closed,Email,47.50,24,0,2
TKT-00008,365,4,2025-09-18 14:07:00,2025-09-20 09:48:24,Network,Wi-Fi Connectivity,Medium,Resolved,Phone,43.69,24,0,2
TKT-00009,185,7,2025-10-14 07:45:00,2025-10-15 15:11:24,Software,Software Installation,Medium,Resolved,Portal,31.44,24,0,2
TKT-00010,389,10,2026-01-15 13:00:00,2026-01-16 09:00:36,Hardware,Laptop Won't Start,Medium,Resolved,Email,20.01,24,1,5
TKT-00011,58,10,2025-06-16 15:40:00,2025-06-17 04:09:24,Security,Phishing Report,High,Resolved,Email,12.49,8,0,4
TKT-00012,153,1,2026-08-27 10:25:00,2026-08-27 11:40:36,Account Access,Password Reset,Medium,Resolved,Phone,1.26,24,1,4
TKT-00013,366,5,2026-03-27 13:56:00,2026-03-27 14:34:24,Security,Unauthorized Access Concern,Critical,Resolved,Portal,0.64,4,1,4
TKT-00014,264,1,2025-12-12 16:56:00,2025-12-13 10:23:00,Network,No Internet Access,Medium,Resolved,Portal,17.45,24,1,4
TKT-00015,36,9,2025-09-23 13:40:00,2025-09-24 07:57:24,Security,Suspicious Email,High,Resolved,Phone,18.29,8,0,2
TKT-00016,61,9,2025-08-13 11:06:00,2025-08-13 20:15:00,Software,Application Access,Low,Closed,Portal,9.15,48,1,5
TKT-00017,412,1,2026-02-06 19:43:00,2026-02-07 01:04:00,Software,Microsoft 365 Issue,Medium,Resolved,Portal,5.35,24,1,4
TKT-00018,238,7,2025-07-25 13:25:00,2025-07-25 21:02:12,Hardware,Docking Station,High,Resolved,Walk-up,7.62,8,1,4
TKT-00019,286,9,2025-03-04 08:15:00,2025-03-04 10:55:48,Printing,Printer Offline,Medium,Closed,Phone,2.68,24,1,5
TKT-00020,241,3,2025-03-03 08:11:00,2025-03-03 10:56:36,Software,Microsoft 365 Issue,High,Resolved,Email,2.76,8,1,4
TKT-00021,35,10,2025-06-13 10:01:00,2025-06-15 16:23:48,Software,Microsoft 365 Issue,Medium,Closed,Email,54.38,24,0,1
TKT-00022,367,5,2025-06-23 17:46:00,2025-06-23 23:25:36,Security,Suspicious Email,High,Resolved,Portal,5.66,8,1,4
TKT-00023,190,4,2025-08-22 11:15:00,2025-08-24 18:47:24,Software,Microsoft 365 Issue,Medium,Closed,Email,55.54,24,0,3
TKT-00024,209,4,2025-08-14 10:54:00,2025-08-15 15:13:12,Account Access,Permissions Request,Medium,Resolved,Portal,28.32,24,0,4
TKT-00025,222,1,2026-05-13 10:10:00,2026-05-13 15:27:24,Software,Application Access,Medium,Resolved,Email,5.29,24,1,4
TKT-00026,161,11,2025-12-10 09:47:00,2025-12-10 12:21:12,Software,Application Crash,High,Resolved,Portal,2.57,8,1,5
TKT-00027,25,11,2026-07-31 16:36:00,2026-08-01 11:11:24,Hardware,Monitor Issue,Medium,Resolved,Email,18.59,24,1,5
TKT-00028,190,8,2025-11-24 17:16:00,2025-11-26 19:47:48,Network,VPN Connection,Medium,Resolved,Email,50.53,24,0,1
TKT-00029,256,12,2025-04-01 12:10:00,2025-04-03 14:07:00,Software,Microsoft 365 Issue,Medium,Resolved,Portal,49.95,24,0,3
TKT-00030,402,4,2025-09-08 08:46:00,2025-09-09 17:15:24,Account Access,Password Reset,Medium,Resolved,Email,32.49,24,0,2
TKT-00031,354,12,2025-05-01 08:04:00,2025-05-01 12:43:00,Security,Suspicious Email,High,Closed,Portal,4.65,8,1,4
TKT-00032,134,2,2026-08-12 15:32:00,2026-08-13 03:19:24,Software,Microsoft 365 Issue,Medium,Resolved,Email,11.79,24,1,5
TKT-00033,464,10,2025-05-21 14:41:00,2025-05-21 21:20:36,Account Access,Locked Account,Medium,Resolved,Phone,6.66,24,1,5
TKT-00034,289,8,2026-04-10 10:09:00,2026-04-11 02:14:24,Software,Application Crash,Low,Resolved,Portal,16.09,48,1,4
TKT-00035,87,4,2025-10-23 16:57:00,2025-10-24 04:13:48,Printing,Print Queue Stuck,Medium,Resolved,Portal,11.28,24,1,5
TKT-00036,71,5,2025-04-28 14:12:00,2025-04-30 11:10:12,Network,Slow Network,Medium,Resolved,Phone,44.97,24,0,2
TKT-00037,139,7,2025-06-25 07:35:00,2025-06-25 23:14:00,Software,Application Crash,Medium,Resolved,Portal,15.65,24,1,4
TKT-00038,142,12,2026-08-20 13:32:00,2026-08-24 01:43:24,Software,Application Access,Low,Resolved,Portal,84.19,48,0,2
TKT-00039,230,12,2026-06-17 12:37:00,2026-06-17 23:05:12,Account Access,Locked Account,Medium,Resolved,Portal,10.47,24,1,3
TKT-00040,381,9,2025-09-18 18:15:00,2025-09-19 08:37:48,Account Access,Password Reset,High,Resolved,Portal,14.38,8,0,1
TKT-00041,374,10,2025-01-31 19:31:00,2025-01-31 22:02:48,Network,No Internet Access,Critical,Resolved,Walk-up,2.53,4,1,4
TKT-00042,159,7,2026-08-26 17:52:00,2026-08-27 04:34:00,Account Access,Locked Account,High,Resolved,Portal,10.70,8,0,2
TKT-00043,151,11,2026-02-05 17:13:00,2026-02-06 01:23:48,Software,Software Installation,Medium,Resolved,Email,8.18,24,1,5
TKT-00044,459,6,2025-12-10 13:57:00,2025-12-10 20:00:36,Network,Wi-Fi Connectivity,High,Resolved,Portal,6.06,8,1,4
TKT-00045,298,9,2025-02-11 08:20:00,2025-02-11 19:30:12,Printing,Driver Issue,Medium,Closed,Walk-up,11.17,24,1,5
TKT-00046,334,5,2025-04-03 13:55:00,2025-04-07 20:04:36,Account Access,Password Reset,Low,Resolved,Portal,102.16,48,0,1
TKT-00047,453,5,2025-10-27 15:39:00,2025-10-29 05:09:00,Network,Wi-Fi Connectivity,Medium,Resolved,Walk-up,37.50,24,0,2
TKT-00048,231,11,2025-08-27 13:11:00,2025-08-27 18:06:12,Account Access,MFA Issue,Medium,Closed,Portal,4.92,24,1,4
TKT-00049,243,2,2025-12-31 12:26:00,2026-01-01 08:57:12,Software,Browser Issue,Low,Resolved,Portal,20.52,48,1,3
TKT-00050,146,6,2025-04-03 15:25:00,2025-04-03 22:05:12,Software,Application Access,Medium,Resolved,Portal,6.67,24,1,5
TKT-00051,479,10,2026-04-03 12:48:00,2026-04-04 20:22:48,Software,Microsoft 365 Issue,Medium,Resolved,Phone,31.58,24,0,2
TKT-00052,281,4,2025-06-19 19:54:00,2025-06-20 02:43:12,Network,Wi-Fi Connectivity,Medium,Resolved,Email,6.82,24,1,4
TKT-00053,141,10,2025-12-17 13:06:00,2025-12-17 15:15:00,Security,Phishing Report,High,Resolved,Walk-up,2.15,8,1,5
TKT-00054,276,3,2025-09-30 13:13:00,2025-09-30 16:32:48,Account Access,MFA Issue,Medium,Resolved,Portal,3.33,24,1,4
TKT-00055,143,9,2025-03-05 11:54:00,2025-03-07 16:15:36,Software,Application Crash,Medium,Resolved,Walk-up,52.36,24,0,1
TKT-00056,46,9,2026-05-04 11:17:00,2026-05-04 21:54:12,Hardware,Monitor Issue,Medium,Resolved,Email,10.62,24,1,4
TKT-00057,84,7,2025-08-27 19:32:00,2025-08-28 03:27:12,Printing,Print Queue Stuck,Medium,Resolved,Email,7.92,24,1,5
TKT-00058,226,5,2025-05-27 10:19:00,2025-05-29 08:51:24,Network,VPN Connection,Medium,Closed,Walk-up,46.54,24,0,1
TKT-00059,142,9,2025-12-19 16:08:00,2025-12-20 18:56:36,Hardware,Docking Station,Low,Resolved,Email,26.81,48,1,5
TKT-00060,294,11,2025-05-01 17:00:00,2025-05-02 16:58:12,Hardware,Docking Station,Medium,Resolved,Portal,23.97,24,1,5
TKT-00061,428,11,2025-04-30 13:48:00,2025-04-30 23:06:00,Software,Microsoft 365 Issue,Medium,Resolved,Portal,9.30,24,1,5
TKT-00062,452,2,2025-11-20 18:05:00,2025-11-21 10:17:00,Security,Malware Alert,High,Resolved,Portal,16.20,8,0,2
TKT-00063,464,10,2026-04-30 12:35:00,2026-04-30 13:50:00,Account Access,Password Reset,Medium,Resolved,Portal,1.25,24,1,5
TKT-00064,7,8,2025-06-09 11:51:00,2025-06-10 08:51:00,Security,Malware Alert,Medium,Resolved,Email,21.00,24,1,5
TKT-00065,449,1,2025-01-10 11:35:00,2025-01-11 01:39:12,Printing,Driver Issue,Low,Resolved,Portal,14.07,48,1,5
TKT-00066,127,2,2025-01-14 12:24:00,2025-01-14 16:41:24,Network,Wi-Fi Connectivity,High,Resolved,Walk-up,4.29,8,1,4
TKT-00067,364,2,2026-03-24 07:49:00,2026-03-24 15:41:12,Security,Malware Alert,Medium,Closed,Portal,7.87,24,1,4
TKT-00068,108,1,2025-01-03 09:01:00,2025-01-03 09:43:36,Account Access,Locked Account,Critical,Closed,Walk-up,0.71,4,1,4
TKT-00069,175,6,2025-02-20 15:36:00,2025-02-21 06:25:12,Software,Microsoft 365 Issue,Medium,Closed,Email,14.82,24,1,5
TKT-00070,394,2,2025-05-07 13:22:00,2025-05-07 21:42:24,Hardware,Monitor Issue,High,Resolved,Email,8.34,8,0,3
TKT-00071,310,2,2025-06-05 14:27:00,2025-06-05 16:24:00,Account Access,Password Reset,Medium,Resolved,Email,1.95,24,1,4
TKT-00072,492,4,2025-04-21 17:44:00,2025-04-21 22:38:36,Hardware,Laptop Performance,High,Resolved,Email,4.91,8,1,5
TKT-00073,387,6,2026-01-07 09:36:00,2026-01-07 18:09:36,Account Access,MFA Issue,Medium,Closed,Email,8.56,24,1,3
TKT-00074,173,11,2026-07-21 09:35:00,2026-07-22 09:39:48,Hardware,Keyboard/Mouse,Low,Closed,Portal,24.08,48,1,5
TKT-00075,420,2,2025-06-24 13:58:00,2025-06-25 21:05:48,Software,Microsoft 365 Issue,Low,Closed,Portal,31.13,48,1,4
TKT-00076,128,6,2025-02-11 11:23:00,2025-02-15 08:53:00,Account Access,MFA Issue,Low,Resolved,Portal,93.50,48,0,1
TKT-00077,172,6,2026-02-10 08:05:00,2026-02-10 15:19:24,Account Access,Locked Account,Medium,Resolved,Portal,7.24,24,1,4
TKT-00078,180,9,2025-02-27 11:18:00,2025-02-28 02:57:36,Software,Microsoft 365 Issue,Medium,Resolved,Portal,15.66,24,1,4
TKT-00079,340,10,2026-04-30 11:33:00,2026-05-01 01:58:48,Software,Browser Issue,High,Closed,Portal,14.43,8,0,3
TKT-00080,376,1,2025-09-30 09:08:00,2025-09-30 11:41:00,Account Access,MFA Issue,High,Resolved,Portal,2.55,8,1,5
TKT-00081,290,3,2025-12-18 15:45:00,2025-12-18 22:25:48,Printing,Printer Offline,Medium,Closed,Walk-up,6.68,24,1,3
TKT-00082,369,6,2025-01-10 11:51:00,2025-01-10 13:39:00,Security,Phishing Report,High,Resolved,Phone,1.80,8,1,3
TKT-00083,268,3,2025-11-04 14:43:00,2025-11-05 03:57:24,Account Access,MFA Issue,High,Resolved,Email,13.24,8,0,2
TKT-00084,410,4,2026-08-10 10:44:00,2026-08-10 19:18:12,Printing,Printer Permissions,Medium,Resolved,Portal,8.57,24,1,3
TKT-00085,303,9,2025-08-06 15:18:00,2025-08-11 01:30:00,Software,Application Crash,Low,Resolved,Portal,106.20,48,0,2
TKT-00086,376,9,2025-05-14 17:35:00,2025-05-14 23:12:48,Software,Application Access,Medium,Resolved,Phone,5.63,24,1,4
TKT-00087,194,5,2025-04-23 09:10:00,2025-04-23 22:01:36,Account Access,Password Reset,High,Closed,Portal,12.86,8,0,2
TKT-00088,62,8,2025-07-11 07:33:00,2025-07-11 08:55:48,Printing,Print Queue Stuck,High,Resolved,Portal,1.38,8,1,4
TKT-00089,217,9,2025-10-31 13:19:00,2025-10-31 21:34:36,Software,Software Installation,High,Closed,Email,8.26,8,0,2
TKT-00090,263,6,2026-08-27 16:11:00,2026-08-27 22:35:36,Hardware,Battery/Power,High,Closed,Email,6.41,8,1,4
TKT-00091,165,5,2026-03-23 11:38:00,2026-03-23 22:49:24,Account Access,MFA Issue,Medium,Resolved,Phone,11.19,24,1,5
TKT-00092,298,11,2026-06-30 18:24:00,2026-07-01 18:00:36,Software,Application Crash,Medium,Resolved,Portal,23.61,24,1,3
TKT-00093,283,5,2026-03-18 15:10:00,2026-03-19 06:50:48,Account Access,Locked Account,Medium,Resolved,Portal,15.68,24,1,3
TKT-00094,358,1,2026-02-13 10:41:00,2026-02-14 03:42:12,Network,Slow Network,Medium,Closed,Phone,17.02,24,1,5
TKT-00095,22,9,2026-08-04 17:38:00,2026-08-05 10:30:48,Security,Unauthorized Access Concern,Medium,Closed,Portal,16.88,24,1,4
TKT-00096,39,3,2025-01-06 18:51:00,2025-01-06 22:53:24,Security,Lost/Stolen Device,High,Resolved,Portal,4.04,8,1,5
TKT-00097,77,4,2026-08-04 11:09:00,2026-08-04 21:24:36,Software,Software Installation,Medium,Resolved,Email,10.26,24,1,5
TKT-00098,329,1,2025-10-20 10:56:00,2025-10-20 14:44:00,Software,Browser Issue,High,Resolved,Portal,3.80,8,1,4
TKT-00099,294,12,2025-11-19 15:51:00,2025-11-19 18:46:48,Security,Phishing Report,High,Resolved,Walk-up,2.93,8,1,4
TKT-00100,119,3,2026-04-10 08:59:00,2026-04-10 15:01:24,Network,Wi-Fi Connectivity,High,Resolved,Phone,6.04,8,1,4
TKT-00101,68,1,2026-01-02 09:20:00,2026-01-02 13:38:36,Software,Microsoft 365 Issue,Medium,Resolved,Phone,4.31,24,1,4
TKT-00102,331,5,2026-04-14 17:52:00,2026-04-14 19:46:00,Account Access,Locked Account,High,Closed,Phone,1.90,8,1,4
TKT-00103,167,8,2025-08-29 09:59:00,2025-08-29 11:45:48,Hardware,Laptop Performance,Critical,Resolved,Email,1.78,4,1,4
TKT-00104,403,6,2026-03-02 10:53:00,2026-03-02 20:29:36,Printing,Print Queue Stuck,Medium,Resolved,Portal,9.61,24,1,5
TKT-00105,1,11,2025-12-05 15:55:00,2025-12-06 05:07:00,Network,VPN Connection,High,Resolved,Phone,13.20,8,0,3
TKT-00106,153,11,2026-03-23 10:14:00,2026-03-23 18:03:12,Security,Lost/Stolen Device,High,Resolved,Portal,7.82,8,1,5
TKT-00107,411,8,2025-01-08 18:51:00,2025-01-09 05:37:12,Account Access,MFA Issue,Medium,Resolved,Portal,10.77,24,1,4
TKT-00108,422,6,2025-08-26 11:56:00,2025-08-26 17:10:24,Network,VPN Connection,High,Resolved,Email,5.24,8,1,4
TKT-00109,169,3,2025-06-12 17:09:00,2025-06-13 08:07:48,Software,Software Installation,Medium,Resolved,Portal,14.98,24,1,5
TKT-00110,486,8,2026-03-19 09:12:00,2026-03-20 10:19:48,Software,Browser Issue,Medium,Closed,Phone,25.13,24,0,2
TKT-00111,281,5,2025-08-29 15:48:00,2025-08-29 19:41:24,Software,Application Access,High,Resolved,Portal,3.89,8,1,5
TKT-00112,83,4,2025-08-28 14:41:00,2025-08-29 12:04:24,Network,No Internet Access,Medium,Resolved,Portal,21.39,24,1,4
TKT-00113,340,7,2025-11-26 16:20:00,2025-11-27 02:13:24,Account Access,MFA Issue,Medium,Resolved,Portal,9.89,24,1,4
TKT-00114,363,5,2025-03-12 18:45:00,2025-03-13 00:18:00,Hardware,Docking Station,High,Resolved,Walk-up,5.55,8,1,5
TKT-00115,37,12,2025-02-03 12:39:00,2025-02-03 18:01:12,Software,Browser Issue,High,Resolved,Email,5.37,8,1,5
TKT-00116,487,5,2025-07-08 14:10:00,2025-07-10 02:51:24,Software,Software Installation,Medium,Resolved,Phone,36.69,24,0,3
TKT-00117,57,12,2025-11-19 12:39:00,2025-11-19 16:12:36,Security,Malware Alert,Medium,Resolved,Email,3.56,24,1,4
TKT-00118,341,5,2025-07-08 18:18:00,2025-07-09 02:00:00,Software,Application Access,Medium,Resolved,Portal,7.70,24,1,4
TKT-00119,493,10,2025-05-02 12:17:00,2025-05-02 17:54:12,Software,Software Installation,Medium,Resolved,Walk-up,5.62,24,1,3
TKT-00120,279,7,2025-12-01 19:56:00,2025-12-02 02:01:24,Printing,Print Queue Stuck,Medium,Resolved,Portal,6.09,24,1,5
TKT-00121,253,5,2026-02-26 10:58:00,2026-02-26 11:14:48,Account Access,Password Reset,High,Closed,Portal,0.28,8,1,4
TKT-00122,453,12,2026-08-28 11:04:00,2026-08-29 01:59:12,Security,Suspicious Email,Medium,Resolved,Portal,14.92,24,1,4
TKT-00123,21,3,2026-05-18 09:25:00,2026-05-18 15:10:36,Security,Suspicious Email,High,Closed,Portal,5.76,8,1,4
TKT-00124,45,1,2026-04-20 11:10:00,2026-04-21 02:22:36,Software,Application Access,Medium,Resolved,Portal,15.21,24,1,3
TKT-00125,45,2,2025-10-01 10:23:00,2025-10-01 16:41:36,Hardware,Docking Station,Medium,Closed,Phone,6.31,24,1,4
TKT-00126,464,6,2025-03-17 16:22:00,2025-03-19 06:53:12,Account Access,Permissions Request,Medium,Resolved,Phone,38.52,24,0,1
TKT-00127,131,6,2026-02-06 10:47:00,2026-02-06 12:11:00,Software,Application Crash,Critical,Resolved,Email,1.40,4,1,5
TKT-00128,433,10,2025-06-23 08:30:00,2025-06-23 15:53:24,Network,VPN Connection,High,Resolved,Phone,7.39,8,1,5
TKT-00129,88,9,2025-01-15 18:59:00,2025-01-17 10:04:24,Network,Wi-Fi Connectivity,Low,Resolved,Portal,39.09,48,1,5
TKT-00130,382,12,2025-03-25 11:56:00,2025-03-26 03:30:12,Software,Software Installation,Low,Resolved,Portal,15.57,48,1,5
TKT-00131,302,5,2025-02-19 10:24:00,2025-02-20 02:55:48,Network,Wi-Fi Connectivity,High,Resolved,Portal,16.53,8,0,1
TKT-00132,45,10,2025-03-28 10:55:00,2025-03-28 16:52:36,Account Access,MFA Issue,Medium,Resolved,Email,5.96,24,1,5
TKT-00133,200,9,2026-05-26 10:40:00,2026-05-28 14:00:24,Account Access,Password Reset,Low,Resolved,Portal,51.34,48,0,3
TKT-00134,465,11,2025-12-04 14:50:00,2025-12-05 22:29:36,Hardware,Laptop Won't Start,Medium,Resolved,Email,31.66,24,0,2
TKT-00135,396,6,2026-02-12 16:42:00,2026-02-13 07:34:12,Account Access,MFA Issue,High,Closed,Phone,14.87,8,0,1
TKT-00136,443,2,2025-09-11 17:28:00,2025-09-12 02:33:24,Software,Software Installation,Medium,Resolved,Portal,9.09,24,1,5
TKT-00137,417,9,2025-01-31 14:05:00,2025-02-04 07:26:36,Account Access,MFA Issue,Low,Resolved,Portal,89.36,48,0,1
TKT-00138,109,5,2025-01-31 16:11:00,2025-02-01 07:09:12,Software,Application Access,Medium,Resolved,Portal,14.97,24,1,4
TKT-00139,346,4,2026-03-06 14:46:00,2026-03-07 00:17:12,Security,Lost/Stolen Device,High,Resolved,Email,9.52,8,0,2
TKT-00140,41,1,2026-03-18 10:37:00,2026-03-18 23:19:36,Account Access,Permissions Request,Low,Resolved,Portal,12.71,48,1,4
TKT-00141,306,8,2025-11-07 08:36:00,2025-11-07 09:42:00,Account Access,Password Reset,High,Closed,Portal,1.10,8,1,4
TKT-00142,308,4,2025-03-03 11:08:00,2025-03-03 23:51:12,Account Access,Locked Account,Low,Resolved,Portal,12.72,48,1,5
TKT-00143,2,7,2026-07-15 13:29:00,2026-07-15 20:35:36,Printing,Printer Offline,Medium,Closed,Phone,7.11,24,1,4
TKT-00144,25,12,2025-09-09 15:09:00,2025-09-09 18:49:12,Software,Microsoft 365 Issue,Critical,Resolved,Portal,3.67,4,1,5
TKT-00145,91,6,2026-06-01 17:52:00,2026-06-03 04:10:36,Network,VPN Connection,Medium,Resolved,Portal,34.31,24,0,2
TKT-00146,173,2,2025-01-06 13:10:00,2025-01-06 16:24:24,Software,Application Crash,High,Resolved,Phone,3.24,8,1,5
TKT-00147,330,2,2026-06-10 08:37:00,2026-06-10 14:50:48,Printing,Print Queue Stuck,Medium,Resolved,Phone,6.23,24,1,4
TKT-00148,205,4,2025-12-15 11:57:00,2025-12-15 20:42:00,Account Access,Locked Account,Medium,Resolved,Email,8.75,24,1,4
TKT-00149,27,9,2025-11-27 18:13:00,2025-11-27 21:21:24,Security,Phishing Report,Critical,Closed,Portal,3.14,4,1,4
TKT-00150,217,3,2025-01-16 11:02:00,2025-01-17 04:39:12,Software,Software Installation,Medium,Closed,Portal,17.62,24,1,5
TKT-00151,374,3,2026-01-19 11:46:00,2026-01-19 16:43:00,Account Access,MFA Issue,Medium,Resolved,Phone,4.95,24,1,3
TKT-00152,230,4,2025-07-17 13:01:00,2025-07-17 15:01:36,Account Access,Password Reset,High,Resolved,Portal,2.01,8,1,3
TKT-00153,126,2,2026-01-05 13:32:00,2026-01-05 18:14:00,Network,Wi-Fi Connectivity,High,Resolved,Email,4.70,8,1,5
TKT-00154,480,10,2025-11-14 16:45:00,2025-11-14 18:20:24,Account Access,Password Reset,Medium,Closed,Phone,1.59,24,1,5
TKT-00155,476,5,2025-10-24 15:56:00,2025-10-24 18:24:48,Account Access,Password Reset,Medium,Closed,Portal,2.48,24,1,4
TKT-00156,200,3,2025-02-28 14:46:00,2025-02-28 17:50:12,Account Access,Password Reset,Medium,Resolved,Email,3.07,24,1,4
TKT-00157,350,1,2025-07-16 14:00:00,2025-07-21 07:06:00,Hardware,Laptop Performance,Low,Resolved,Portal,113.10,48,0,1
TKT-00158,444,5,2026-05-08 17:13:00,2026-05-08 23:35:12,Software,Application Crash,Medium,Closed,Portal,6.37,24,1,5
TKT-00159,305,2,2025-03-07 13:12:00,2025-03-08 08:04:48,Security,Malware Alert,High,Closed,Portal,18.88,8,0,3
TKT-00160,389,1,2025-09-01 13:36:00,2025-09-01 18:46:12,Network,VPN Connection,High,Resolved,Portal,5.17,8,1,5
TKT-00161,64,2,2025-01-10 13:48:00,2025-01-10 15:25:12,Security,Malware Alert,High,Resolved,Portal,1.62,8,1,5
TKT-00162,287,5,2026-07-30 18:47:00,2026-07-30 20:56:36,Network,No Internet Access,High,Resolved,Phone,2.16,8,1,4
TKT-00163,363,6,2025-05-19 12:26:00,2025-05-21 07:47:36,Account Access,Locked Account,Medium,Resolved,Portal,43.36,24,0,3
TKT-00164,460,10,2025-01-24 13:19:00,2025-01-26 00:24:24,Network,Slow Network,Medium,Resolved,Portal,35.09,24,0,1
TKT-00165,108,2,2026-06-29 16:18:00,2026-06-29 20:06:36,Printing,Driver Issue,Medium,Resolved,Phone,3.81,24,1,3
TKT-00166,170,11,2025-01-07 10:05:00,2025-01-07 10:54:48,Account Access,Password Reset,Medium,Closed,Portal,0.83,24,1,4
TKT-00167,12,12,2026-07-21 14:21:00,2026-07-22 05:06:00,Network,No Internet Access,High,Resolved,Phone,14.75,8,0,1
TKT-00168,452,4,2025-09-11 16:48:00,2025-09-13 16:58:48,Hardware,Monitor Issue,Medium,Resolved,Portal,48.18,24,0,2
TKT-00169,457,7,2025-02-28 07:00:00,2025-02-28 12:54:00,Hardware,Battery/Power,Medium,Closed,Email,5.90,24,1,5
TKT-00170,449,10,2025-01-15 18:24:00,2025-01-15 20:16:12,Account Access,Locked Account,Medium,Closed,Portal,1.87,24,1,4
TKT-00171,476,2,2025-07-14 11:18:00,2025-07-14 15:43:48,Account Access,Password Reset,Medium,Resolved,Portal,4.43,24,1,4
TKT-00172,410,10,2025-09-09 16:36:00,2025-09-09 23:03:36,Network,Wi-Fi Connectivity,High,Closed,Email,6.46,8,1,4
TKT-00173,332,3,2025-03-25 11:37:00,2025-03-26 10:32:12,Software,Software Installation,Medium,Resolved,Email,22.92,24,1,4
TKT-00174,133,2,2025-11-12 10:57:00,2025-11-12 16:14:24,Printing,Printer Permissions,High,Closed,Walk-up,5.29,8,1,4
TKT-00175,335,11,2025-01-13 08:20:00,2025-01-13 15:27:12,Network,DNS Resolution,Medium,Resolved,Phone,7.12,24,1,4
TKT-00176,135,1,2025-12-09 13:01:00,2025-12-09 14:02:12,Security,Unauthorized Access Concern,Critical,Resolved,Portal,1.02,4,1,4
TKT-00177,307,1,2025-04-11 12:06:00,2025-04-11 17:45:00,Account Access,MFA Issue,High,Resolved,Portal,5.65,8,1,4
TKT-00178,470,11,2025-10-20 10:32:00,2025-10-20 18:20:00,Software,Application Access,Medium,Resolved,Portal,7.80,24,1,3
TKT-00179,352,6,2025-04-04 15:37:00,2025-04-04 21:16:00,Security,Malware Alert,Medium,Resolved,Email,5.65,24,1,4
TKT-00180,174,3,2025-08-29 09:05:00,2025-09-02 07:51:12,Software,Software Installation,Low,Resolved,Portal,94.77,48,0,1
TKT-00181,11,11,2026-07-07 11:19:00,2026-07-09 10:55:36,Software,Software Installation,Medium,Resolved,Email,47.61,24,0,1
TKT-00182,103,1,2025-05-13 17:56:00,2025-05-13 21:18:48,Security,Suspicious Email,High,Closed,Phone,3.38,8,1,4
TKT-00183,71,10,2026-07-03 12:12:00,2026-07-03 19:33:36,Hardware,Battery/Power,Medium,Resolved,Portal,7.36,24,1,4
TKT-00184,53,6,2025-11-12 10:19:00,2025-11-12 19:04:00,Security,Malware Alert,Critical,Closed,Phone,8.75,4,0,1
TKT-00185,321,3,2026-05-15 07:36:00,2026-05-15 15:42:00,Hardware,Laptop Performance,Medium,Closed,Walk-up,8.10,24,1,5
TKT-00186,152,4,2026-05-18 13:15:00,2026-05-18 20:06:00,Software,Software Installation,Medium,Closed,Email,6.85,24,1,3
TKT-00187,7,10,2026-01-20 18:17:00,2026-01-21 08:54:12,Software,Application Access,Medium,Closed,Portal,14.62,24,1,3
TKT-00188,178,9,2026-03-30 15:33:00,2026-03-31 07:16:48,Software,Application Crash,High,Resolved,Portal,15.73,8,0,2
TKT-00189,276,7,2025-02-12 13:43:00,2025-02-12 15:52:00,Account Access,Password Reset,Medium,Resolved,Email,2.15,24,1,5
TKT-00190,314,2,2025-02-10 12:19:00,2025-02-10 15:29:48,Account Access,MFA Issue,High,Resolved,Email,3.18,8,1,3
TKT-00191,317,3,2025-10-20 14:08:00,2025-10-21 08:48:48,Account Access,Locked Account,High,Closed,Phone,18.68,8,0,2
TKT-00192,70,1,2026-01-02 13:48:00,2026-01-02 15:53:24,Printing,Print Queue Stuck,Medium,Resolved,Portal,2.09,24,1,4
TKT-00193,12,1,2026-07-31 16:41:00,2026-07-31 23:27:48,Hardware,Keyboard/Mouse,Critical,Resolved,Portal,6.78,4,0,3
TKT-00194,229,4,2026-04-16 12:13:00,2026-04-18 05:23:48,Account Access,MFA Issue,Medium,Closed,Phone,41.18,24,0,1
TKT-00195,387,7,2025-03-07 12:26:00,2025-03-07 13:32:00,Account Access,Password Reset,Medium,Resolved,Portal,1.10,24,1,3
TKT-00196,372,8,2025-04-07 18:40:00,2025-04-08 05:55:00,Security,Lost/Stolen Device,Medium,Resolved,Phone,11.25,24,1,5
TKT-00197,31,6,2025-09-03 15:27:00,2025-09-03 18:51:36,Account Access,Locked Account,Medium,Closed,Portal,3.41,24,1,4
TKT-00198,235,2,2026-02-26 12:42:00,2026-02-26 17:11:24,Network,VPN Connection,High,Resolved,Portal,4.49,8,1,5
TKT-00199,370,8,2026-04-20 14:08:00,2026-04-20 17:06:48,Account Access,Password Reset,Medium,Resolved,Phone,2.98,24,1,4
TKT-00200,106,6,2025-02-27 10:50:00,2025-02-28 11:14:00,Hardware,Laptop Performance,Low,Closed,Portal,24.40,48,1,3
TKT-00201,365,3,2025-12-29 08:09:00,2025-12-29 22:22:48,Network,Wi-Fi Connectivity,Medium,Resolved,Portal,14.23,24,1,5
TKT-00202,198,7,2025-09-22 17:10:00,2025-09-23 03:25:36,Security,Malware Alert,Medium,Resolved,Email,10.26,24,1,4
TKT-00203,78,6,2025-05-06 17:32:00,2025-05-08 02:08:36,Printing,Printer Permissions,Medium,Resolved,Portal,32.61,24,0,2
TKT-00204,459,12,2026-02-05 10:50:00,2026-02-05 12:34:24,Software,Application Crash,High,Resolved,Portal,1.74,8,1,4
TKT-00205,303,8,2025-06-19 08:10:00,2025-06-19 11:43:36,Account Access,Password Reset,Medium,Resolved,Phone,3.56,24,1,5
TKT-00206,269,8,2025-05-19 09:19:00,2025-05-21 10:38:12,Hardware,Laptop Won't Start,Medium,Resolved,Walk-up,49.32,24,0,2
TKT-00207,463,4,2026-02-12 10:33:00,2026-02-12 11:28:12,Software,Application Crash,Critical,Closed,Portal,0.92,4,1,5
TKT-00208,442,8,2025-10-16 13:42:00,2025-10-17 06:25:12,Software,Application Crash,Low,Resolved,Phone,16.72,48,1,4
TKT-00209,30,1,2025-04-22 10:22:00,2025-04-22 23:06:24,Printing,Print Queue Stuck,Medium,Closed,Portal,12.74,24,1,4
TKT-00210,164,5,2025-04-08 11:50:00,2025-04-10 09:44:36,Hardware,Docking Station,Medium,Resolved,Portal,45.91,24,0,2
TKT-00211,465,1,2025-10-29 08:08:00,2025-10-29 09:00:48,Account Access,Password Reset,High,Resolved,Email,0.88,8,1,5
TKT-00212,178,6,2025-04-16 14:39:00,2025-04-17 04:57:36,Security,Malware Alert,High,Resolved,Phone,14.31,8,0,2
TKT-00213,32,11,2025-06-19 13:16:00,2025-06-19 21:38:48,Printing,Printer Offline,Low,Closed,Portal,8.38,48,1,5
TKT-00214,101,12,2025-04-30 13:00:00,2025-05-01 01:45:36,Network,Wi-Fi Connectivity,Medium,Resolved,Portal,12.76,24,1,4
TKT-00215,87,10,2025-03-26 11:34:00,2025-03-26 17:35:12,Hardware,Docking Station,Medium,Closed,Email,6.02,24,1,5
TKT-00216,218,11,2025-02-19 15:53:00,2025-02-20 09:08:00,Network,Wi-Fi Connectivity,Medium,Resolved,Portal,17.25,24,1,5
TKT-00217,378,5,2025-09-29 07:44:00,2025-09-29 17:55:24,Software,Application Crash,Medium,Resolved,Phone,10.19,24,1,5
TKT-00218,400,11,2025-12-31 14:27:00,2025-12-31 16:25:12,Hardware,Keyboard/Mouse,High,Resolved,Phone,1.97,8,1,4
TKT-00219,191,12,2025-03-19 10:06:00,2025-03-21 02:47:24,Hardware,Docking Station,Low,Resolved,Phone,40.69,48,1,3
TKT-00220,418,11,2025-04-08 09:17:00,2025-04-08 10:20:36,Account Access,MFA Issue,High,Closed,Portal,1.06,8,1,4
TKT-00221,442,12,2025-12-02 10:51:00,2025-12-03 18:35:24,Software,Software Installation,Medium,Resolved,Portal,31.74,24,0,1
TKT-00222,420,2,2025-09-16 11:27:00,2025-09-16 19:39:36,Security,Lost/Stolen Device,Medium,Closed,Phone,8.21,24,1,5
TKT-00223,100,2,2025-01-24 13:46:00,2025-01-24 23:30:24,Printing,Printer Offline,Medium,Resolved,Phone,9.74,24,1,5
TKT-00224,15,7,2025-12-18 09:42:00,2025-12-19 07:23:24,Software,Application Access,Medium,Resolved,Email,21.69,24,1,5
TKT-00225,116,10,2025-09-22 14:19:00,2025-09-22 20:29:12,Hardware,Docking Station,High,Resolved,Portal,6.17,8,1,5
TKT-00226,271,1,2026-04-01 13:27:00,2026-04-02 03:25:48,Software,Software Installation,Medium,Resolved,Portal,13.98,24,1,5
TKT-00227,342,11,2025-12-15 19:34:00,2025-12-16 03:54:24,Hardware,Monitor Issue,Critical,Resolved,Email,8.34,4,0,4
TKT-00228,408,9,2026-02-25 17:42:00,2026-02-25 20:38:24,Security,Phishing Report,Medium,Resolved,Portal,2.94,24,1,3
TKT-00229,337,5,2025-03-04 16:55:00,2025-03-04 17:40:36,Account Access,Password Reset,High,Closed,Portal,0.76,8,1,4
TKT-00230,258,12,2026-02-16 08:06:00,2026-02-16 16:12:00,Account Access,MFA Issue,Medium,Closed,Portal,8.10,24,1,4
TKT-00231,415,7,2026-06-25 17:36:00,2026-06-25 21:12:36,Account Access,Locked Account,Medium,Resolved,Email,3.61,24,1,5
TKT-00232,347,5,2025-08-28 10:41:00,2025-08-28 20:38:36,Hardware,Laptop Won't Start,Medium,Resolved,Portal,9.96,24,1,4
TKT-00233,151,1,2026-01-07 09:14:00,2026-01-07 16:20:36,Network,No Internet Access,Medium,Resolved,Portal,7.11,24,1,5
TKT-00234,274,12,2025-09-04 16:27:00,2025-09-04 19:57:36,Network,Wi-Fi Connectivity,High,Resolved,Portal,3.51,8,1,5
TKT-00235,441,11,2025-03-21 13:16:00,2025-03-23 22:18:24,Network,VPN Connection,Medium,Resolved,Walk-up,57.04,24,0,2
TKT-00236,72,6,2026-06-29 16:43:00,2026-06-29 23:28:36,Network,DNS Resolution,Medium,Closed,Walk-up,6.76,24,1,3
TKT-00237,38,7,2026-06-25 16:37:00,2026-06-26 05:39:24,Account Access,Locked Account,Low,Resolved,Email,13.04,48,1,4
TKT-00238,64,5,2025-08-01 10:39:00,2025-08-03 13:51:00,Software,Browser Issue,Low,Resolved,Portal,51.20,48,0,4
TKT-00239,427,8,2025-09-10 13:23:00,2025-09-10 13:49:24,Account Access,Password Reset,High,Resolved,Portal,0.44,8,1,5
TKT-00240,172,11,2025-01-14 09:45:00,2025-01-14 17:08:24,Hardware,Keyboard/Mouse,Medium,Resolved,Email,7.39,24,1,5
TKT-00241,123,9,2026-02-25 17:54:00,2026-02-25 18:41:24,Security,Phishing Report,Critical,Resolved,Phone,0.79,4,1,5
TKT-00242,10,1,2025-04-21 12:30:00,2025-04-22 07:41:24,Network,Slow Network,Medium,Resolved,Portal,19.19,24,1,5
TKT-00243,495,8,2026-05-15 16:06:00,2026-05-15 17:36:00,Account Access,Password Reset,Medium,Resolved,Email,1.50,24,1,3
TKT-00244,19,3,2026-08-12 17:57:00,2026-08-12 23:03:36,Account Access,Password Reset,Medium,Resolved,Portal,5.11,24,1,5
TKT-00245,478,5,2026-08-07 10:37:00,2026-08-07 14:00:24,Software,Application Access,High,Resolved,Walk-up,3.39,8,1,5
TKT-00246,79,1,2026-06-19 08:01:00,2026-06-19 09:51:24,Security,Suspicious Email,High,Closed,Portal,1.84,8,1,4
TKT-00247,220,4,2026-08-10 18:15:00,2026-08-13 12:42:36,Network,VPN Connection,Medium,Resolved,Email,66.46,24,0,1
TKT-00248,449,10,2026-01-21 12:41:00,2026-01-22 07:15:48,Hardware,Laptop Performance,Low,Resolved,Email,18.58,48,1,5
TKT-00249,246,8,2025-01-24 10:36:00,2025-01-24 23:43:48,Account Access,MFA Issue,Medium,Resolved,Portal,13.13,24,1,5
TKT-00250,237,5,2026-07-16 18:18:00,2026-07-17 15:22:12,Software,Software Installation,Medium,Closed,Portal,21.07,24,1,5
TKT-00251,45,7,2025-07-28 11:44:00,2025-07-28 20:39:48,Software,Software Installation,Medium,Resolved,Portal,8.93,24,1,5
TKT-00252,395,5,2026-01-09 16:57:00,2026-01-09 19:39:36,Security,Phishing Report,Critical,Resolved,Email,2.71,4,1,4
TKT-00253,488,3,2025-10-20 07:09:00,2025-10-20 15:51:00,Network,Wi-Fi Connectivity,High,Resolved,Portal,8.70,8,0,4
TKT-00254,77,5,2026-03-19 07:06:00,2026-03-21 02:05:24,Account Access,MFA Issue,Medium,Resolved,Portal,42.99,24,0,1
TKT-00255,231,7,2026-01-23 10:04:00,2026-01-23 13:37:00,Hardware,Laptop Performance,High,Closed,Email,3.55,8,1,5
TKT-00256,58,2,2025-08-12 10:11:00,2025-08-12 20:04:24,Security,Unauthorized Access Concern,High,Resolved,Portal,9.89,8,0,1
TKT-00257,294,1,2026-03-27 11:03:00,2026-03-27 20:49:48,Software,Application Crash,High,Resolved,Portal,9.78,8,0,1
TKT-00258,173,10,2025-07-18 11:14:00,2025-07-19 01:42:48,Software,Microsoft 365 Issue,Medium,Resolved,Portal,14.48,24,1,5
TKT-00259,201,7,2025-01-30 13:21:00,2025-02-02 19:07:12,Hardware,Laptop Performance,Low,Resolved,Portal,77.77,48,0,1
TKT-00260,300,3,2026-08-24 08:21:00,2026-08-24 16:18:00,Account Access,Locked Account,Medium,Resolved,Portal,7.95,24,1,3
TKT-00261,406,2,2025-03-25 11:06:00,2025-03-25 21:49:12,Software,Microsoft 365 Issue,High,Resolved,Email,10.72,8,0,2
TKT-00262,3,6,2026-08-13 13:19:00,2026-08-13 20:31:00,Hardware,Laptop Won't Start,High,Resolved,Portal,7.20,8,1,4
TKT-00263,56,11,2026-05-19 13:55:00,2026-05-19 21:20:48,Software,Microsoft 365 Issue,Medium,Closed,Email,7.43,24,1,5
TKT-00264,195,4,2025-08-27 16:52:00,2025-08-27 18:56:48,Software,Microsoft 365 Issue,High,Closed,Phone,2.08,8,1,4
TKT-00265,173,3,2025-06-17 11:50:00,2025-06-17 12:30:48,Account Access,Password Reset,Medium,Closed,Phone,0.68,24,1,3
TKT-00266,433,11,2025-02-20 15:59:00,2025-02-22 13:05:36,Network,Wi-Fi Connectivity,Medium,Closed,Phone,45.11,24,0,2
TKT-00267,50,12,2025-10-13 11:57:00,2025-10-14 02:15:00,Software,Software Installation,Low,Resolved,Portal,14.30,48,1,5
TKT-00268,396,1,2025-11-19 14:57:00,2025-11-19 18:41:24,Account Access,Permissions Request,Low,Closed,Phone,3.74,48,1,3
TKT-00269,433,9,2026-04-21 10:46:00,2026-04-22 04:17:48,Network,VPN Connection,High,Resolved,Email,17.53,8,0,3
TKT-00270,176,4,2026-07-24 16:29:00,2026-07-25 03:51:48,Printing,Printer Offline,Low,Closed,Email,11.38,48,1,5
TKT-00271,279,1,2025-09-18 11:32:00,2025-09-19 04:03:12,Network,VPN Connection,High,Resolved,Portal,16.52,8,0,3
TKT-00272,292,2,2025-03-04 07:14:00,2025-03-04 14:36:12,Software,Software Installation,Medium,Resolved,Email,7.37,24,1,5
TKT-00273,77,8,2025-07-31 12:54:00,2025-07-31 19:25:48,Account Access,Locked Account,Low,Closed,Portal,6.53,48,1,5
TKT-00274,222,5,2025-05-30 16:46:00,2025-05-31 02:21:24,Software,Microsoft 365 Issue,Medium,Resolved,Portal,9.59,24,1,5
TKT-00275,421,2,2026-06-25 10:17:00,2026-06-25 15:48:48,Network,DNS Resolution,Medium,Resolved,Portal,5.53,24,1,4
TKT-00276,9,9,2026-01-22 14:28:00,2026-01-23 03:38:48,Hardware,Laptop Performance,Medium,Resolved,Phone,13.18,24,1,4
TKT-00277,393,5,2025-09-17 13:49:00,2025-09-18 12:19:36,Network,Wi-Fi Connectivity,Medium,Closed,Portal,22.51,24,1,4
TKT-00278,280,9,2026-01-29 15:30:00,2026-01-29 16:37:48,Software,Application Crash,High,Resolved,Portal,1.13,8,1,5
TKT-00279,131,5,2025-01-27 15:53:00,2025-01-28 03:29:00,Network,VPN Connection,High,Resolved,Walk-up,11.60,8,0,1
TKT-00280,295,4,2026-05-27 15:54:00,2026-05-28 15:07:12,Network,Slow Network,Medium,Resolved,Portal,23.22,24,1,5
TKT-00281,21,9,2025-10-01 08:53:00,2025-10-01 22:50:36,Hardware,Laptop Won't Start,Medium,Resolved,Email,13.96,24,1,4
TKT-00282,302,12,2025-10-16 10:04:00,2025-10-17 08:49:36,Network,VPN Connection,Medium,Resolved,Phone,22.76,24,1,5
TKT-00283,91,1,2025-01-27 17:25:00,2025-01-28 00:28:00,Account Access,Password Reset,Low,Closed,Portal,7.05,48,1,5
TKT-00284,69,7,2025-06-11 11:45:00,2025-06-11 16:24:36,Software,Application Access,High,Resolved,Portal,4.66,8,1,5
TKT-00285,304,12,2025-10-13 10:39:00,2025-10-14 21:42:00,Account Access,Password Reset,Medium,Resolved,Portal,35.05,24,0,3
TKT-00286,225,2,2025-07-24 14:32:00,2025-07-24 21:29:36,Network,Wi-Fi Connectivity,Medium,Resolved,Phone,6.96,24,1,5
TKT-00287,268,1,2025-04-17 13:11:00,2025-04-17 17:16:24,Account Access,MFA Issue,High,Resolved,Portal,4.09,8,1,4
TKT-00288,352,12,2026-02-16 07:07:00,2026-02-16 16:16:36,Network,Slow Network,Medium,Resolved,Portal,9.16,24,1,3
TKT-00289,492,3,2026-06-19 09:09:00,2026-06-19 11:10:12,Account Access,Password Reset,Medium,Resolved,Portal,2.02,24,1,5
TKT-00290,114,3,2025-10-27 10:25:00,2025-10-27 16:31:36,Hardware,Monitor Issue,Medium,Resolved,Portal,6.11,24,1,4
TKT-00291,324,2,2025-05-09 09:38:00,2025-05-11 13:10:24,Hardware,Laptop Performance,Medium,Closed,Phone,51.54,24,0,1
TKT-00292,407,10,2025-10-14 18:32:00,2025-10-15 06:29:36,Hardware,Keyboard/Mouse,Medium,Resolved,Email,11.96,24,1,4
TKT-00293,473,10,2026-08-21 13:21:00,2026-08-21 16:40:48,Account Access,MFA Issue,Medium,Resolved,Portal,3.33,24,1,3
TKT-00294,468,7,2025-10-24 12:17:00,2025-10-24 22:38:00,Account Access,Permissions Request,Low,Resolved,Email,10.35,48,1,5
TKT-00295,185,1,2025-08-12 12:53:00,2025-08-12 16:32:00,Account Access,MFA Issue,High,Resolved,Portal,3.65,8,1,5
TKT-00296,16,8,2025-11-25 13:02:00,2025-11-25 17:58:24,Printing,Printer Offline,Medium,Resolved,Email,4.94,24,1,5
TKT-00297,55,2,2026-03-24 12:13:00,2026-03-24 15:16:36,Software,Microsoft 365 Issue,High,Resolved,Portal,3.06,8,1,4
TKT-00298,386,6,2025-06-26 10:04:00,2025-06-26 18:10:00,Printing,Print Queue Stuck,Medium,Closed,Email,8.10,24,1,5
TKT-00299,134,3,2026-08-25 11:32:00,2026-08-25 17:28:24,Hardware,Keyboard/Mouse,High,Resolved,Portal,5.94,8,1,5
TKT-00300,109,2,2025-01-24 10:41:00,2025-01-24 15:08:36,Network,Wi-Fi Connectivity,High,Resolved,Phone,4.46,8,1,5
TKT-00301,463,4,2025-09-23 08:22:00,2025-09-23 11:07:00,Software,Microsoft 365 Issue,High,Resolved,Walk-up,2.75,8,1,4
TKT-00302,250,4,2026-02-06 08:42:00,2026-02-06 10:18:00,Security,Lost/Stolen Device,High,Resolved,Portal,1.60,8,1,5
TKT-00303,178,12,2025-09-29 08:48:00,2025-09-30 08:22:12,Hardware,Keyboard/Mouse,Medium,Resolved,Phone,23.57,24,1,4
TKT-00304,93,2,2025-01-21 17:48:00,2025-01-22 07:08:24,Hardware,Laptop Performance,Medium,Resolved,Phone,13.34,24,1,5
TKT-00305,176,12,2025-06-25 14:42:00,2025-06-25 19:04:12,Printing,Print Queue Stuck,Medium,Resolved,Walk-up,4.37,24,1,4
TKT-00306,472,12,2026-07-30 08:29:00,2026-07-30 11:10:24,Security,Suspicious Email,Critical,Resolved,Phone,2.69,4,1,4
TKT-00307,274,7,2025-11-06 11:45:00,2025-11-07 11:47:24,Hardware,Monitor Issue,Low,Resolved,Walk-up,24.04,48,1,4
TKT-00308,277,11,2025-02-05 15:08:00,2025-02-06 03:09:48,Security,Suspicious Email,High,Resolved,Portal,12.03,8,0,2
TKT-00309,425,2,2025-07-28 08:50:00,2025-07-30 13:57:12,Hardware,Laptop Performance,Medium,Resolved,Portal,53.12,24,0,2
TKT-00310,222,8,2026-03-06 14:33:00,2026-03-06 20:27:36,Account Access,Locked Account,High,Resolved,Portal,5.91,8,1,4
TKT-00311,415,5,2025-02-27 10:57:00,2025-02-28 20:16:48,Software,Application Crash,Medium,Resolved,Email,33.33,24,0,2
TKT-00312,78,6,2025-04-18 16:35:00,2025-04-19 00:53:36,Software,Software Installation,Medium,Resolved,Walk-up,8.31,24,1,3
TKT-00313,444,2,2026-04-02 10:29:00,2026-04-04 08:44:00,Software,Application Access,Medium,Resolved,Walk-up,46.25,24,0,3
TKT-00314,222,2,2025-08-19 12:49:00,2025-08-19 20:55:00,Software,Application Crash,Medium,Closed,Email,8.10,24,1,4
TKT-00315,144,7,2026-03-10 19:58:00,2026-03-10 23:00:24,Hardware,Docking Station,High,Resolved,Email,3.04,8,1,3
TKT-00316,195,6,2025-03-25 11:19:00,2025-03-26 17:35:12,Hardware,Docking Station,Low,Resolved,Portal,30.27,48,1,4
TKT-00317,345,2,2025-10-03 19:17:00,2025-10-03 22:41:36,Software,Software Installation,High,Resolved,Phone,3.41,8,1,4
TKT-00318,392,10,2025-03-13 13:32:00,2025-03-13 21:35:00,Security,Lost/Stolen Device,Medium,Resolved,Portal,8.05,24,1,4
TKT-00319,125,4,2025-12-25 09:13:00,2025-12-25 22:11:12,Network,DNS Resolution,High,Resolved,Email,12.97,8,0,3
TKT-00320,49,2,2026-06-05 13:18:00,2026-06-05 20:09:36,Hardware,Keyboard/Mouse,Medium,Resolved,Portal,6.86,24,1,5
TKT-00321,424,12,2026-05-13 13:22:00,2026-05-14 06:42:24,Network,DNS Resolution,High,Resolved,Phone,17.34,8,0,3
TKT-00322,379,2,2025-10-01 12:28:00,2025-10-02 01:30:24,Hardware,Monitor Issue,High,Resolved,Portal,13.04,8,0,2
TKT-00323,45,4,2026-06-03 09:15:00,2026-06-03 10:37:12,Account Access,Password Reset,High,Closed,Portal,1.37,8,1,5
TKT-00324,20,10,2026-06-19 07:24:00,2026-06-19 10:57:36,Software,Microsoft 365 Issue,Medium,Resolved,Email,3.56,24,1,4
TKT-00325,362,6,2025-06-25 18:41:00,2025-06-26 01:13:24,Printing,Driver Issue,Medium,Closed,Portal,6.54,24,1,4
TKT-00326,288,8,2026-05-14 10:43:00,2026-05-14 12:34:36,Network,Wi-Fi Connectivity,Critical,Resolved,Email,1.86,4,1,5
TKT-00327,256,9,2025-07-22 16:26:00,2025-07-23 08:01:24,Account Access,Password Reset,High,Resolved,Walk-up,15.59,8,0,3
TKT-00328,337,1,2025-05-21 13:45:00,2025-05-21 17:13:48,Account Access,Password Reset,Medium,Resolved,Email,3.48,24,1,4
TKT-00329,210,2,2025-02-27 12:14:00,2025-02-27 17:43:24,Account Access,Locked Account,Medium,Resolved,Portal,5.49,24,1,5
TKT-00330,69,2,2025-09-02 17:38:00,2025-09-02 21:49:24,Software,Browser Issue,High,Resolved,Email,4.19,8,1,4
TKT-00331,389,8,2025-03-07 07:20:00,2025-03-07 21:29:00,Account Access,Password Reset,High,Resolved,Portal,14.15,8,0,3
TKT-00332,38,4,2026-04-07 11:25:00,2026-04-08 09:13:36,Software,Application Access,Medium,Resolved,Email,21.81,24,1,4
TKT-00333,322,6,2026-03-19 11:12:00,2026-03-21 14:38:24,Hardware,Laptop Performance,Medium,Closed,Portal,51.44,24,0,3
TKT-00334,380,7,2025-08-05 10:22:00,2025-08-05 11:58:36,Account Access,Password Reset,Medium,Resolved,Portal,1.61,24,1,5
TKT-00335,243,12,2025-12-04 09:28:00,2025-12-06 00:59:12,Hardware,Monitor Issue,Medium,Resolved,Portal,39.52,24,0,2
TKT-00336,366,9,2026-06-08 12:59:00,2026-06-10 07:47:36,Network,VPN Connection,Medium,Closed,Portal,42.81,24,0,2
TKT-00337,319,7,2025-09-05 12:54:00,2025-09-06 07:07:12,Software,Microsoft 365 Issue,High,Resolved,Portal,18.22,8,0,2
TKT-00338,58,1,2025-05-08 16:30:00,2025-05-09 06:12:00,Software,Application Crash,Medium,Resolved,Email,13.70,24,1,4
TKT-00339,392,6,2025-09-03 13:16:00,2025-09-04 00:44:48,Software,Microsoft 365 Issue,High,Resolved,Portal,11.48,8,0,1
TKT-00340,28,3,2025-10-28 13:01:00,2025-10-28 14:54:24,Account Access,Locked Account,High,Resolved,Email,1.89,8,1,5
TKT-00341,167,6,2025-05-28 14:51:00,2025-05-28 19:54:36,Network,Wi-Fi Connectivity,High,Resolved,Portal,5.06,8,1,4
TKT-00342,454,6,2026-08-21 08:43:00,2026-08-21 12:35:12,Network,VPN Connection,High,Resolved,Walk-up,3.87,8,1,4
TKT-00343,371,9,2026-07-01 10:34:00,2026-07-01 13:00:24,Network,No Internet Access,High,Resolved,Phone,2.44,8,1,3
TKT-00344,100,6,2025-12-08 12:22:00,2025-12-09 03:34:36,Security,Malware Alert,Medium,Closed,Portal,15.21,24,1,4
TKT-00345,282,10,2025-10-27 10:08:00,2025-10-27 12:07:24,Account Access,Password Reset,Medium,Resolved,Email,1.99,24,1,5
TKT-00346,359,3,2025-04-08 13:16:00,2025-04-08 22:24:24,Account Access,Password Reset,Low,Closed,Portal,9.14,48,1,4
TKT-00347,290,2,2026-03-11 10:32:00,2026-03-12 04:45:48,Software,Application Access,High,Resolved,Email,18.23,8,0,1
TKT-00348,354,2,2025-12-22 12:26:00,2025-12-22 17:05:36,Security,Lost/Stolen Device,High,Closed,Walk-up,4.66,8,1,4
TKT-00349,172,11,2026-05-19 12:58:00,2026-05-21 07:05:48,Printing,Print Queue Stuck,Medium,Resolved,Email,42.13,24,0,4
TKT-00350,279,5,2025-12-30 15:12:00,2025-12-31 03:33:36,Security,Phishing Report,Medium,Resolved,Walk-up,12.36,24,1,4
TKT-00351,27,11,2025-08-08 17:03:00,2025-08-09 07:43:48,Hardware,Battery/Power,Medium,Resolved,Phone,14.68,24,1,4
TKT-00352,414,1,2025-04-15 09:00:00,2025-04-15 16:22:12,Network,No Internet Access,Medium,Closed,Email,7.37,24,1,5
TKT-00353,363,7,2026-02-04 10:34:00,2026-02-04 15:27:24,Security,Suspicious Email,High,Resolved,Walk-up,4.89,8,1,5
TKT-00354,213,4,2025-12-01 15:17:00,2025-12-01 23:47:36,Printing,Printer Offline,Medium,Closed,Portal,8.51,24,1,5
TKT-00355,235,12,2025-07-21 18:56:00,2025-07-23 00:30:48,Network,No Internet Access,Medium,Resolved,Phone,29.58,24,0,2
TKT-00356,141,2,2026-01-08 08:04:00,2026-01-08 10:00:24,Account Access,MFA Issue,Medium,Resolved,Email,1.94,24,1,4
TKT-00357,140,7,2026-05-12 11:50:00,2026-05-12 14:06:12,Network,Wi-Fi Connectivity,High,Closed,Phone,2.27,8,1,4
TKT-00358,136,1,2025-11-11 13:13:00,2025-11-11 21:19:00,Security,Malware Alert,Medium,Closed,Portal,8.10,24,1,4
TKT-00359,274,1,2025-05-06 10:59:00,2025-05-06 18:15:48,Software,Software Installation,High,Resolved,Portal,7.28,8,1,4
TKT-00360,409,2,2025-12-16 08:33:00,2025-12-18 17:30:00,Account Access,Password Reset,Low,Closed,Phone,56.95,48,0,2
TKT-00361,134,10,2026-04-22 12:58:00,2026-04-22 18:43:36,Security,Suspicious Email,Medium,Resolved,Portal,5.76,24,1,5
TKT-00362,494,12,2026-07-09 12:56:00,2026-07-09 22:45:12,Printing,Printer Offline,Medium,Resolved,Walk-up,9.82,24,1,4
TKT-00363,259,1,2025-10-28 15:25:00,2025-10-29 16:46:00,Software,Application Access,Medium,Resolved,Portal,25.35,24,0,4
TKT-00364,237,10,2025-05-29 14:48:00,2025-05-29 16:22:12,Account Access,Password Reset,High,Resolved,Phone,1.57,8,1,4
TKT-00365,292,8,2025-05-05 15:38:00,2025-05-05 20:29:00,Software,Browser Issue,Medium,Resolved,Phone,4.85,24,1,4
TKT-00366,365,2,2026-05-19 10:39:00,2026-05-19 14:28:12,Network,Wi-Fi Connectivity,High,Resolved,Portal,3.82,8,1,4
TKT-00367,286,10,2026-04-21 09:12:00,2026-04-21 15:54:36,Network,VPN Connection,Medium,Closed,Portal,6.71,24,1,4
TKT-00368,473,9,2025-03-21 07:30:00,2025-03-22 13:46:48,Network,VPN Connection,Low,Resolved,Portal,30.28,48,1,3
TKT-00369,185,4,2025-03-21 19:02:00,2025-03-22 04:53:00,Printing,Driver Issue,High,Closed,Portal,9.85,8,0,2
TKT-00370,384,6,2025-06-05 10:33:00,2025-06-05 23:50:24,Account Access,MFA Issue,Medium,Resolved,Portal,13.29,24,1,4
TKT-00371,500,11,2026-01-30 13:13:00,2026-01-30 20:59:12,Network,VPN Connection,High,Resolved,Portal,7.77,8,1,5
TKT-00372,348,11,2025-12-26 08:50:00,2025-12-26 14:41:36,Printing,Driver Issue,Medium,Closed,Portal,5.86,24,1,5
TKT-00373,419,5,2026-04-22 13:55:00,2026-04-23 20:01:00,Printing,Driver Issue,Low,Resolved,Walk-up,30.10,48,1,5
TKT-00374,187,4,2025-04-11 08:42:00,2025-04-11 09:21:00,Account Access,Password Reset,High,Resolved,Portal,0.65,8,1,5
TKT-00375,447,6,2026-07-23 14:46:00,2026-07-24 06:08:12,Hardware,Laptop Performance,Medium,Closed,Email,15.37,24,1,5
TKT-00376,31,7,2025-12-19 14:14:00,2025-12-20 09:01:24,Network,Wi-Fi Connectivity,Medium,Resolved,Email,18.79,24,1,5
TKT-00377,325,3,2025-03-24 15:44:00,2025-03-24 23:14:36,Hardware,Docking Station,Medium,Resolved,Email,7.51,24,1,5
TKT-00378,31,10,2025-02-28 13:52:00,2025-03-01 02:06:24,Account Access,Password Reset,High,Resolved,Portal,12.24,8,0,2
TKT-00379,86,11,2025-11-19 13:40:00,2025-11-19 20:19:36,Software,Browser Issue,High,Resolved,Phone,6.66,8,1,4
TKT-00380,43,10,2026-08-03 16:39:00,2026-08-03 23:04:12,Account Access,Permissions Request,Medium,Closed,Email,6.42,24,1,5
TKT-00381,293,3,2025-12-12 13:58:00,2025-12-13 04:59:12,Network,VPN Connection,Medium,Resolved,Portal,15.02,24,1,5
TKT-00382,350,3,2025-06-26 15:54:00,2025-06-27 00:49:48,Network,VPN Connection,High,Resolved,Portal,8.93,8,0,2
TKT-00383,21,10,2026-03-19 13:22:00,2026-03-20 02:34:00,Printing,Driver Issue,Low,Resolved,Email,13.20,48,1,4
TKT-00384,327,11,2025-05-21 17:45:00,2025-05-22 20:39:00,Software,Application Access,Low,Resolved,Portal,26.90,48,1,4
TKT-00385,206,11,2026-02-11 17:11:00,2026-02-13 10:32:00,Printing,Print Queue Stuck,Medium,Resolved,Email,41.35,24,0,1
TKT-00386,393,7,2025-01-20 11:24:00,2025-01-20 17:53:24,Printing,Driver Issue,Medium,Resolved,Portal,6.49,24,1,4
TKT-00387,282,5,2026-02-16 12:53:00,2026-02-16 19:05:00,Software,Application Crash,High,Resolved,Portal,6.20,8,1,5
TKT-00388,315,9,2026-08-26 11:57:00,2026-08-26 18:33:36,Account Access,Locked Account,Low,Resolved,Portal,6.61,48,1,5
TKT-00389,323,2,2026-04-10 17:53:00,2026-04-11 06:31:24,Hardware,Keyboard/Mouse,Medium,Closed,Portal,12.64,24,1,5
TKT-00390,394,12,2025-10-27 16:43:00,2025-10-28 01:56:48,Printing,Driver Issue,Low,Resolved,Phone,9.23,48,1,5
TKT-00391,42,4,2025-03-26 15:24:00,2025-03-27 05:37:48,Account Access,Locked Account,High,Resolved,Portal,14.23,8,0,4
TKT-00392,134,6,2025-05-16 12:04:00,2025-05-16 13:37:36,Software,Application Crash,High,Resolved,Portal,1.56,8,1,5
TKT-00393,145,2,2025-02-27 08:10:00,2025-02-27 12:16:36,Hardware,Monitor Issue,High,Resolved,Phone,4.11,8,1,4
TKT-00394,408,10,2025-09-18 14:29:00,2025-09-18 18:38:00,Hardware,Battery/Power,High,Resolved,Phone,4.15,8,1,5
TKT-00395,120,2,2026-04-20 12:48:00,2026-04-20 15:54:00,Printing,Driver Issue,Medium,Resolved,Portal,3.10,24,1,5
TKT-00396,409,8,2025-11-25 14:14:00,2025-11-25 17:35:00,Security,Unauthorized Access Concern,High,Closed,Portal,3.35,8,1,5
TKT-00397,388,10,2025-01-20 15:15:00,2025-01-21 00:22:48,Account Access,Password Reset,Medium,Resolved,Portal,9.13,24,1,4
TKT-00398,318,8,2025-10-24 07:31:00,2025-10-25 13:22:36,Hardware,Laptop Performance,Medium,Resolved,Phone,29.86,24,0,4
TKT-00399,85,5,2026-02-27 12:07:00,2026-03-03 14:49:36,Software,Microsoft 365 Issue,Low,Closed,Phone,98.71,48,0,3
TKT-00400,106,5,2025-12-30 08:13:00,2025-12-30 16:41:12,Network,Wi-Fi Connectivity,Medium,Resolved,Walk-up,8.47,24,1,4
TKT-00401,101,6,2025-01-24 15:01:00,2025-01-24 16:44:12,Security,Suspicious Email,High,Resolved,Walk-up,1.72,8,1,4
TKT-00402,345,5,2025-12-02 10:12:00,2025-12-06 16:35:24,Hardware,Laptop Performance,Low,Resolved,Email,102.39,48,0,2
TKT-00403,383,12,2026-08-04 15:17:00,2026-08-06 09:18:48,Hardware,Docking Station,Medium,Resolved,Email,42.03,24,0,1
TKT-00404,257,4,2025-07-11 16:39:00,2025-07-12 02:03:36,Network,No Internet Access,Critical,Resolved,Phone,9.41,4,0,4
TKT-00405,83,8,2026-05-19 10:56:00,2026-05-19 22:45:48,Hardware,Laptop Performance,Medium,Resolved,Email,11.83,24,1,5
TKT-00406,196,7,2026-06-02 08:25:00,2026-06-02 15:47:12,Printing,Printer Offline,Low,Resolved,Walk-up,7.37,48,1,5
TKT-00407,220,1,2026-06-15 16:01:00,2026-06-16 19:47:48,Network,No Internet Access,Medium,Resolved,Portal,27.78,24,0,4
TKT-00408,75,4,2026-06-19 11:44:00,2026-06-19 13:35:00,Software,Software Installation,High,Closed,Portal,1.85,8,1,4
TKT-00409,471,1,2025-09-04 18:57:00,2025-09-05 02:05:24,Software,Software Installation,High,Resolved,Portal,7.14,8,1,5
TKT-00410,473,2,2025-12-25 10:20:00,2025-12-28 18:50:00,Software,Application Crash,Medium,Closed,Email,80.50,24,0,2
TKT-00411,219,9,2026-05-29 09:52:00,2026-05-30 01:49:36,Printing,Printer Permissions,Low,Closed,Portal,15.96,48,1,5
TKT-00412,276,1,2025-11-25 19:34:00,2025-11-26 13:50:48,Printing,Print Queue Stuck,Medium,Resolved,Email,18.28,24,1,4
TKT-00413,32,1,2025-05-30 10:21:00,2025-05-30 22:48:00,Software,Software Installation,Medium,Resolved,Walk-up,12.45,24,1,5
TKT-00414,22,1,2025-06-26 12:54:00,2025-06-27 05:10:12,Network,VPN Connection,High,Resolved,Email,16.27,8,0,3
TKT-00415,277,8,2025-10-02 09:39:00,2025-10-03 12:38:24,Hardware,Laptop Won't Start,Medium,Resolved,Portal,26.99,24,0,1
TKT-00416,233,2,2025-09-09 15:48:00,2025-09-10 06:03:36,Software,Application Crash,Medium,Resolved,Phone,14.26,24,1,4
TKT-00417,450,10,2025-10-27 15:14:00,2025-10-29 15:21:48,Network,Wi-Fi Connectivity,Low,Closed,Portal,48.13,48,0,1
TKT-00418,369,1,2026-04-10 14:35:00,2026-04-11 22:38:36,Security,Unauthorized Access Concern,Low,Resolved,Phone,32.06,48,1,5
TKT-00419,474,12,2025-05-19 14:33:00,2025-05-20 17:13:48,Network,VPN Connection,Medium,Resolved,Portal,26.68,24,0,3
TKT-00420,64,8,2025-11-25 11:02:00,2025-11-25 17:05:00,Network,VPN Connection,High,Resolved,Email,6.05,8,1,5
TKT-00421,331,10,2025-03-19 17:54:00,2025-03-20 00:29:24,Account Access,Locked Account,Medium,Resolved,Portal,6.59,24,1,5
TKT-00422,187,9,2025-04-18 10:04:00,2025-04-18 20:45:24,Software,Application Access,Medium,Resolved,Email,10.69,24,1,4
TKT-00423,15,4,2025-06-03 16:41:00,2025-06-03 21:13:24,Account Access,Permissions Request,High,Resolved,Portal,4.54,8,1,5
TKT-00424,208,1,2026-01-01 09:55:00,2026-01-01 11:25:36,Printing,Driver Issue,High,Resolved,Portal,1.51,8,1,5
TKT-00425,12,4,2026-01-21 14:39:00,2026-01-21 19:54:36,Account Access,Password Reset,Medium,Resolved,Phone,5.26,24,1,5
TKT-00426,153,11,2025-01-16 15:21:00,2025-01-17 14:37:12,Network,VPN Connection,Medium,Resolved,Phone,23.27,24,1,4
TKT-00427,419,12,2025-07-11 09:50:00,2025-07-11 10:19:24,Account Access,Password Reset,High,Closed,Portal,0.49,8,1,5
TKT-00428,284,3,2025-07-31 10:09:00,2025-08-02 15:24:00,Network,VPN Connection,Medium,Closed,Email,53.25,24,0,2
TKT-00429,496,10,2026-08-24 09:16:00,2026-08-24 10:41:48,Hardware,Monitor Issue,Critical,Resolved,Email,1.43,4,1,5
TKT-00430,283,8,2026-08-11 12:46:00,2026-08-12 08:38:12,Account Access,Password Reset,Low,Resolved,Walk-up,19.87,48,1,4
TKT-00431,339,12,2025-12-18 12:47:00,2025-12-19 05:06:48,Network,Wi-Fi Connectivity,Low,Resolved,Email,16.33,48,1,4
TKT-00432,125,5,2025-02-06 09:38:00,2025-02-07 08:38:00,Account Access,Password Reset,Low,Resolved,Portal,23.00,48,1,5
TKT-00433,19,8,2025-05-07 13:30:00,2025-05-07 20:34:48,Security,Phishing Report,High,Closed,Portal,7.08,8,1,4
TKT-00434,172,5,2025-05-23 18:05:00,2025-05-25 19:56:36,Account Access,Password Reset,Medium,Resolved,Email,49.86,24,0,1
TKT-00435,136,6,2025-08-08 12:07:00,2025-08-08 15:47:12,Account Access,Permissions Request,Medium,Resolved,Email,3.67,24,1,4
TKT-00436,398,6,2026-08-21 08:45:00,2026-08-21 11:39:36,Hardware,Battery/Power,Critical,Resolved,Phone,2.91,4,1,4
TKT-00437,60,2,2025-10-03 09:34:00,2025-10-03 21:22:36,Network,VPN Connection,High,Resolved,Portal,11.81,8,0,1
TKT-00438,216,1,2025-09-08 11:41:00,2025-09-08 17:13:24,Printing,Printer Offline,Medium,Closed,Portal,5.54,24,1,5
TKT-00439,169,2,2025-12-29 19:58:00,2026-01-02 00:35:48,Account Access,Locked Account,Low,Resolved,Phone,76.63,48,0,4
TKT-00440,414,4,2025-08-29 11:40:00,2025-08-29 18:29:12,Security,Suspicious Email,Medium,Resolved,Phone,6.82,24,1,5
TKT-00441,394,2,2025-02-07 11:37:00,2025-02-07 13:20:48,Account Access,Password Reset,Medium,Resolved,Portal,1.73,24,1,3
TKT-00442,75,9,2025-05-14 14:33:00,2025-05-14 21:09:00,Printing,Printer Offline,High,Resolved,Phone,6.60,8,1,3
TKT-00443,248,4,2025-06-09 17:06:00,2025-06-10 01:55:12,Account Access,Password Reset,High,Resolved,Portal,8.82,8,0,1
TKT-00444,244,9,2025-03-20 09:00:00,2025-03-20 11:25:48,Network,Slow Network,High,Resolved,Email,2.43,8,1,4
TKT-00445,267,5,2026-02-04 16:07:00,2026-02-06 00:00:24,Account Access,Password Reset,Medium,Resolved,Portal,31.89,24,0,2
TKT-00446,383,4,2025-03-27 14:28:00,2025-03-27 18:54:24,Software,Microsoft 365 Issue,High,Resolved,Portal,4.44,8,1,5
TKT-00447,89,2,2026-02-24 07:37:00,2026-02-24 17:03:24,Security,Malware Alert,Medium,Closed,Portal,9.44,24,1,4
TKT-00448,127,6,2025-05-27 08:34:00,2025-05-27 23:47:12,Software,Microsoft 365 Issue,High,Resolved,Email,15.22,8,0,3
TKT-00449,244,5,2026-01-15 19:10:00,2026-01-15 20:55:36,Account Access,MFA Issue,High,Resolved,Portal,1.76,8,1,5
TKT-00450,96,4,2026-05-28 17:23:00,2026-05-28 19:48:48,Software,Browser Issue,High,Resolved,Email,2.43,8,1,4
TKT-00451,418,4,2025-06-12 14:01:00,2025-06-12 16:16:36,Security,Phishing Report,High,Resolved,Portal,2.26,8,1,5
TKT-00452,99,6,2025-02-17 16:04:00,2025-02-18 01:18:24,Software,Microsoft 365 Issue,Medium,Resolved,Walk-up,9.24,24,1,5
TKT-00453,186,3,2026-03-11 13:33:00,2026-03-13 01:56:24,Network,VPN Connection,Medium,Resolved,Portal,36.39,24,0,3
TKT-00454,75,12,2025-03-31 14:11:00,2025-04-01 21:26:00,Account Access,MFA Issue,Medium,Resolved,Walk-up,31.25,24,0,1
TKT-00455,362,11,2025-12-23 10:54:00,2025-12-23 12:36:00,Printing,Driver Issue,Medium,Resolved,Portal,1.70,24,1,4
TKT-00456,437,4,2026-02-27 18:19:00,2026-03-01 18:22:00,Hardware,Docking Station,Medium,Closed,Portal,48.05,24,0,2
TKT-00457,331,8,2025-12-12 17:49:00,2025-12-15 02:56:48,Software,Application Crash,Medium,Resolved,Phone,57.13,24,0,1
TKT-00458,277,6,2025-12-18 16:32:00,2025-12-18 20:59:36,Software,Browser Issue,High,Resolved,Phone,4.46,8,1,5
TKT-00459,274,2,2026-03-24 10:29:00,2026-03-24 23:35:00,Software,Application Crash,Low,Resolved,Portal,13.10,48,1,5
TKT-00460,62,5,2025-02-18 09:14:00,2025-02-18 20:06:12,Network,VPN Connection,High,Resolved,Portal,10.87,8,0,2
TKT-00461,356,5,2025-09-10 16:30:00,2025-09-10 19:04:48,Account Access,MFA Issue,High,Resolved,Email,2.58,8,1,5
TKT-00462,403,1,2025-12-17 09:37:00,2025-12-19 16:53:12,Hardware,Docking Station,Medium,Resolved,Portal,55.27,24,0,3
TKT-00463,432,3,2025-07-15 10:36:00,2025-07-15 18:40:12,Account Access,MFA Issue,Medium,Resolved,Portal,8.07,24,1,5
TKT-00464,175,12,2025-01-03 13:12:00,2025-01-03 22:36:36,Hardware,Laptop Won't Start,High,Closed,Phone,9.41,8,0,3
TKT-00465,337,11,2025-12-01 14:17:00,2025-12-01 21:17:36,Printing,Driver Issue,Medium,Closed,Email,7.01,24,1,5
TKT-00466,296,5,2026-06-05 11:21:00,2026-06-05 14:46:12,Account Access,MFA Issue,Low,Resolved,Portal,3.42,48,1,5
TKT-00467,167,7,2026-05-13 13:17:00,2026-05-15 07:39:48,Account Access,Locked Account,Medium,Resolved,Portal,42.38,24,0,2
TKT-00468,389,6,2026-01-20 12:27:00,2026-01-20 19:57:36,Software,Application Crash,High,Resolved,Portal,7.51,8,1,4
TKT-00469,146,5,2026-04-24 13:43:00,2026-04-25 16:55:00,Hardware,Laptop Won't Start,Medium,Closed,Portal,27.20,24,0,2
TKT-00470,98,1,2025-08-28 12:15:00,2025-08-29 22:09:36,Software,Software Installation,Medium,Resolved,Phone,33.91,24,0,2
TKT-00471,346,4,2026-03-23 15:43:00,2026-03-23 21:00:24,Network,No Internet Access,High,Closed,Phone,5.29,8,1,4
TKT-00472,177,11,2025-03-05 19:13:00,2025-03-05 20:49:00,Account Access,Password Reset,Medium,Resolved,Phone,1.60,24,1,4
TKT-00473,182,6,2025-01-09 13:02:00,2025-01-11 13:05:00,Account Access,Password Reset,Medium,Resolved,Walk-up,48.05,24,0,3
TKT-00474,313,7,2025-03-05 11:32:00,2025-03-05 17:54:12,Security,Suspicious Email,High,Resolved,Email,6.37,8,1,5
TKT-00475,374,6,2025-07-02 13:20:00,2025-07-03 04:08:00,Account Access,Permissions Request,High,Resolved,Phone,14.80,8,0,1
TKT-00476,422,10,2025-04-07 15:35:00,2025-04-08 03:26:00,Network,Slow Network,High,Closed,Walk-up,11.85,8,0,4
TKT-00477,161,11,2025-03-07 13:17:00,2025-03-07 15:59:00,Hardware,Laptop Performance,High,Closed,Portal,2.70,8,1,3
TKT-00478,297,5,2026-06-12 17:52:00,2026-06-12 20:49:36,Hardware,Laptop Performance,High,Resolved,Portal,2.96,8,1,3
TKT-00479,36,3,2026-06-17 09:46:00,2026-06-17 15:43:00,Hardware,Monitor Issue,Medium,Resolved,Email,5.95,24,1,4
TKT-00480,56,6,2026-07-14 10:31:00,2026-07-14 17:31:00,Software,Application Crash,Medium,Resolved,Phone,7.00,24,1,4
TKT-00481,481,2,2026-04-08 17:50:00,2026-04-08 19:37:24,Account Access,MFA Issue,High,Resolved,Portal,1.79,8,1,5
TKT-00482,199,8,2025-08-12 12:42:00,2025-08-12 14:48:36,Account Access,Password Reset,High,Resolved,Portal,2.11,8,1,4
TKT-00483,53,4,2026-05-29 16:33:00,2026-05-29 23:58:12,Software,Microsoft 365 Issue,Medium,Resolved,Portal,7.42,24,1,4
TKT-00484,102,6,2025-11-10 13:43:00,2025-11-10 15:08:48,Account Access,Locked Account,High,Resolved,Portal,1.43,8,1,4
TKT-00485,233,9,2025-03-14 12:14:00,2025-03-14 16:21:12,Account Access,Password Reset,Medium,Resolved,Email,4.12,24,1,4
TKT-00486,361,7,2025-07-29 15:05:00,2025-07-30 03:06:12,Software,Application Crash,Medium,Resolved,Portal,12.02,24,1,4
TKT-00487,233,1,2025-08-29 16:54:00,2025-08-30 02:02:24,Printing,Print Queue Stuck,Medium,Resolved,Email,9.14,24,1,5
TKT-00488,16,6,2025-04-22 14:34:00,2025-04-22 20:23:12,Security,Phishing Report,Medium,Resolved,Portal,5.82,24,1,4
TKT-00489,112,10,2026-01-08 14:41:00,2026-01-08 19:04:24,Software,Microsoft 365 Issue,High,Resolved,Portal,4.39,8,1,4
TKT-00490,12,4,2026-06-29 10:58:00,2026-06-29 15:51:24,Security,Malware Alert,High,Closed,Phone,4.89,8,1,5
TKT-00491,184,5,2026-02-03 12:15:00,2026-02-03 14:40:12,Hardware,Laptop Won't Start,High,Resolved,Portal,2.42,8,1,5
TKT-00492,430,6,2025-10-23 08:43:00,2025-10-23 15:43:36,Network,Slow Network,High,Resolved,Walk-up,7.01,8,1,4
TKT-00493,58,6,2025-04-18 16:46:00,2025-04-18 17:50:48,Account Access,Password Reset,Medium,Resolved,Portal,1.08,24,1,4
TKT-00494,171,3,2026-04-06 16:56:00,2026-04-07 06:11:00,Hardware,Laptop Won't Start,High,Resolved,Phone,13.25,8,0,2
TKT-00495,467,9,2026-08-18 14:25:00,2026-08-18 16:21:24,Account Access,Password Reset,Medium,Closed,Portal,1.94,24,1,4
TKT-00496,198,9,2026-07-01 12:59:00,2026-07-01 16:36:12,Printing,Printer Offline,Medium,Closed,Portal,3.62,24,1,5
TKT-00497,327,6,2026-07-07 16:35:00,2026-07-10 04:21:48,Network,Wi-Fi Connectivity,Low,Resolved,Phone,59.78,48,0,2
TKT-00498,370,3,2025-04-15 15:25:00,2025-04-15 17:25:36,Account Access,Permissions Request,Critical,Resolved,Portal,2.01,4,1,4
TKT-00499,40,1,2025-03-25 13:54:00,2025-03-27 23:19:12,Network,Wi-Fi Connectivity,Medium,Resolved,Walk-up,57.42,24,0,1
TKT-00500,50,6,2025-05-06 14:58:00,2025-05-07 05:47:48,Software,Application Crash,Medium,Resolved,Portal,14.83,24,1,5
TKT-00501,200,8,2025-11-04 13:28:00,2025-11-04 19:06:24,Security,Lost/Stolen Device,High,Resolved,Walk-up,5.64,8,1,4
TKT-00502,360,4,2025-10-16 07:30:00,2025-10-16 09:00:36,Network,Wi-Fi Connectivity,High,Resolved,Email,1.51,8,1,4
TKT-00503,133,11,2025-08-15 13:18:00,2025-08-16 11:43:12,Network,No Internet Access,Medium,Resolved,Portal,22.42,24,1,5
TKT-00504,216,10,2026-01-14 17:28:00,2026-01-14 20:49:00,Security,Suspicious Email,Critical,Resolved,Portal,3.35,4,1,5
TKT-00505,40,2,2025-07-23 17:50:00,2025-07-24 13:19:24,Account Access,Permissions Request,Low,Resolved,Portal,19.49,48,1,4
TKT-00506,215,1,2025-10-28 09:37:00,2025-10-28 10:45:24,Account Access,Password Reset,Medium,Resolved,Phone,1.14,24,1,5
TKT-00507,66,7,2025-01-15 13:41:00,2025-01-16 00:00:48,Hardware,Docking Station,High,Closed,Portal,10.33,8,0,1
TKT-00508,50,4,2025-01-27 16:56:00,2025-01-27 23:12:12,Network,Wi-Fi Connectivity,High,Resolved,Email,6.27,8,1,4
TKT-00509,328,4,2026-05-15 09:19:00,2026-05-15 18:49:00,Software,Application Access,Medium,Resolved,Portal,9.50,24,1,5
TKT-00510,27,11,2025-03-25 13:55:00,2025-03-26 20:28:36,Network,No Internet Access,Medium,Resolved,Email,30.56,24,0,4
TKT-00511,363,8,2026-05-06 13:58:00,2026-05-06 16:00:24,Software,Software Installation,Medium,Resolved,Portal,2.04,24,1,4
TKT-00512,479,9,2025-11-05 16:46:00,2025-11-06 00:57:24,Account Access,Password Reset,Low,Resolved,Portal,8.19,48,1,5
TKT-00513,21,6,2025-04-30 17:21:00,2025-05-01 11:22:48,Software,Software Installation,Medium,Resolved,Phone,18.03,24,1,4
TKT-00514,14,1,2025-03-12 09:18:00,2025-03-12 12:09:36,Account Access,MFA Issue,Medium,Resolved,Portal,2.86,24,1,3
TKT-00515,327,4,2025-10-27 12:27:00,2025-10-27 15:43:48,Security,Suspicious Email,High,Closed,Portal,3.28,8,1,3
TKT-00516,126,10,2025-03-14 13:05:00,2025-03-14 22:58:24,Account Access,Password Reset,High,Resolved,Phone,9.89,8,0,4
TKT-00517,486,7,2025-12-11 13:05:00,2025-12-11 19:21:48,Network,Wi-Fi Connectivity,High,Resolved,Portal,6.28,8,1,5
TKT-00518,45,1,2026-02-12 17:02:00,2026-02-12 23:12:48,Account Access,Password Reset,Low,Resolved,Walk-up,6.18,48,1,5
TKT-00519,15,2,2026-07-27 09:35:00,2026-07-27 13:24:12,Software,Software Installation,Medium,Closed,Walk-up,3.82,24,1,4
TKT-00520,135,11,2026-01-20 18:01:00,2026-01-21 12:04:00,Network,VPN Connection,High,Closed,Portal,18.05,8,0,4
TKT-00521,117,5,2026-06-04 08:57:00,2026-06-04 18:03:00,Network,Wi-Fi Connectivity,Medium,Resolved,Portal,9.10,24,1,5
TKT-00522,13,1,2025-04-03 09:32:00,2025-04-04 13:03:12,Software,Application Crash,Medium,Resolved,Portal,27.52,24,0,2
TKT-00523,356,4,2025-01-10 11:43:00,2025-01-10 19:56:48,Printing,Printer Permissions,Medium,Resolved,Email,8.23,24,1,5
TKT-00524,266,6,2025-06-25 17:02:00,2025-06-25 22:16:24,Software,Microsoft 365 Issue,Medium,Resolved,Email,5.24,24,1,4
TKT-00525,236,8,2026-04-17 09:27:00,2026-04-17 12:19:12,Network,No Internet Access,High,Resolved,Phone,2.87,8,1,3
TKT-00526,17,7,2026-07-10 15:01:00,2026-07-10 20:18:24,Network,No Internet Access,Critical,Resolved,Portal,5.29,4,0,1
TKT-00527,53,8,2026-02-24 14:25:00,2026-02-25 14:02:48,Network,VPN Connection,Medium,Resolved,Portal,23.63,24,1,5
TKT-00528,487,4,2026-06-23 12:35:00,2026-06-24 03:35:00,Network,No Internet Access,Medium,Resolved,Email,15.00,24,1,4
TKT-00529,423,10,2026-04-17 11:52:00,2026-04-17 15:19:36,Network,No Internet Access,High,Closed,Email,3.46,8,1,4
TKT-00530,303,3,2025-09-09 12:36:00,2025-09-11 00:54:00,Software,Microsoft 365 Issue,Medium,Closed,Portal,36.30,24,0,4
TKT-00531,268,11,2025-02-10 10:26:00,2025-02-10 11:24:48,Software,Browser Issue,Critical,Resolved,Portal,0.98,4,1,3
TKT-00532,315,6,2025-12-30 15:36:00,2025-12-31 04:16:12,Hardware,Laptop Performance,High,Resolved,Email,12.67,8,0,1
TKT-00533,171,2,2026-05-28 11:48:00,2026-05-29 17:09:36,Account Access,MFA Issue,Medium,Resolved,Email,29.36,24,0,4
TKT-00534,56,9,2025-09-01 16:56:00,2025-09-01 18:41:00,Account Access,Permissions Request,Critical,Resolved,Portal,1.75,4,1,4
TKT-00535,28,5,2025-10-27 17:29:00,2025-10-27 19:08:00,Security,Unauthorized Access Concern,Critical,Closed,Email,1.65,4,1,5
TKT-00536,56,7,2025-04-24 11:25:00,2025-04-25 02:10:00,Account Access,Permissions Request,Medium,Resolved,Email,14.75,24,1,5
TKT-00537,51,5,2025-02-13 14:26:00,2025-02-13 15:47:36,Account Access,Password Reset,Medium,Resolved,Portal,1.36,24,1,4
TKT-00538,396,2,2025-04-01 11:38:00,2025-04-01 13:47:36,Account Access,Password Reset,Medium,Closed,Email,2.16,24,1,5
TKT-00539,400,5,2026-08-13 16:33:00,2026-08-13 23:45:00,Network,Slow Network,High,Closed,Portal,7.20,8,1,3
TKT-00540,496,11,2025-01-28 14:22:00,2025-01-29 18:50:12,Hardware,Docking Station,Medium,Resolved,Email,28.47,24,0,2
TKT-00541,335,5,2026-07-13 10:19:00,2026-07-13 12:28:36,Account Access,MFA Issue,High,Resolved,Phone,2.16,8,1,4
TKT-00542,45,11,2025-02-13 17:00:00,2025-02-13 18:53:24,Account Access,Password Reset,Medium,Closed,Portal,1.89,24,1,5
TKT-00543,168,5,2025-09-25 13:54:00,2025-09-25 16:05:24,Software,Application Crash,Medium,Closed,Portal,2.19,24,1,4
TKT-00544,24,8,2025-08-19 14:00:00,2025-08-20 07:01:48,Network,VPN Connection,Medium,Closed,Email,17.03,24,1,3
TKT-00545,428,6,2025-07-23 17:43:00,2025-07-23 22:49:00,Software,Software Installation,High,Closed,Portal,5.10,8,1,4
TKT-00546,246,5,2025-06-11 17:39:00,2025-06-11 20:26:24,Network,No Internet Access,High,Closed,Email,2.79,8,1,3
TKT-00547,343,2,2025-01-20 19:11:00,2025-01-22 06:03:48,Hardware,Laptop Performance,Medium,Resolved,Portal,34.88,24,0,3
TKT-00548,172,5,2026-05-04 09:59:00,2026-05-04 11:13:24,Account Access,Permissions Request,High,Resolved,Phone,1.24,8,1,5
TKT-00549,303,12,2026-02-24 14:53:00,2026-02-24 22:05:36,Account Access,Locked Account,High,Resolved,Phone,7.21,8,1,4
TKT-00550,78,6,2026-02-25 16:55:00,2026-02-25 18:23:12,Account Access,Password Reset,Medium,Resolved,Portal,1.47,24,1,4
TKT-00551,469,11,2025-09-23 15:18:00,2025-09-25 16:51:36,Hardware,Monitor Issue,Medium,Resolved,Portal,49.56,24,0,4
TKT-00552,112,9,2025-05-15 11:43:00,2025-05-15 17:33:24,Hardware,Laptop Performance,High,Resolved,Walk-up,5.84,8,1,3
TKT-00553,302,10,2025-09-22 09:05:00,2025-09-23 10:38:36,Account Access,Locked Account,Medium,Closed,Portal,25.56,24,0,2
TKT-00554,316,4,2026-01-29 13:22:00,2026-01-30 16:21:24,Network,VPN Connection,Medium,Closed,Portal,26.99,24,0,2
TKT-00555,306,1,2025-01-31 18:00:00,2025-02-01 07:10:48,Network,DNS Resolution,Medium,Closed,Portal,13.18,24,1,5
TKT-00556,461,12,2026-03-23 15:34:00,2026-03-27 16:59:12,Software,Application Access,Low,Resolved,Portal,97.42,48,0,2
TKT-00557,284,3,2026-06-05 16:09:00,2026-06-05 22:57:00,Software,Microsoft 365 Issue,Medium,Resolved,Portal,6.80,24,1,5
TKT-00558,222,7,2026-06-01 10:25:00,2026-06-01 17:31:36,Software,Microsoft 365 Issue,Medium,Resolved,Phone,7.11,24,1,5
TKT-00559,436,4,2026-05-25 07:28:00,2026-05-25 14:09:24,Network,VPN Connection,High,Resolved,Email,6.69,8,1,4
TKT-00560,205,4,2025-07-25 11:04:00,2025-07-25 13:25:00,Account Access,Password Reset,Medium,Resolved,Email,2.35,24,1,5
TKT-00561,281,6,2026-03-05 13:52:00,2026-03-07 22:23:12,Software,Application Crash,Low,Resolved,Email,56.52,48,0,3
TKT-00562,104,3,2026-01-16 17:11:00,2026-01-17 08:20:00,Software,Microsoft 365 Issue,Low,Resolved,Phone,15.15,48,1,4
TKT-00563,224,7,2025-01-14 11:25:00,2025-01-15 01:01:36,Network,Slow Network,Medium,Resolved,Walk-up,13.61,24,1,4
TKT-00564,304,11,2026-08-05 09:19:00,2026-08-05 19:53:12,Network,DNS Resolution,Medium,Closed,Email,10.57,24,1,4
TKT-00565,92,10,2026-06-02 15:10:00,2026-06-03 11:00:24,Software,Application Access,Medium,Resolved,Portal,19.84,24,1,5
TKT-00566,209,6,2025-09-18 11:54:00,2025-09-18 13:48:36,Account Access,MFA Issue,High,Resolved,Portal,1.91,8,1,4
TKT-00567,57,6,2025-05-05 15:47:00,2025-05-05 20:30:48,Printing,Driver Issue,Medium,Closed,Portal,4.73,24,1,4
TKT-00568,86,6,2025-06-05 09:42:00,2025-06-05 23:49:12,Software,Application Crash,Medium,Closed,Walk-up,14.12,24,1,4
TKT-00569,14,10,2025-09-24 14:36:00,2025-09-25 07:13:48,Software,Application Crash,Medium,Closed,Portal,16.63,24,1,4
TKT-00570,104,2,2025-03-03 16:34:00,2025-03-04 02:46:00,Account Access,Locked Account,High,Resolved,Email,10.20,8,0,2
TKT-00571,306,8,2026-07-14 09:26:00,2026-07-14 11:26:36,Security,Phishing Report,High,Closed,Phone,2.01,8,1,4
TKT-00572,423,2,2026-04-08 12:35:00,2026-04-08 15:53:36,Printing,Driver Issue,High,Closed,Phone,3.31,8,1,4
TKT-00573,269,5,2025-06-23 10:10:00,2025-06-23 13:04:00,Printing,Printer Offline,High,Resolved,Walk-up,2.90,8,1,4
TKT-00574,91,9,2026-02-05 16:38:00,2026-02-06 00:57:48,Network,No Internet Access,Medium,Resolved,Email,8.33,24,1,4
TKT-00575,31,1,2025-06-04 15:54:00,2025-06-05 05:45:36,Software,Application Crash,High,Resolved,Portal,13.86,8,0,2
TKT-00576,323,2,2025-04-14 14:01:00,2025-04-14 18:14:48,Hardware,Battery/Power,High,Resolved,Phone,4.23,8,1,4
TKT-00577,296,5,2025-07-23 13:17:00,2025-07-24 03:09:12,Security,Phishing Report,High,Resolved,Phone,13.87,8,0,3
TKT-00578,400,12,2025-01-30 12:21:00,2025-01-30 12:58:48,Account Access,Password Reset,Critical,Resolved,Email,0.63,4,1,5
TKT-00579,492,3,2025-07-24 17:53:00,2025-07-26 18:33:12,Account Access,Locked Account,Medium,Closed,Portal,48.67,24,0,3
TKT-00580,18,2,2026-08-21 17:25:00,2026-08-21 18:46:36,Security,Phishing Report,Critical,Resolved,Email,1.36,4,1,5
TKT-00581,240,8,2025-05-05 14:37:00,2025-05-06 07:40:36,Software,Application Crash,High,Closed,Email,17.06,8,0,4
TKT-00582,117,4,2025-05-16 11:53:00,2025-05-16 21:08:36,Software,Software Installation,Critical,Resolved,Portal,9.26,4,0,1
TKT-00583,52,11,2026-04-28 12:11:00,2026-04-29 09:49:24,Network,VPN Connection,Critical,Resolved,Phone,21.64,4,0,3
TKT-00584,144,11,2025-09-19 10:36:00,2025-09-19 14:55:48,Software,Software Installation,Medium,Closed,Walk-up,4.33,24,1,4
TKT-00585,453,10,2026-08-07 14:32:00,2026-08-09 07:30:12,Software,Software Installation,Medium,Closed,Email,40.97,24,0,2
TKT-00586,204,9,2026-08-07 11:45:00,2026-08-07 15:02:24,Account Access,Password Reset,Medium,Closed,Portal,3.29,24,1,5
TKT-00587,41,1,2025-03-07 10:36:00,2025-03-09 01:07:12,Hardware,Monitor Issue,Low,Resolved,Phone,38.52,48,1,5
TKT-00588,53,4,2025-03-28 17:55:00,2025-03-29 00:47:48,Account Access,Permissions Request,Medium,Resolved,Portal,6.88,24,1,5
TKT-00589,206,8,2025-02-05 17:45:00,2025-02-05 18:34:12,Account Access,Permissions Request,High,Closed,Email,0.82,8,1,5
TKT-00590,231,10,2025-10-15 18:21:00,2025-10-15 21:14:24,Account Access,Password Reset,Low,Resolved,Portal,2.89,48,1,4
TKT-00591,339,5,2025-11-28 16:16:00,2025-11-29 01:15:24,Network,DNS Resolution,Medium,Closed,Portal,8.99,24,1,4
TKT-00592,375,2,2025-10-28 09:14:00,2025-10-28 17:45:48,Hardware,Laptop Performance,Medium,Resolved,Portal,8.53,24,1,4
TKT-00593,384,9,2025-07-24 17:14:00,2025-07-25 02:37:24,Software,Application Crash,Low,Resolved,Portal,9.39,48,1,5
TKT-00594,266,10,2026-08-19 11:44:00,2026-08-19 19:08:36,Software,Application Crash,Medium,Resolved,Email,7.41,24,1,5
TKT-00595,478,6,2025-03-05 16:18:00,2025-03-05 21:45:36,Software,Microsoft 365 Issue,Medium,Closed,Portal,5.46,24,1,5
TKT-00596,56,9,2026-04-29 18:30:00,2026-04-30 07:20:24,Security,Suspicious Email,Medium,Resolved,Portal,12.84,24,1,5
TKT-00597,158,8,2026-05-25 13:46:00,2026-05-25 15:29:48,Security,Unauthorized Access Concern,High,Resolved,Walk-up,1.73,8,1,3
TKT-00598,111,11,2025-09-11 12:19:00,2025-09-11 14:23:12,Account Access,MFA Issue,Medium,Resolved,Portal,2.07,24,1,3
TKT-00599,381,8,2026-04-14 13:31:00,2026-04-16 00:52:36,Account Access,Password Reset,Medium,Closed,Portal,35.36,24,0,2
TKT-00600,389,10,2026-04-22 17:59:00,2026-04-22 22:07:24,Network,VPN Connection,Critical,Resolved,Portal,4.14,4,0,3
TKT-00601,12,10,2025-08-20 14:34:00,2025-08-20 18:15:24,Security,Suspicious Email,High,Resolved,Portal,3.69,8,1,5
TKT-00602,360,12,2025-07-30 12:26:00,2025-07-30 21:43:24,Software,Application Crash,Medium,Resolved,Email,9.29,24,1,5
TKT-00603,112,4,2025-06-27 13:29:00,2025-06-27 20:41:00,Printing,Driver Issue,Medium,Resolved,Portal,7.20,24,1,4
TKT-00604,50,3,2026-03-20 15:45:00,2026-03-21 00:55:12,Software,Browser Issue,High,Resolved,Portal,9.17,8,0,1
TKT-00605,392,6,2026-05-19 16:00:00,2026-05-19 20:17:24,Network,Slow Network,Critical,Resolved,Portal,4.29,4,0,3
TKT-00606,348,8,2025-06-16 17:16:00,2025-06-16 23:54:24,Software,Browser Issue,Medium,Resolved,Portal,6.64,24,1,4
TKT-00607,292,4,2025-08-04 17:52:00,2025-08-05 01:38:48,Software,Microsoft 365 Issue,Medium,Resolved,Phone,7.78,24,1,5
TKT-00608,434,5,2025-06-27 11:24:00,2025-06-27 15:44:24,Security,Malware Alert,High,Closed,Portal,4.34,8,1,5
TKT-00609,409,1,2025-02-18 11:25:00,2025-02-20 01:16:36,Network,No Internet Access,Medium,Resolved,Phone,37.86,24,0,3
TKT-00610,498,4,2025-05-20 11:13:00,2025-05-20 17:58:00,Hardware,Battery/Power,Medium,Resolved,Phone,6.75,24,1,5
TKT-00611,487,8,2026-06-25 13:08:00,2026-06-25 17:18:48,Network,No Internet Access,Critical,Resolved,Phone,4.18,4,0,3
TKT-00612,110,10,2026-06-04 09:09:00,2026-06-04 14:01:12,Security,Phishing Report,High,Resolved,Portal,4.87,8,1,5
TKT-00613,313,10,2025-01-07 12:33:00,2025-01-08 17:01:48,Hardware,Laptop Performance,Medium,Closed,Portal,28.48,24,0,3
TKT-00614,97,6,2025-10-06 12:49:00,2025-10-06 21:58:36,Software,Microsoft 365 Issue,Low,Resolved,Portal,9.16,48,1,3
TKT-00615,86,5,2025-08-19 17:20:00,2025-08-19 19:53:00,Account Access,Password Reset,Medium,Resolved,Walk-up,2.55,24,1,4
TKT-00616,148,7,2026-01-13 08:36:00,2026-01-13 09:54:00,Hardware,Laptop Won't Start,Critical,Closed,Portal,1.30,4,1,3
TKT-00617,140,9,2026-03-10 08:30:00,2026-03-10 10:40:12,Security,Phishing Report,High,Closed,Portal,2.17,8,1,5
TKT-00618,467,10,2025-02-19 13:41:00,2025-02-19 22:19:24,Software,Application Access,Low,Resolved,Email,8.64,48,1,4
TKT-00619,100,3,2025-04-03 13:18:00,2025-04-04 09:03:00,Software,Microsoft 365 Issue,Medium,Resolved,Email,19.75,24,1,5
TKT-00620,305,3,2025-07-17 10:04:00,2025-07-19 10:26:48,Network,Slow Network,Medium,Closed,Portal,48.38,24,0,3
TKT-00621,394,2,2025-04-02 12:07:00,2025-04-03 01:18:24,Hardware,Battery/Power,Medium,Resolved,Portal,13.19,24,1,5
TKT-00622,128,9,2025-01-30 12:59:00,2025-01-31 01:26:00,Hardware,Laptop Performance,Low,Resolved,Portal,12.45,48,1,5
TKT-00623,328,1,2025-11-12 13:52:00,2025-11-13 04:46:00,Hardware,Monitor Issue,High,Resolved,Portal,14.90,8,0,3
TKT-00624,238,10,2025-08-19 12:19:00,2025-08-19 23:29:12,Printing,Printer Offline,Medium,Closed,Email,11.17,24,1,4
TKT-00625,90,10,2025-04-23 11:17:00,2025-04-24 22:20:00,Software,Microsoft 365 Issue,Medium,Resolved,Walk-up,35.05,24,0,4
TKT-00626,411,3,2025-04-30 14:03:00,2025-05-01 14:42:00,Network,Wi-Fi Connectivity,Medium,Resolved,Portal,24.65,24,0,4
TKT-00627,105,6,2026-01-22 10:01:00,2026-01-22 19:08:48,Printing,Driver Issue,Medium,Resolved,Portal,9.13,24,1,5
TKT-00628,286,9,2025-01-09 08:27:00,2025-01-09 17:12:36,Hardware,Laptop Performance,High,Resolved,Email,8.76,8,0,2
TKT-00629,8,1,2025-12-19 11:28:00,2025-12-20 05:25:00,Software,Browser Issue,Medium,Resolved,Portal,17.95,24,1,4
TKT-00630,350,2,2026-05-20 15:59:00,2026-05-20 16:39:12,Account Access,Password Reset,High,Resolved,Portal,0.67,8,1,4
TKT-00631,460,6,2026-06-26 19:06:00,2026-06-26 21:49:12,Account Access,Permissions Request,Medium,Resolved,Email,2.72,24,1,4
TKT-00632,94,1,2025-11-04 14:41:00,2025-11-05 08:54:12,Network,VPN Connection,Medium,Resolved,Portal,18.22,24,1,5
TKT-00633,259,12,2025-11-11 12:41:00,2025-11-12 07:40:24,Network,VPN Connection,Medium,Closed,Phone,18.99,24,1,3
TKT-00634,413,7,2025-05-20 09:42:00,2025-05-20 20:40:48,Network,No Internet Access,High,Resolved,Email,10.98,8,0,2
TKT-00635,217,12,2026-06-11 15:25:00,2026-06-11 23:58:00,Software,Application Access,Medium,Closed,Portal,8.55,24,1,5
TKT-00636,431,6,2026-04-30 13:41:00,2026-04-30 16:30:48,Account Access,Password Reset,Medium,Closed,Email,2.83,24,1,5
TKT-00637,318,7,2025-05-19 16:05:00,2025-05-19 17:15:12,Security,Phishing Report,High,Resolved,Email,1.17,8,1,4
TKT-00638,142,8,2025-07-22 10:10:00,2025-07-23 11:18:24,Network,VPN Connection,Medium,Resolved,Phone,25.14,24,0,2
TKT-00639,55,3,2025-02-03 17:43:00,2025-02-03 23:04:36,Software,Microsoft 365 Issue,High,Resolved,Phone,5.36,8,1,4
TKT-00640,41,7,2025-10-23 18:31:00,2025-10-23 23:43:36,Hardware,Laptop Performance,High,Resolved,Portal,5.21,8,1,4
TKT-00641,158,2,2025-10-20 11:55:00,2025-10-20 14:04:36,Account Access,Locked Account,High,Resolved,Portal,2.16,8,1,5
TKT-00642,107,4,2026-03-27 08:22:00,2026-03-27 10:19:36,Account Access,Password Reset,Critical,Resolved,Phone,1.96,4,1,5
TKT-00643,439,9,2025-08-15 09:26:00,2025-08-15 16:38:00,Network,Wi-Fi Connectivity,Medium,Closed,Portal,7.20,24,1,3
TKT-00644,209,12,2025-07-03 10:20:00,2025-07-04 22:21:48,Network,No Internet Access,Medium,Closed,Email,36.03,24,0,1
TKT-00645,125,10,2026-05-22 11:51:00,2026-05-22 16:29:24,Network,Wi-Fi Connectivity,High,Resolved,Portal,4.64,8,1,4
TKT-00646,313,3,2025-06-24 09:31:00,2025-06-24 10:59:48,Network,Slow Network,Critical,Resolved,Walk-up,1.48,4,1,5
TKT-00647,89,4,2025-03-18 12:57:00,2025-03-18 14:25:12,Hardware,Keyboard/Mouse,Critical,Resolved,Email,1.47,4,1,5
TKT-00648,393,5,2025-06-17 18:26:00,2025-06-18 00:48:12,Account Access,Locked Account,Medium,Closed,Walk-up,6.37,24,1,4
TKT-00649,103,9,2025-01-02 10:31:00,2025-01-02 12:22:36,Account Access,Password Reset,Medium,Resolved,Email,1.86,24,1,4
TKT-00650,413,11,2025-04-17 10:34:00,2025-04-18 01:33:24,Software,Application Access,Low,Closed,Portal,14.99,48,1,5
TKT-00651,14,8,2026-04-15 09:54:00,2026-04-15 17:17:24,Software,Browser Issue,Medium,Resolved,Portal,7.39,24,1,3
TKT-00652,28,1,2026-07-22 08:41:00,2026-07-22 13:44:00,Software,Microsoft 365 Issue,High,Resolved,Walk-up,5.05,8,1,4
TKT-00653,111,3,2025-03-07 13:22:00,2025-03-07 14:46:00,Account Access,Password Reset,Medium,Resolved,Portal,1.40,24,1,4
TKT-00654,173,4,2025-08-22 08:46:00,2025-08-22 11:16:36,Account Access,Locked Account,Medium,Closed,Email,2.51,24,1,5
TKT-00655,319,12,2025-09-12 19:49:00,2025-09-14 00:54:24,Network,VPN Connection,Low,Resolved,Walk-up,29.09,48,1,5
TKT-00656,295,10,2025-04-08 16:28:00,2025-04-09 22:11:12,Hardware,Monitor Issue,High,Resolved,Portal,29.72,8,0,3
TKT-00657,74,7,2026-06-11 12:36:00,2026-06-12 02:11:24,Software,Application Access,Low,Closed,Email,13.59,48,1,5
TKT-00658,199,3,2026-08-28 12:43:00,2026-08-28 18:31:00,Network,Slow Network,High,Resolved,Portal,5.80,8,1,4
TKT-00659,368,7,2026-05-19 09:20:00,2026-05-19 11:53:36,Account Access,Permissions Request,High,Resolved,Phone,2.56,8,1,4
TKT-00660,141,4,2025-09-08 13:01:00,2025-09-09 06:01:00,Network,VPN Connection,High,Resolved,Email,17.00,8,0,1
TKT-00661,232,7,2025-10-29 19:19:00,2025-10-30 01:40:36,Software,Application Crash,High,Resolved,Phone,6.36,8,1,4
TKT-00662,260,9,2026-05-29 09:14:00,2026-05-29 13:43:24,Software,Software Installation,High,Resolved,Email,4.49,8,1,4
TKT-00663,239,8,2025-07-08 16:42:00,2025-07-09 08:03:36,Account Access,MFA Issue,Medium,Resolved,Portal,15.36,24,1,5
TKT-00664,268,7,2026-08-27 14:09:00,2026-08-27 18:40:12,Software,Browser Issue,Medium,Resolved,Email,4.52,24,1,4
TKT-00665,65,8,2025-05-02 09:54:00,2025-05-03 04:48:00,Account Access,Password Reset,High,Resolved,Portal,18.90,8,0,2
TKT-00666,35,9,2025-02-05 14:24:00,2025-02-05 16:50:24,Account Access,Password Reset,Medium,Resolved,Phone,2.44,24,1,4
TKT-00667,254,1,2025-02-18 08:29:00,2025-02-18 13:17:36,Network,Slow Network,Critical,Resolved,Portal,4.81,4,0,2
TKT-00668,138,12,2025-09-08 12:54:00,2025-09-08 21:48:36,Account Access,Locked Account,Medium,Resolved,Email,8.91,24,1,5
TKT-00669,275,7,2025-11-20 11:09:00,2025-11-20 15:06:36,Software,Application Crash,Medium,Resolved,Walk-up,3.96,24,1,5
TKT-00670,260,9,2025-02-17 17:53:00,2025-02-17 23:22:24,Software,Software Installation,Medium,Resolved,Portal,5.49,24,1,4
TKT-00671,214,9,2025-03-13 14:19:00,2025-03-13 16:55:00,Hardware,Laptop Won't Start,High,Resolved,Portal,2.60,8,1,5
TKT-00672,83,1,2025-06-11 13:02:00,2025-06-12 05:43:24,Printing,Printer Offline,Medium,Resolved,Phone,16.69,24,1,5
TKT-00673,445,11,2025-08-08 18:45:00,2025-08-09 06:29:24,Network,No Internet Access,Medium,Resolved,Phone,11.74,24,1,4
TKT-00674,286,11,2026-07-21 15:03:00,2026-07-21 22:13:12,Software,Software Installation,Medium,Closed,Portal,7.17,24,1,3
TKT-00675,261,12,2026-06-19 12:58:00,2026-06-20 03:54:24,Account Access,Locked Account,High,Resolved,Portal,14.94,8,0,2
TKT-00676,352,9,2026-02-02 10:42:00,2026-02-03 02:21:00,Account Access,Permissions Request,High,Resolved,Phone,15.65,8,0,4
TKT-00677,468,11,2025-12-03 10:02:00,2025-12-03 18:56:36,Software,Microsoft 365 Issue,Medium,Resolved,Email,8.91,24,1,5
TKT-00678,322,8,2025-01-16 12:48:00,2025-01-17 21:29:24,Software,Microsoft 365 Issue,Low,Closed,Email,32.69,48,1,4
TKT-00679,154,3,2025-02-14 16:56:00,2025-02-15 10:17:00,Account Access,MFA Issue,High,Closed,Portal,17.35,8,0,1
TKT-00680,176,8,2025-08-04 18:26:00,2025-08-04 19:03:12,Account Access,Password Reset,High,Resolved,Portal,0.62,8,1,5
TKT-00681,309,1,2025-07-23 16:55:00,2025-07-24 06:55:36,Hardware,Laptop Performance,Medium,Resolved,Phone,14.01,24,1,4
TKT-00682,457,8,2026-01-20 15:45:00,2026-01-20 17:51:00,Account Access,MFA Issue,Medium,Closed,Email,2.10,24,1,4
TKT-00683,187,3,2025-02-07 10:15:00,2025-02-07 11:34:48,Security,Phishing Report,High,Resolved,Email,1.33,8,1,5
TKT-00684,221,10,2026-07-23 15:35:00,2026-07-23 16:06:12,Account Access,Locked Account,Medium,Resolved,Email,0.52,24,1,3
TKT-00685,250,10,2025-02-24 12:51:00,2025-02-25 04:32:24,Account Access,Password Reset,High,Closed,Phone,15.69,8,0,2
TKT-00686,8,1,2025-09-24 15:26:00,2025-09-25 01:02:00,Software,Software Installation,Medium,Resolved,Phone,9.60,24,1,4
TKT-00687,184,2,2026-04-02 19:14:00,2026-04-02 23:06:48,Hardware,Laptop Won't Start,High,Closed,Portal,3.88,8,1,5
TKT-00688,277,2,2025-08-13 16:46:00,2025-08-14 09:05:48,Network,No Internet Access,Medium,Resolved,Portal,16.33,24,1,4
TKT-00689,494,11,2026-01-08 08:31:00,2026-01-08 10:50:12,Software,Software Installation,Low,Resolved,Portal,2.32,48,1,5
TKT-00690,461,3,2026-07-06 08:03:00,2026-07-08 13:40:12,Account Access,Locked Account,Medium,Closed,Portal,53.62,24,0,3
TKT-00691,357,6,2025-06-04 16:23:00,2025-06-05 22:27:48,Software,Microsoft 365 Issue,Medium,Resolved,Email,30.08,24,0,2
TKT-00692,295,5,2025-02-25 10:35:00,2025-02-25 18:20:36,Network,VPN Connection,Critical,Resolved,Phone,7.76,4,0,4
TKT-00693,288,3,2025-01-29 10:49:00,2025-01-29 22:10:00,Hardware,Monitor Issue,Medium,Resolved,Portal,11.35,24,1,3
TKT-00694,427,8,2025-09-30 11:25:00,2025-09-30 16:19:36,Security,Unauthorized Access Concern,High,Resolved,Phone,4.91,8,1,4
TKT-00695,355,12,2025-10-31 11:52:00,2025-11-04 12:55:36,Printing,Printer Offline,Low,Resolved,Portal,97.06,48,0,2
TKT-00696,400,9,2026-01-26 08:47:00,2026-01-26 17:00:48,Software,Software Installation,Medium,Closed,Email,8.23,24,1,5
TKT-00697,281,2,2025-09-30 14:31:00,2025-09-30 15:31:36,Account Access,Permissions Request,Medium,Resolved,Phone,1.01,24,1,4
TKT-00698,474,2,2026-08-26 08:15:00,2026-08-27 13:16:12,Network,Wi-Fi Connectivity,Medium,Closed,Portal,29.02,24,0,3
TKT-00699,402,10,2026-04-20 09:59:00,2026-04-20 18:00:48,Security,Phishing Report,Medium,Resolved,Portal,8.03,24,1,4
TKT-00700,105,3,2025-07-25 11:31:00,2025-07-25 20:25:36,Hardware,Laptop Won't Start,Medium,Resolved,Email,8.91,24,1,5
TKT-00701,239,6,2025-06-16 12:52:00,2025-06-17 23:40:36,Account Access,Locked Account,Medium,Resolved,Portal,34.81,24,0,2
TKT-00702,193,7,2025-04-16 09:12:00,2025-04-16 15:31:12,Software,Application Crash,High,Closed,Portal,6.32,8,1,5
TKT-00703,363,6,2026-02-16 11:00:00,2026-02-18 12:51:00,Network,Slow Network,Medium,Resolved,Walk-up,49.85,24,0,3
TKT-00704,442,9,2025-07-29 12:53:00,2025-07-29 21:56:36,Hardware,Monitor Issue,Medium,Resolved,Portal,9.06,24,1,5
TKT-00705,28,4,2025-10-15 11:58:00,2025-10-17 01:23:12,Software,Application Crash,Medium,Closed,Email,37.42,24,0,2
TKT-00706,194,10,2026-07-21 08:23:00,2026-07-22 17:28:24,Network,Slow Network,Medium,Closed,Email,33.09,24,0,2
TKT-00707,362,9,2025-04-01 14:33:00,2025-04-01 17:21:00,Security,Suspicious Email,High,Resolved,Portal,2.80,8,1,5
TKT-00708,445,12,2026-06-09 18:23:00,2026-06-11 01:19:24,Account Access,MFA Issue,Medium,Resolved,Phone,30.94,24,0,3
TKT-00709,495,8,2026-04-14 13:55:00,2026-04-16 13:35:48,Network,Slow Network,Medium,Resolved,Phone,47.68,24,0,3
TKT-00710,222,12,2026-03-04 09:22:00,2026-03-05 15:50:12,Software,Application Crash,Low,Resolved,Portal,30.47,48,1,5
TKT-00711,198,9,2025-08-19 09:54:00,2025-08-19 17:41:24,Security,Phishing Report,Medium,Resolved,Email,7.79,24,1,5
TKT-00712,272,1,2025-06-09 17:31:00,2025-06-09 21:17:12,Hardware,Docking Station,High,Resolved,Portal,3.77,8,1,5
TKT-00713,232,4,2025-11-05 18:23:00,2025-11-06 22:14:00,Account Access,Password Reset,Medium,Resolved,Portal,27.85,24,0,2
TKT-00714,61,8,2026-03-12 11:19:00,2026-03-13 01:49:00,Network,VPN Connection,High,Resolved,Portal,14.50,8,0,1
TKT-00715,118,10,2025-02-06 12:00:00,2025-02-06 15:24:00,Printing,Print Queue Stuck,Medium,Closed,Portal,3.40,24,1,3
TKT-00716,180,8,2026-08-05 12:18:00,2026-08-06 02:46:12,Network,Slow Network,Medium,Resolved,Portal,14.47,24,1,5
TKT-00717,186,6,2025-04-21 17:51:00,2025-04-21 19:04:48,Account Access,Password Reset,High,Resolved,Walk-up,1.23,8,1,5
TKT-00718,426,4,2025-01-06 09:25:00,2025-01-06 15:06:24,Account Access,MFA Issue,Low,Closed,Phone,5.69,48,1,4
TKT-00719,262,11,2025-08-05 12:07:00,2025-08-05 18:20:12,Software,Application Crash,Medium,Resolved,Portal,6.22,24,1,5
TKT-00720,225,7,2025-06-26 12:28:00,2025-06-26 13:31:00,Network,VPN Connection,Critical,Resolved,Phone,1.05,4,1,5
TKT-00721,453,11,2025-04-28 08:57:00,2025-04-28 19:57:36,Security,Malware Alert,High,Closed,Phone,11.01,8,0,4
TKT-00722,435,6,2025-01-30 17:39:00,2025-01-30 23:03:36,Software,Browser Issue,Medium,Resolved,Phone,5.41,24,1,4
TKT-00723,353,4,2025-09-10 10:41:00,2025-09-10 14:14:36,Security,Lost/Stolen Device,Critical,Closed,Phone,3.56,4,1,5
TKT-00724,282,10,2025-09-16 17:27:00,2025-09-18 14:24:00,Account Access,Password Reset,Medium,Closed,Portal,44.95,24,0,2
TKT-00725,321,1,2026-02-06 11:27:00,2026-02-07 07:23:24,Printing,Printer Permissions,Low,Resolved,Walk-up,19.94,48,1,4
TKT-00726,285,4,2026-06-29 13:32:00,2026-06-29 14:48:12,Account Access,Password Reset,Medium,Closed,Email,1.27,24,1,5
TKT-00727,381,5,2026-04-03 11:31:00,2026-04-05 14:10:00,Account Access,Password Reset,Medium,Resolved,Phone,50.65,24,0,2
TKT-00728,24,7,2025-11-14 13:46:00,2025-11-15 21:37:00,Hardware,Docking Station,Medium,Resolved,Portal,31.85,24,0,4
TKT-00729,374,2,2025-02-21 19:53:00,2025-02-22 01:03:48,Security,Phishing Report,High,Resolved,Portal,5.18,8,1,4
TKT-00730,125,7,2026-05-13 09:39:00,2026-05-13 18:03:36,Software,Application Access,High,Resolved,Portal,8.41,8,0,3
TKT-00731,80,6,2025-05-14 16:55:00,2025-05-14 20:03:24,Account Access,MFA Issue,Medium,Closed,Portal,3.14,24,1,4
TKT-00732,266,4,2026-05-18 15:24:00,2026-05-20 07:08:24,Software,Application Crash,Medium,Resolved,Portal,39.74,24,0,2
TKT-00733,177,4,2025-05-01 17:46:00,2025-05-01 23:47:48,Hardware,Laptop Performance,High,Resolved,Portal,6.03,8,1,5
TKT-00734,405,4,2025-08-11 11:17:00,2025-08-11 15:56:00,Account Access,Locked Account,High,Resolved,Phone,4.65,8,1,5
TKT-00735,42,3,2025-01-13 10:40:00,2025-01-13 16:08:12,Security,Suspicious Email,High,Resolved,Email,5.47,8,1,5
TKT-00736,373,8,2025-05-30 14:55:00,2025-05-31 10:07:00,Network,VPN Connection,Medium,Resolved,Phone,19.20,24,1,4
TKT-00737,176,1,2025-11-18 10:30:00,2025-11-19 00:30:36,Software,Application Crash,Medium,Resolved,Walk-up,14.01,24,1,5
TKT-00738,40,5,2026-02-13 10:15:00,2026-02-15 13:48:36,Account Access,MFA Issue,Medium,Resolved,Portal,51.56,24,0,1
TKT-00739,240,8,2026-07-27 14:45:00,2026-07-29 01:42:36,Hardware,Laptop Performance,Medium,Resolved,Portal,34.96,24,0,1
TKT-00740,385,11,2025-11-03 14:42:00,2025-11-04 07:01:12,Printing,Printer Offline,Medium,Resolved,Email,16.32,24,1,4
TKT-00741,269,2,2025-04-30 15:23:00,2025-04-30 23:53:36,Hardware,Laptop Performance,Medium,Resolved,Email,8.51,24,1,5
TKT-00742,287,7,2025-12-16 15:06:00,2025-12-17 01:47:24,Account Access,Locked Account,Medium,Resolved,Portal,10.69,24,1,4
TKT-00743,479,12,2025-03-26 12:54:00,2025-03-26 19:58:12,Account Access,Locked Account,Medium,Resolved,Portal,7.07,24,1,5
TKT-00744,127,4,2026-03-30 16:29:00,2026-04-01 03:48:12,Network,DNS Resolution,Medium,Resolved,Walk-up,35.32,24,0,3
TKT-00745,352,5,2025-07-08 12:58:00,2025-07-10 01:26:48,Software,Software Installation,Low,Closed,Email,36.48,48,1,5
TKT-00746,94,9,2025-05-07 11:14:00,2025-05-07 15:13:24,Security,Suspicious Email,Critical,Resolved,Portal,3.99,4,1,5
TKT-00747,268,5,2025-02-13 08:04:00,2025-02-13 08:31:36,Account Access,Password Reset,High,Closed,Portal,0.46,8,1,4
TKT-00748,141,2,2025-04-24 10:26:00,2025-04-25 21:36:48,Printing,Print Queue Stuck,Medium,Resolved,Portal,35.18,24,0,1
TKT-00749,185,4,2026-03-20 14:05:00,2026-03-21 03:23:36,Network,Wi-Fi Connectivity,Medium,Resolved,Email,13.31,24,1,4
TKT-00750,115,12,2025-05-13 11:54:00,2025-05-13 14:25:12,Account Access,Locked Account,Medium,Closed,Portal,2.52,24,1,5
TKT-00751,86,9,2025-01-15 07:29:00,2025-01-15 15:33:48,Printing,Printer Offline,Medium,Resolved,Portal,8.08,24,1,4
TKT-00752,372,12,2026-08-12 17:27:00,2026-08-14 23:03:36,Hardware,Laptop Performance,Medium,Resolved,Email,53.61,24,0,3
TKT-00753,93,9,2026-04-23 11:11:00,2026-04-23 13:55:24,Account Access,MFA Issue,Medium,Resolved,Portal,2.74,24,1,4
TKT-00754,413,11,2025-10-06 13:08:00,2025-10-07 09:09:12,Account Access,Permissions Request,Low,Resolved,Walk-up,20.02,48,1,4
TKT-00755,77,1,2025-11-03 16:36:00,2025-11-04 06:45:00,Hardware,Keyboard/Mouse,Medium,Resolved,Portal,14.15,24,1,4
TKT-00756,395,12,2025-06-17 18:56:00,2025-06-17 22:33:12,Account Access,Locked Account,High,Resolved,Portal,3.62,8,1,3
TKT-00757,416,2,2025-11-12 10:56:00,2025-11-12 12:47:36,Account Access,Password Reset,Medium,Closed,Phone,1.86,24,1,4
TKT-00758,271,5,2025-04-15 11:37:00,2025-04-15 12:11:48,Account Access,Password Reset,Critical,Resolved,Email,0.58,4,1,4
TKT-00759,226,3,2025-11-12 13:22:00,2025-11-12 14:56:12,Account Access,Locked Account,Critical,Closed,Email,1.57,4,1,5
TKT-00760,26,4,2026-01-23 11:58:00,2026-01-23 21:43:36,Hardware,Keyboard/Mouse,Medium,Resolved,Portal,9.76,24,1,4
TKT-00761,471,6,2025-12-10 11:48:00,2025-12-10 13:28:48,Account Access,Locked Account,High,Resolved,Email,1.68,8,1,4
TKT-00762,10,7,2026-06-08 11:58:00,2026-06-09 18:50:12,Software,Microsoft 365 Issue,Medium,Resolved,Portal,30.87,24,0,4
TKT-00763,87,5,2025-02-21 17:18:00,2025-02-21 22:19:12,Security,Suspicious Email,Medium,Resolved,Portal,5.02,24,1,3
TKT-00764,310,9,2025-01-07 12:34:00,2025-01-07 20:33:24,Account Access,Locked Account,Medium,Resolved,Email,7.99,24,1,5
TKT-00765,279,5,2025-01-01 13:28:00,2025-01-02 11:32:12,Network,No Internet Access,Medium,Resolved,Portal,22.07,24,1,4
TKT-00766,128,2,2026-05-19 12:09:00,2026-05-20 15:30:00,Hardware,Laptop Performance,Medium,Resolved,Phone,27.35,24,0,2
TKT-00767,377,10,2025-11-24 12:39:00,2025-11-24 13:21:36,Security,Phishing Report,High,Closed,Email,0.71,8,1,5
TKT-00768,2,6,2025-06-30 16:39:00,2025-06-30 22:19:48,Account Access,Locked Account,Medium,Resolved,Portal,5.68,24,1,5
TKT-00769,62,12,2025-04-07 15:26:00,2025-04-07 19:11:36,Security,Phishing Report,Medium,Resolved,Email,3.76,24,1,5
TKT-00770,365,4,2026-06-16 12:04:00,2026-06-16 14:11:12,Account Access,Password Reset,Medium,Resolved,Portal,2.12,24,1,4
TKT-00771,315,8,2026-08-20 16:53:00,2026-08-22 00:29:00,Hardware,Monitor Issue,Low,Resolved,Phone,31.60,48,1,4
TKT-00772,431,11,2025-08-21 16:36:00,2025-08-21 21:43:48,Hardware,Battery/Power,Medium,Resolved,Portal,5.13,24,1,5
TKT-00773,213,2,2026-05-14 18:21:00,2026-05-15 12:57:00,Hardware,Docking Station,High,Resolved,Walk-up,18.60,8,0,2
TKT-00774,349,3,2026-03-06 13:26:00,2026-03-06 20:23:00,Hardware,Docking Station,Medium,Resolved,Portal,6.95,24,1,5
TKT-00775,490,3,2025-05-14 15:43:00,2025-05-14 21:01:00,Network,No Internet Access,High,Resolved,Portal,5.30,8,1,5
TKT-00776,229,7,2026-01-09 17:08:00,2026-01-10 00:48:48,Software,Application Access,Medium,Resolved,Walk-up,7.68,24,1,5
TKT-00777,101,2,2025-10-22 10:53:00,2025-10-22 17:26:36,Account Access,MFA Issue,Low,Resolved,Email,6.56,48,1,4
TKT-00778,7,4,2025-04-16 10:56:00,2025-04-16 15:02:00,Software,Application Crash,High,Closed,Email,4.10,8,1,4
TKT-00779,445,9,2025-03-14 12:07:00,2025-03-16 00:59:12,Printing,Printer Permissions,Medium,Resolved,Portal,36.87,24,0,4
TKT-00780,160,7,2025-07-25 12:40:00,2025-07-25 15:25:36,Printing,Driver Issue,Medium,Resolved,Portal,2.76,24,1,5
TKT-00781,23,3,2025-07-25 14:10:00,2025-07-25 16:18:24,Security,Phishing Report,High,Resolved,Phone,2.14,8,1,5
TKT-00782,147,9,2026-07-15 08:29:00,2026-07-16 17:01:24,Software,Microsoft 365 Issue,Low,Resolved,Portal,32.54,48,1,5
TKT-00783,151,8,2026-01-13 09:49:00,2026-01-13 22:41:12,Software,Application Crash,Medium,Closed,Walk-up,12.87,24,1,5
TKT-00784,495,11,2025-02-28 17:21:00,2025-03-01 23:57:36,Software,Application Crash,Low,Resolved,Email,30.61,48,1,3
TKT-00785,376,10,2025-08-21 10:57:00,2025-08-21 16:23:24,Printing,Driver Issue,Medium,Resolved,Email,5.44,24,1,5
TKT-00786,95,7,2025-01-08 16:34:00,2025-01-09 09:54:24,Account Access,Locked Account,Medium,Resolved,Email,17.34,24,1,5
TKT-00787,255,1,2026-02-11 12:38:00,2026-02-11 19:26:36,Network,No Internet Access,Medium,Resolved,Portal,6.81,24,1,4
TKT-00788,106,12,2026-01-13 19:25:00,2026-01-14 12:32:48,Network,Wi-Fi Connectivity,High,Resolved,Portal,17.13,8,0,1
TKT-00789,222,8,2025-10-17 15:46:00,2025-10-17 16:50:48,Security,Phishing Report,Critical,Resolved,Email,1.08,4,1,4
TKT-00790,336,3,2025-12-09 13:32:00,2025-12-09 22:21:12,Software,Application Crash,Critical,Resolved,Phone,8.82,4,0,1
TKT-00791,115,9,2025-09-15 16:50:00,2025-09-17 07:18:48,Software,Application Crash,Medium,Resolved,Portal,38.48,24,0,2
TKT-00792,35,5,2025-12-18 12:25:00,2025-12-18 16:39:24,Network,VPN Connection,Critical,Resolved,Email,4.24,4,0,3
TKT-00793,494,11,2025-03-28 16:40:00,2025-03-28 21:38:48,Software,Application Access,Medium,Resolved,Portal,4.98,24,1,4
TKT-00794,187,8,2025-09-16 12:06:00,2025-09-17 01:45:36,Hardware,Docking Station,Medium,Resolved,Phone,13.66,24,1,4
TKT-00795,415,4,2025-10-03 17:02:00,2025-10-03 18:36:48,Security,Suspicious Email,Critical,Resolved,Email,1.58,4,1,5
TKT-00796,169,5,2026-06-18 10:47:00,2026-06-18 23:22:24,Network,Wi-Fi Connectivity,Medium,Resolved,Email,12.59,24,1,5
TKT-00797,302,4,2025-01-16 11:36:00,2025-01-16 14:21:36,Hardware,Docking Station,High,Resolved,Email,2.76,8,1,4
TKT-00798,114,5,2026-05-05 11:41:00,2026-05-05 20:00:48,Software,Software Installation,Medium,Resolved,Portal,8.33,24,1,5
TKT-00799,321,4,2026-07-06 08:33:00,2026-07-07 07:04:12,Hardware,Docking Station,Medium,Closed,Portal,22.52,24,1,4
TKT-00800,314,10,2026-05-26 15:20:00,2026-05-27 03:14:36,Software,Microsoft 365 Issue,High,Resolved,Portal,11.91,8,0,4
TKT-00801,421,6,2026-04-09 12:51:00,2026-04-10 03:39:36,Network,VPN Connection,High,Resolved,Portal,14.81,8,0,3
TKT-00802,48,11,2025-12-24 17:37:00,2025-12-26 21:03:24,Hardware,Keyboard/Mouse,Low,Resolved,Portal,51.44,48,0,1
TKT-00803,68,4,2025-02-10 07:11:00,2025-02-11 15:32:00,Account Access,Locked Account,Medium,Resolved,Walk-up,32.35,24,0,2
TKT-00804,318,2,2025-02-06 14:23:00,2025-02-07 19:11:00,Network,Wi-Fi Connectivity,Medium,Resolved,Portal,28.80,24,0,3
TKT-00805,73,4,2026-05-22 11:54:00,2026-05-22 23:15:36,Account Access,Locked Account,Medium,Resolved,Phone,11.36,24,1,4
TKT-00806,216,1,2025-11-07 11:16:00,2025-11-07 15:19:00,Printing,Printer Offline,Medium,Closed,Portal,4.05,24,1,4
TKT-00807,38,5,2025-12-24 10:15:00,2025-12-25 03:45:00,Software,Application Access,Medium,Resolved,Email,17.50,24,1,3
TKT-00808,282,2,2025-07-14 13:16:00,2025-07-14 21:04:00,Network,Wi-Fi Connectivity,High,Resolved,Portal,7.80,8,1,4
TKT-00809,16,10,2026-06-15 14:16:00,2026-06-15 19:35:48,Security,Malware Alert,High,Resolved,Portal,5.33,8,1,4
TKT-00810,306,10,2026-01-20 11:37:00,2026-01-20 22:20:48,Hardware,Monitor Issue,Medium,Resolved,Portal,10.73,24,1,5
TKT-00811,377,7,2025-09-17 12:17:00,2025-09-18 02:33:12,Hardware,Laptop Performance,High,Resolved,Email,14.27,8,0,2
TKT-00812,453,4,2026-07-10 17:37:00,2026-07-11 01:47:48,Network,Wi-Fi Connectivity,High,Resolved,Portal,8.18,8,0,2
TKT-00813,278,1,2025-06-09 13:19:00,2025-06-09 14:18:24,Security,Phishing Report,High,Resolved,Portal,0.99,8,1,5
TKT-00814,66,1,2025-07-29 10:40:00,2025-07-29 15:56:48,Account Access,Password Reset,Medium,Resolved,Phone,5.28,24,1,4
TKT-00815,281,1,2025-10-09 11:35:00,2025-10-09 19:57:48,Security,Phishing Report,Medium,Closed,Portal,8.38,24,1,4
TKT-00816,304,2,2025-04-22 11:00:00,2025-04-23 13:01:48,Hardware,Docking Station,Medium,Resolved,Portal,26.03,24,0,3
TKT-00817,338,10,2026-06-16 10:28:00,2026-06-16 13:31:00,Printing,Driver Issue,Medium,Resolved,Portal,3.05,24,1,5
TKT-00818,405,9,2025-12-18 17:52:00,2025-12-18 22:50:48,Network,Wi-Fi Connectivity,Medium,Closed,Portal,4.98,24,1,4
TKT-00819,455,3,2025-03-10 15:53:00,2025-03-11 08:46:24,Software,Microsoft 365 Issue,Medium,Resolved,Portal,16.89,24,1,5
TKT-00820,359,12,2025-09-18 11:50:00,2025-09-19 06:53:36,Network,Wi-Fi Connectivity,High,Resolved,Portal,19.06,8,0,4
TKT-00821,480,10,2026-06-11 13:44:00,2026-06-15 17:51:48,Hardware,Battery/Power,Low,Closed,Portal,100.13,48,0,3
TKT-00822,2,12,2025-05-06 11:04:00,2025-05-06 22:52:36,Network,Wi-Fi Connectivity,High,Resolved,Walk-up,11.81,8,0,2
TKT-00823,200,11,2025-07-11 09:32:00,2025-07-12 04:36:12,Printing,Driver Issue,Low,Resolved,Portal,19.07,48,1,3
TKT-00824,106,1,2026-07-06 13:06:00,2026-07-06 19:16:12,Security,Suspicious Email,High,Resolved,Portal,6.17,8,1,5
TKT-00825,118,12,2025-01-27 10:00:00,2025-01-27 23:04:12,Software,Microsoft 365 Issue,Medium,Resolved,Email,13.07,24,1,4
TKT-00826,193,6,2026-05-25 17:36:00,2026-05-26 02:46:48,Printing,Driver Issue,Medium,Resolved,Portal,9.18,24,1,4
TKT-00827,278,12,2025-01-08 09:56:00,2025-01-09 00:32:00,Software,Microsoft 365 Issue,Medium,Resolved,Portal,14.60,24,1,4
TKT-00828,356,8,2025-07-28 15:06:00,2025-07-29 22:36:00,Software,Application Crash,Low,Closed,Portal,31.50,48,1,5
TKT-00829,9,1,2025-03-06 14:08:00,2025-03-07 02:05:36,Hardware,Laptop Performance,Medium,Resolved,Portal,11.96,24,1,5
TKT-00830,149,4,2026-01-15 13:35:00,2026-01-16 08:41:36,Software,Application Crash,Low,Resolved,Portal,19.11,48,1,4
TKT-00831,177,11,2026-07-13 19:55:00,2026-07-15 21:41:12,Software,Software Installation,Medium,Resolved,Phone,49.77,24,0,1
TKT-00832,161,8,2025-10-06 10:15:00,2025-10-06 15:08:24,Account Access,Password Reset,Low,Resolved,Portal,4.89,48,1,4
TKT-00833,32,7,2025-10-20 11:02:00,2025-10-21 00:08:00,Hardware,Laptop Performance,Medium,Resolved,Portal,13.10,24,1,5
TKT-00834,460,1,2025-08-27 15:56:00,2025-08-28 03:46:24,Printing,Printer Permissions,Medium,Resolved,Portal,11.84,24,1,3
TKT-00835,312,3,2025-08-06 13:56:00,2025-08-06 18:50:00,Security,Unauthorized Access Concern,High,Resolved,Portal,4.90,8,1,4
TKT-00836,16,10,2025-10-30 08:51:00,2025-10-31 08:16:12,Hardware,Keyboard/Mouse,Medium,Resolved,Phone,23.42,24,1,5
TKT-00837,150,5,2026-03-31 09:25:00,2026-03-31 23:17:12,Printing,Printer Offline,Medium,Resolved,Walk-up,13.87,24,1,3
TKT-00838,295,5,2026-08-05 16:49:00,2026-08-06 05:49:00,Printing,Printer Permissions,Medium,Resolved,Email,13.00,24,1,5
TKT-00839,175,10,2026-08-12 15:27:00,2026-08-12 17:09:00,Account Access,MFA Issue,Medium,Resolved,Phone,1.70,24,1,4
TKT-00840,156,6,2025-12-11 12:57:00,2025-12-11 16:27:36,Software,Application Access,High,Resolved,Email,3.51,8,1,5
TKT-00841,456,9,2026-06-24 09:28:00,2026-06-24 11:58:36,Account Access,Locked Account,High,Resolved,Portal,2.51,8,1,5
TKT-00842,361,3,2025-06-27 12:30:00,2025-06-27 19:29:24,Software,Microsoft 365 Issue,Low,Resolved,Email,6.99,48,1,3
TKT-00843,500,10,2025-12-24 15:29:00,2025-12-26 12:19:24,Security,Suspicious Email,Medium,Resolved,Email,44.84,24,0,4
TKT-00844,30,8,2026-02-05 10:41:00,2026-02-05 16:01:24,Software,Application Crash,Medium,Resolved,Portal,5.34,24,1,4
TKT-00845,152,1,2025-08-05 14:47:00,2025-08-05 22:03:48,Network,No Internet Access,High,Resolved,Portal,7.28,8,1,5
TKT-00846,150,6,2026-06-19 17:00:00,2026-06-20 02:24:00,Software,Software Installation,Medium,Resolved,Portal,9.40,24,1,3
TKT-00847,498,5,2026-08-20 11:37:00,2026-08-20 13:18:24,Software,Application Access,High,Resolved,Portal,1.69,8,1,4
TKT-00848,29,9,2025-02-04 15:42:00,2025-02-05 18:20:24,Printing,Driver Issue,Medium,Resolved,Phone,26.64,24,0,1
TKT-00849,75,3,2026-05-19 09:29:00,2026-05-19 13:33:48,Account Access,Locked Account,High,Resolved,Portal,4.08,8,1,5
TKT-00850,437,11,2025-09-16 11:49:00,2025-09-16 18:37:00,Network,VPN Connection,High,Resolved,Portal,6.80,8,1,5
TKT-00851,326,11,2026-04-10 12:51:00,2026-04-10 19:56:24,Hardware,Laptop Performance,Medium,Closed,Walk-up,7.09,24,1,4
TKT-00852,373,7,2026-02-13 13:04:00,2026-02-13 19:10:00,Account Access,Locked Account,Medium,Resolved,Email,6.10,24,1,4
TKT-00853,213,2,2025-02-07 11:25:00,2025-02-07 13:14:12,Security,Phishing Report,High,Closed,Walk-up,1.82,8,1,5
TKT-00854,294,6,2025-08-14 11:59:00,2025-08-14 16:02:36,Printing,Printer Offline,High,Resolved,Portal,4.06,8,1,4
TKT-00855,484,11,2026-03-03 09:07:00,2026-03-04 00:37:00,Printing,Printer Offline,Low,Resolved,Portal,15.50,48,1,4
TKT-00856,209,6,2025-11-17 19:24:00,2025-11-18 06:10:12,Hardware,Docking Station,Low,Resolved,Email,10.77,48,1,4
TKT-00857,134,1,2025-01-10 14:56:00,2025-01-11 14:49:24,Hardware,Monitor Issue,High,Resolved,Portal,23.89,8,0,4
TKT-00858,471,10,2025-01-03 08:11:00,2025-01-04 02:26:00,Printing,Printer Offline,High,Resolved,Walk-up,18.25,8,0,3
TKT-00859,249,8,2026-07-15 10:17:00,2026-07-15 20:35:36,Hardware,Docking Station,High,Resolved,Portal,10.31,8,0,3
TKT-00860,118,1,2026-08-07 19:33:00,2026-08-07 22:43:48,Software,Application Access,High,Resolved,Email,3.18,8,1,4
TKT-00861,79,3,2025-06-24 11:05:00,2025-06-24 18:29:36,Network,DNS Resolution,Critical,Resolved,Email,7.41,4,0,3
TKT-00862,280,6,2025-11-03 18:24:00,2025-11-03 20:03:36,Software,Application Crash,High,Resolved,Portal,1.66,8,1,5
TKT-00863,269,2,2025-09-02 16:34:00,2025-09-03 02:41:12,Account Access,Permissions Request,Medium,Resolved,Email,10.12,24,1,5
TKT-00864,254,7,2025-08-18 15:41:00,2025-08-18 20:02:00,Security,Phishing Report,Medium,Resolved,Email,4.35,24,1,4
TKT-00865,287,3,2025-06-04 15:37:00,2025-06-04 15:47:12,Account Access,Password Reset,High,Resolved,Portal,0.17,8,1,4
TKT-00866,276,5,2025-03-27 08:07:00,2025-03-27 18:35:48,Printing,Printer Offline,Low,Resolved,Email,10.48,48,1,4
TKT-00867,159,5,2025-04-03 09:48:00,2025-04-03 17:01:48,Software,Software Installation,Medium,Resolved,Portal,7.23,24,1,5
TKT-00868,430,6,2025-05-16 10:47:00,2025-05-16 14:22:24,Security,Unauthorized Access Concern,Critical,Resolved,Email,3.59,4,1,5
TKT-00869,43,10,2025-06-02 15:55:00,2025-06-05 11:50:48,Account Access,Locked Account,Low,Resolved,Email,67.93,48,0,3
TKT-00870,42,8,2025-12-30 10:44:00,2025-12-31 01:12:48,Hardware,Battery/Power,Low,Closed,Walk-up,14.48,48,1,5
TKT-00871,360,2,2025-01-14 10:47:00,2025-01-14 16:48:48,Hardware,Keyboard/Mouse,Medium,Resolved,Portal,6.03,24,1,5
TKT-00872,313,10,2025-03-07 11:54:00,2025-03-07 16:39:36,Printing,Print Queue Stuck,Medium,Resolved,Portal,4.76,24,1,5
TKT-00873,439,2,2026-05-26 07:29:00,2026-05-26 10:53:00,Software,Application Crash,High,Resolved,Portal,3.40,8,1,5
TKT-00874,478,11,2025-09-22 14:50:00,2025-09-22 16:24:12,Account Access,MFA Issue,High,Resolved,Email,1.57,8,1,3
TKT-00875,193,6,2026-08-07 16:38:00,2026-08-07 21:33:48,Network,Wi-Fi Connectivity,Critical,Resolved,Email,4.93,4,0,2
TKT-00876,417,3,2025-10-29 14:53:00,2025-10-29 20:16:24,Software,Software Installation,Medium,Resolved,Phone,5.39,24,1,4
TKT-00877,385,11,2025-02-04 12:02:00,2025-02-04 14:10:24,Network,VPN Connection,Critical,Resolved,Walk-up,2.14,4,1,4
TKT-00878,289,8,2026-01-16 09:41:00,2026-01-16 19:21:12,Software,Application Crash,High,Resolved,Email,9.67,8,0,3
TKT-00879,48,12,2026-03-26 12:53:00,2026-03-28 12:20:36,Network,Wi-Fi Connectivity,Medium,Resolved,Portal,47.46,24,0,2
TKT-00880,192,11,2025-02-03 09:48:00,2025-02-03 12:41:24,Software,Browser Issue,High,Resolved,Email,2.89,8,1,5
TKT-00881,391,6,2026-07-03 15:06:00,2026-07-04 09:28:48,Hardware,Laptop Performance,Medium,Resolved,Walk-up,18.38,24,1,4
TKT-00882,34,9,2025-07-04 14:33:00,2025-07-04 21:27:00,Network,No Internet Access,High,Resolved,Portal,6.90,8,1,5
TKT-00883,58,6,2025-05-13 11:32:00,2025-05-14 10:10:24,Hardware,Monitor Issue,Low,Resolved,Portal,22.64,48,1,4
TKT-00884,202,4,2026-04-21 12:00:00,2026-04-21 14:42:36,Security,Unauthorized Access Concern,Critical,Resolved,Portal,2.71,4,1,4
TKT-00885,105,6,2025-03-03 09:02:00,2025-03-03 18:56:00,Printing,Print Queue Stuck,Low,Resolved,Portal,9.90,48,1,5
TKT-00886,308,10,2026-07-17 13:27:00,2026-07-17 22:13:48,Hardware,Laptop Won't Start,High,Resolved,Phone,8.78,8,0,3
TKT-00887,219,1,2026-01-22 11:06:00,2026-01-23 19:19:48,Hardware,Monitor Issue,Medium,Resolved,Portal,32.23,24,0,2
TKT-00888,440,5,2025-08-04 09:39:00,2025-08-04 16:15:36,Account Access,Permissions Request,Medium,Resolved,Portal,6.61,24,1,4
TKT-00889,188,9,2026-03-12 09:55:00,2026-03-13 04:52:36,Software,Microsoft 365 Issue,Medium,Resolved,Portal,18.96,24,1,4
TKT-00890,89,12,2025-07-03 11:36:00,2025-07-04 10:51:00,Software,Browser Issue,Medium,Resolved,Portal,23.25,24,1,5
TKT-00891,173,2,2025-02-26 11:28:00,2025-02-26 23:01:00,Network,VPN Connection,High,Closed,Phone,11.55,8,0,1
TKT-00892,51,5,2025-09-15 08:10:00,2025-09-15 11:52:36,Account Access,Permissions Request,Medium,Resolved,Portal,3.71,24,1,4
TKT-00893,218,11,2026-06-02 08:50:00,2026-06-03 00:35:00,Software,Microsoft 365 Issue,Medium,Resolved,Portal,15.75,24,1,5
TKT-00894,16,1,2026-04-01 14:39:00,2026-04-03 08:11:24,Security,Unauthorized Access Concern,Medium,Resolved,Phone,41.54,24,0,3
TKT-00895,130,12,2025-05-22 12:14:00,2025-05-22 18:20:36,Software,Application Crash,Medium,Resolved,Email,6.11,24,1,4
TKT-00896,60,9,2026-04-09 11:10:00,2026-04-09 14:04:00,Network,Wi-Fi Connectivity,High,Resolved,Walk-up,2.90,8,1,4
TKT-00897,363,6,2025-04-14 16:44:00,2025-04-15 06:41:00,Software,Software Installation,Low,Resolved,Email,13.95,48,1,5
TKT-00898,284,6,2025-10-14 13:45:00,2025-10-15 00:04:12,Hardware,Battery/Power,Medium,Resolved,Phone,10.32,24,1,4
TKT-00899,260,7,2025-05-16 11:50:00,2025-05-16 23:48:48,Software,Microsoft 365 Issue,Medium,Closed,Phone,11.98,24,1,5
TKT-00900,347,9,2025-09-22 09:46:00,2025-09-22 14:25:00,Account Access,MFA Issue,Medium,Resolved,Email,4.65,24,1,5
TKT-00901,61,6,2025-02-10 14:16:00,2025-02-10 16:19:00,Account Access,Password Reset,Medium,Resolved,Email,2.05,24,1,4
TKT-00902,188,7,2026-03-16 13:29:00,2026-03-16 15:53:00,Account Access,Locked Account,High,Resolved,Email,2.40,8,1,5
TKT-00903,392,6,2025-02-12 07:24:00,2025-02-12 09:18:36,Software,Application Crash,High,Resolved,Portal,1.91,8,1,5
TKT-00904,463,6,2025-04-09 13:54:00,2025-04-09 17:26:24,Security,Malware Alert,Critical,Resolved,Portal,3.54,4,1,5
TKT-00905,87,6,2025-06-11 12:18:00,2025-06-11 13:47:24,Account Access,MFA Issue,High,Resolved,Email,1.49,8,1,4
TKT-00906,222,12,2025-08-14 16:01:00,2025-08-14 22:01:00,Software,Microsoft 365 Issue,High,Resolved,Portal,6.00,8,1,4
TKT-00907,361,12,2026-01-01 07:32:00,2026-01-03 13:54:12,Network,VPN Connection,Medium,Closed,Portal,54.37,24,0,3
TKT-00908,208,9,2026-01-15 11:19:00,2026-01-15 14:09:24,Security,Suspicious Email,High,Closed,Portal,2.84,8,1,5
TKT-00909,72,11,2026-01-27 14:06:00,2026-01-27 15:05:24,Account Access,Password Reset,High,Resolved,Email,0.99,8,1,5
TKT-00910,132,6,2025-02-05 15:52:00,2025-02-06 10:14:48,Network,No Internet Access,Medium,Resolved,Portal,18.38,24,1,4
TKT-00911,154,5,2025-10-24 15:43:00,2025-10-25 04:57:24,Account Access,MFA Issue,Medium,Resolved,Walk-up,13.24,24,1,4
TKT-00912,55,7,2025-06-04 12:25:00,2025-06-04 14:18:24,Account Access,Password Reset,Medium,Closed,Email,1.89,24,1,5
TKT-00913,46,5,2025-05-22 14:35:00,2025-05-24 13:17:00,Hardware,Laptop Won't Start,Medium,Resolved,Portal,46.70,24,0,3
TKT-00914,493,4,2025-03-19 16:33:00,2025-03-20 10:06:00,Account Access,Locked Account,High,Resolved,Email,17.55,8,0,2
TKT-00915,333,4,2025-01-08 18:42:00,2025-01-08 19:30:36,Software,Microsoft 365 Issue,High,Resolved,Portal,0.81,8,1,5
TKT-00916,452,6,2025-12-01 11:31:00,2025-12-02 01:07:36,Software,Application Crash,Medium,Resolved,Email,13.61,24,1,4
TKT-00917,382,1,2025-06-18 10:04:00,2025-06-18 16:52:36,Network,Wi-Fi Connectivity,High,Resolved,Phone,6.81,8,1,5
TKT-00918,231,6,2026-07-24 16:35:00,2026-07-24 17:24:48,Account Access,Password Reset,Medium,Closed,Portal,0.83,24,1,5
TKT-00919,406,6,2025-10-23 11:14:00,2025-10-23 13:47:36,Security,Unauthorized Access Concern,Critical,Resolved,Email,2.56,4,1,4
TKT-00920,1,8,2025-09-09 18:43:00,2025-09-10 07:19:00,Software,Application Crash,Medium,Resolved,Portal,12.60,24,1,4
TKT-00921,480,1,2026-06-01 14:32:00,2026-06-02 07:03:12,Network,Slow Network,Medium,Resolved,Walk-up,16.52,24,1,5
TKT-00922,186,12,2026-07-20 11:20:00,2026-07-20 18:54:12,Network,VPN Connection,Critical,Resolved,Portal,7.57,4,0,3
TKT-00923,42,2,2025-11-21 12:18:00,2025-11-21 18:25:12,Security,Unauthorized Access Concern,High,Resolved,Portal,6.12,8,1,3
TKT-00924,400,8,2025-01-17 12:14:00,2025-01-18 02:27:12,Network,VPN Connection,High,Resolved,Portal,14.22,8,0,4
TKT-00925,105,6,2026-04-21 11:23:00,2026-04-22 04:48:12,Network,No Internet Access,Medium,Resolved,Portal,17.42,24,1,3
TKT-00926,300,6,2025-11-18 13:36:00,2025-11-18 18:34:12,Security,Suspicious Email,High,Resolved,Email,4.97,8,1,4
TKT-00927,158,11,2026-07-15 12:41:00,2026-07-15 19:44:36,Software,Software Installation,Medium,Resolved,Portal,7.06,24,1,3
TKT-00928,9,11,2025-06-02 17:47:00,2025-06-02 19:26:00,Security,Phishing Report,Critical,Resolved,Phone,1.65,4,1,5
TKT-00929,193,9,2026-07-20 08:25:00,2026-07-20 13:04:36,Hardware,Laptop Performance,Critical,Resolved,Phone,4.66,4,0,4
TKT-00930,482,9,2025-03-13 14:12:00,2025-03-13 21:28:48,Account Access,MFA Issue,Medium,Resolved,Phone,7.28,24,1,4
TKT-00931,208,10,2026-01-02 14:07:00,2026-01-02 21:55:36,Software,Microsoft 365 Issue,High,Closed,Email,7.81,8,1,5
TKT-00932,248,1,2026-05-13 12:44:00,2026-05-13 13:07:24,Security,Malware Alert,Critical,Resolved,Phone,0.39,4,1,5
TKT-00933,73,8,2025-09-17 14:50:00,2025-09-17 15:26:00,Account Access,Password Reset,High,Closed,Email,0.60,8,1,5
TKT-00934,463,10,2026-01-02 14:10:00,2026-01-02 20:22:36,Software,Application Crash,Medium,Resolved,Walk-up,6.21,24,1,5
TKT-00935,457,12,2026-03-17 08:23:00,2026-03-17 20:11:36,Software,Software Installation,High,Closed,Portal,11.81,8,0,2
TKT-00936,468,10,2025-06-09 12:35:00,2025-06-09 22:27:12,Software,Software Installation,Low,Resolved,Portal,9.87,48,1,5
TKT-00937,124,6,2026-07-16 11:39:00,2026-07-16 16:04:12,Printing,Printer Offline,Medium,Resolved,Portal,4.42,24,1,5
TKT-00938,276,6,2026-04-27 07:44:00,2026-04-27 14:29:00,Hardware,Battery/Power,Low,Closed,Phone,6.75,48,1,5
TKT-00939,268,3,2026-05-04 07:00:00,2026-05-04 18:56:24,Account Access,Locked Account,Medium,Closed,Walk-up,11.94,24,1,5
TKT-00940,271,5,2025-12-25 18:25:00,2025-12-25 19:01:00,Security,Phishing Report,Critical,Resolved,Email,0.60,4,1,4
TKT-00941,463,11,2025-09-24 11:43:00,2025-09-25 07:49:36,Network,Wi-Fi Connectivity,Medium,Closed,Walk-up,20.11,24,1,5
TKT-00942,308,7,2025-10-09 12:34:00,2025-10-09 23:29:12,Software,Microsoft 365 Issue,Medium,Resolved,Walk-up,10.92,24,1,5
TKT-00943,316,4,2025-03-18 18:17:00,2025-03-18 20:44:36,Account Access,Password Reset,Low,Closed,Email,2.46,48,1,3
TKT-00944,497,12,2026-04-24 12:08:00,2026-04-24 15:09:48,Network,Wi-Fi Connectivity,High,Closed,Portal,3.03,8,1,5
TKT-00945,454,7,2025-06-17 08:16:00,2025-06-17 11:27:24,Account Access,Password Reset,Low,Resolved,Email,3.19,48,1,4
TKT-00946,282,10,2025-01-08 12:44:00,2025-01-10 00:59:00,Software,Application Crash,Medium,Resolved,Email,36.25,24,0,2
TKT-00947,251,4,2025-09-02 15:17:00,2025-09-02 17:37:24,Security,Suspicious Email,Critical,Resolved,Portal,2.34,4,1,4
TKT-00948,198,11,2025-11-17 09:57:00,2025-11-17 12:42:00,Network,No Internet Access,High,Resolved,Portal,2.75,8,1,4
TKT-00949,113,9,2026-05-22 11:14:00,2026-05-22 14:54:12,Software,Microsoft 365 Issue,High,Closed,Email,3.67,8,1,5
TKT-00950,399,4,2025-02-11 12:56:00,2025-02-11 16:39:12,Software,Software Installation,High,Resolved,Email,3.72,8,1,4
TKT-00951,370,7,2025-08-18 15:00:00,2025-08-18 18:19:12,Network,No Internet Access,High,Resolved,Portal,3.32,8,1,5
TKT-00952,157,2,2025-01-06 09:25:00,2025-01-06 21:26:12,Software,Application Crash,High,Resolved,Portal,12.02,8,0,3
TKT-00953,219,8,2025-05-05 18:21:00,2025-05-06 17:45:36,Software,Software Installation,Low,Resolved,Portal,23.41,48,1,4
TKT-00954,24,2,2026-01-30 14:36:00,2026-01-30 15:42:00,Account Access,Password Reset,Medium,Closed,Email,1.10,24,1,5
TKT-00955,106,4,2025-12-19 12:19:00,2025-12-20 04:22:36,Network,VPN Connection,High,Resolved,Phone,16.06,8,0,2
TKT-00956,136,6,2025-08-29 12:26:00,2025-08-29 17:39:48,Printing,Print Queue Stuck,Medium,Resolved,Portal,5.23,24,1,5
TKT-00957,209,3,2026-05-28 17:51:00,2026-05-29 08:58:48,Hardware,Laptop Performance,Low,Resolved,Walk-up,15.13,48,1,5
TKT-00958,14,9,2026-01-26 14:50:00,2026-01-26 15:41:00,Account Access,Locked Account,High,Closed,Portal,0.85,8,1,4
TKT-00959,30,10,2025-02-04 13:00:00,2025-02-04 14:42:36,Account Access,Password Reset,Medium,Resolved,Walk-up,1.71,24,1,5
TKT-00960,310,4,2025-10-28 11:32:00,2025-10-28 13:51:12,Hardware,Laptop Performance,High,Resolved,Email,2.32,8,1,4
TKT-00961,445,8,2025-10-24 16:02:00,2025-10-24 21:18:12,Account Access,MFA Issue,High,Resolved,Email,5.27,8,1,5
TKT-00962,52,2,2025-06-26 16:02:00,2025-06-26 23:47:36,Account Access,Permissions Request,Medium,Resolved,Email,7.76,24,1,4
TKT-00963,413,10,2025-05-07 12:02:00,2025-05-08 20:21:12,Network,No Internet Access,Medium,Closed,Portal,32.32,24,0,3
TKT-00964,241,6,2026-06-11 10:09:00,2026-06-11 22:18:00,Hardware,Docking Station,Medium,Closed,Email,12.15,24,1,5
TKT-00965,157,8,2025-05-02 18:27:00,2025-05-02 18:58:48,Account Access,Password Reset,High,Resolved,Email,0.53,8,1,5
TKT-00966,4,10,2025-07-23 15:16:00,2025-07-23 18:19:00,Hardware,Laptop Won't Start,High,Resolved,Email,3.05,8,1,4
TKT-00967,148,10,2025-10-27 11:27:00,2025-10-27 16:24:36,Network,Wi-Fi Connectivity,Medium,Resolved,Portal,4.96,24,1,5
TKT-00968,356,6,2026-02-11 11:27:00,2026-02-11 12:17:24,Security,Phishing Report,Critical,Resolved,Portal,0.84,4,1,4
TKT-00969,68,11,2025-08-27 10:20:00,2025-08-27 12:29:00,Hardware,Keyboard/Mouse,Critical,Closed,Portal,2.15,4,1,4
TKT-00970,154,10,2025-02-20 09:30:00,2025-02-21 17:57:00,Network,VPN Connection,Medium,Closed,Portal,32.45,24,0,1
TKT-00971,216,5,2025-04-21 16:45:00,2025-04-22 03:54:00,Hardware,Battery/Power,Medium,Resolved,Portal,11.15,24,1,4
TKT-00972,489,4,2026-01-13 19:37:00,2026-01-14 19:23:12,Network,VPN Connection,High,Resolved,Email,23.77,8,0,2
TKT-00973,351,1,2025-03-31 14:57:00,2025-04-03 00:16:12,Software,Microsoft 365 Issue,Medium,Resolved,Phone,57.32,24,0,1
TKT-00974,94,9,2025-05-06 18:29:00,2025-05-08 09:00:12,Hardware,Laptop Performance,Medium,Resolved,Email,38.52,24,0,2
TKT-00975,369,11,2025-02-05 11:32:00,2025-02-05 16:51:12,Network,VPN Connection,High,Resolved,Portal,5.32,8,1,5
TKT-00976,341,9,2025-11-13 10:42:00,2025-11-13 22:40:12,Hardware,Laptop Performance,Medium,Resolved,Email,11.97,24,1,4
TKT-00977,34,2,2026-07-29 10:57:00,2026-07-29 11:49:48,Network,Wi-Fi Connectivity,Critical,Resolved,Phone,0.88,4,1,5
TKT-00978,51,6,2025-06-05 13:06:00,2025-06-05 15:19:48,Account Access,Locked Account,Medium,Closed,Phone,2.23,24,1,5
TKT-00979,222,2,2025-06-04 16:54:00,2025-06-06 04:24:36,Network,VPN Connection,Medium,Resolved,Portal,35.51,24,0,2
TKT-00980,23,9,2026-04-06 08:12:00,2026-04-06 14:34:12,Software,Microsoft 365 Issue,Medium,Resolved,Portal,6.37,24,1,5
TKT-00981,238,10,2025-06-17 09:24:00,2025-06-17 12:13:12,Account Access,Password Reset,High,Resolved,Portal,2.82,8,1,5
TKT-00982,4,7,2026-01-23 14:51:00,2026-01-23 20:45:36,Account Access,Locked Account,Medium,Resolved,Phone,5.91,24,1,3
TKT-00983,212,4,2025-01-09 14:03:00,2025-01-09 21:21:00,Network,Wi-Fi Connectivity,Medium,Closed,Portal,7.30,24,1,5
TKT-00984,274,10,2025-11-12 08:23:00,2025-11-12 18:17:00,Network,DNS Resolution,High,Closed,Portal,9.90,8,0,1
TKT-00985,357,3,2026-08-20 10:00:00,2026-08-21 02:00:36,Printing,Printer Offline,Medium,Resolved,Email,16.01,24,1,4
TKT-00986,286,9,2025-05-22 12:04:00,2025-05-23 09:08:48,Printing,Printer Offline,Low,Resolved,Email,21.08,48,1,4
TKT-00987,6,1,2025-05-16 07:16:00,2025-05-16 10:47:12,Software,Software Installation,High,Resolved,Portal,3.52,8,1,3
TKT-00988,382,8,2026-01-19 14:38:00,2026-01-19 20:39:48,Printing,Print Queue Stuck,Medium,Resolved,Portal,6.03,24,1,5
TKT-00989,258,5,2025-04-02 09:09:00,2025-04-02 20:49:48,Account Access,Locked Account,Low,Resolved,Phone,11.68,48,1,5
TKT-00990,345,2,2025-08-13 10:08:00,2025-08-13 16:31:24,Network,No Internet Access,Medium,Resolved,Walk-up,6.39,24,1,4
TKT-00991,187,4,2026-07-23 10:35:00,2026-07-23 14:21:48,Account Access,MFA Issue,High,Resolved,Phone,3.78,8,1,4
TKT-00992,418,3,2025-05-13 15:14:00,2025-05-13 17:11:36,Account Access,Locked Account,High,Closed,Portal,1.96,8,1,4
TKT-00993,313,4,2026-05-21 14:48:00,2026-05-21 21:35:24,Security,Suspicious Email,Medium,Closed,Phone,6.79,24,1,4
TKT-00994,500,10,2026-04-16 11:26:00,2026-04-16 15:02:36,Software,Microsoft 365 Issue,Medium,Resolved,Email,3.61,24,1,4
TKT-00995,64,1,2025-12-23 12:50:00,2025-12-23 23:30:48,Network,VPN Connection,High,Resolved,Portal,10.68,8,0,1
TKT-00996,22,10,2025-04-08 17:52:00,2025-04-12 23:07:36,Network,VPN Connection,Low,Resolved,Phone,101.26,48,0,1
TKT-00997,48,2,2026-02-04 14:27:00,2026-02-07 06:05:24,Hardware,Battery/Power,Medium,Resolved,Email,63.64,24,0,2
TKT-00998,171,9,2025-09-08 08:29:00,2025-09-08 15:18:12,Security,Suspicious Email,High,Closed,Walk-up,6.82,8,1,4
TKT-00999,302,12,2025-04-18 08:40:00,2025-04-19 03:11:48,Security,Unauthorized Access Concern,High,Resolved,Phone,18.53,8,0,3
TKT-01000,69,5,2025-02-06 18:21:00,2025-02-07 01:15:00,Account Access,Permissions Request,Medium,Resolved,Phone,6.90,24,1,5
TKT-01001,416,2,2025-05-28 18:13:00,2025-05-29 06:34:00,Software,Application Access,Medium,Closed,Portal,12.35,24,1,4
TKT-01002,230,11,2025-10-03 15:13:00,2025-10-03 18:52:36,Printing,Printer Offline,Medium,Resolved,Phone,3.66,24,1,4
TKT-01003,196,8,2025-10-15 15:09:00,2025-10-15 19:00:36,Network,No Internet Access,Medium,Closed,Email,3.86,24,1,4
TKT-01004,410,2,2026-08-17 14:15:00,2026-08-18 18:33:36,Security,Phishing Report,Low,Resolved,Email,28.31,48,1,4
TKT-01005,361,10,2025-04-15 13:42:00,2025-04-15 16:59:24,Security,Malware Alert,High,Resolved,Email,3.29,8,1,5
TKT-01006,270,7,2025-09-17 12:49:00,2025-09-17 19:54:24,Software,Application Access,Medium,Closed,Email,7.09,24,1,5
TKT-01007,125,6,2025-10-03 10:53:00,2025-10-03 17:23:36,Software,Microsoft 365 Issue,High,Resolved,Email,6.51,8,1,3
TKT-01008,169,7,2026-01-26 13:07:00,2026-01-26 21:32:48,Software,Browser Issue,Medium,Resolved,Email,8.43,24,1,5
TKT-01009,453,8,2025-05-28 14:20:00,2025-06-01 11:14:36,Account Access,Locked Account,Low,Resolved,Portal,92.91,48,0,3
TKT-01010,409,3,2025-08-18 16:59:00,2025-08-20 20:20:36,Network,VPN Connection,Medium,Resolved,Portal,51.36,24,0,3
TKT-01011,91,5,2025-03-10 09:30:00,2025-03-11 03:44:24,Network,VPN Connection,Medium,Resolved,Phone,18.24,24,1,5
TKT-01012,239,9,2026-08-05 11:33:00,2026-08-09 14:37:12,Account Access,MFA Issue,Low,Resolved,Email,99.07,48,0,1
TKT-01013,383,7,2025-02-26 11:06:00,2025-02-26 15:30:36,Account Access,Locked Account,Medium,Closed,Portal,4.41,24,1,5
TKT-01014,407,1,2025-03-19 13:48:00,2025-03-19 17:52:12,Account Access,Locked Account,Medium,Resolved,Portal,4.07,24,1,5
TKT-01015,108,5,2025-01-02 11:14:00,2025-01-03 00:55:24,Software,Software Installation,Medium,Closed,Phone,13.69,24,1,3
TKT-01016,79,1,2026-02-13 12:44:00,2026-02-13 13:51:48,Printing,Print Queue Stuck,High,Resolved,Email,1.13,8,1,5
TKT-01017,79,10,2025-04-04 09:56:00,2025-04-04 11:19:24,Software,Software Installation,High,Resolved,Portal,1.39,8,1,5
TKT-01018,415,2,2025-10-24 08:55:00,2025-10-26 09:17:48,Software,Application Crash,Medium,Resolved,Portal,48.38,24,0,2
TKT-01019,442,8,2025-01-03 14:20:00,2025-01-03 21:12:12,Printing,Print Queue Stuck,Medium,Closed,Portal,6.87,24,1,4
TKT-01020,114,8,2026-07-22 13:44:00,2026-07-22 21:04:24,Security,Suspicious Email,High,Resolved,Portal,7.34,8,1,4
TKT-01021,264,7,2026-08-06 10:53:00,2026-08-07 04:47:36,Hardware,Laptop Won't Start,Medium,Resolved,Email,17.91,24,1,5
TKT-01022,1,12,2025-04-08 14:47:00,2025-04-10 13:24:12,Software,Application Crash,Medium,Resolved,Phone,46.62,24,0,2
TKT-01023,83,7,2026-07-28 14:44:00,2026-07-29 13:43:24,Account Access,Locked Account,Medium,Resolved,Portal,22.99,24,1,5
TKT-01024,144,12,2025-03-18 13:41:00,2025-03-19 06:48:48,Network,DNS Resolution,Low,Resolved,Walk-up,17.13,48,1,5
TKT-01025,202,3,2025-09-22 16:29:00,2025-09-22 22:16:24,Security,Suspicious Email,Medium,Resolved,Email,5.79,24,1,5
TKT-01026,196,8,2026-05-05 11:17:00,2026-05-06 18:23:00,Account Access,Password Reset,Medium,Resolved,Email,31.10,24,0,1
TKT-01027,114,10,2025-04-14 14:48:00,2025-04-14 15:54:36,Software,Microsoft 365 Issue,High,Resolved,Portal,1.11,8,1,5
TKT-01028,398,1,2025-05-30 17:56:00,2025-06-01 01:39:48,Hardware,Battery/Power,Medium,Resolved,Portal,31.73,24,0,2
TKT-01029,162,4,2026-03-27 12:49:00,2026-03-27 19:35:12,Software,Application Crash,Low,Resolved,Email,6.77,48,1,5
TKT-01030,462,6,2025-06-13 15:31:00,2025-06-14 07:22:36,Account Access,Password Reset,Low,Resolved,Walk-up,15.86,48,1,4
TKT-01031,396,12,2026-04-22 09:21:00,2026-04-22 10:14:24,Account Access,Password Reset,High,Closed,Portal,0.89,8,1,5
TKT-01032,337,1,2026-06-02 16:53:00,2026-06-02 19:14:00,Account Access,Permissions Request,Medium,Closed,Email,2.35,24,1,5
TKT-01033,74,6,2025-07-25 14:05:00,2025-07-25 22:27:12,Account Access,Locked Account,Medium,Closed,Phone,8.37,24,1,5
TKT-01034,489,7,2025-07-04 13:32:00,2025-07-05 17:56:36,Software,Application Crash,Medium,Resolved,Portal,28.41,24,0,3
TKT-01035,16,3,2025-10-02 08:19:00,2025-10-02 20:33:24,Hardware,Laptop Performance,Low,Resolved,Portal,12.24,48,1,5
TKT-01036,372,6,2026-01-20 17:55:00,2026-01-20 18:22:36,Account Access,Password Reset,High,Resolved,Email,0.46,8,1,5
TKT-01037,161,5,2026-04-13 08:16:00,2026-04-13 20:20:12,Account Access,MFA Issue,Medium,Resolved,Phone,12.07,24,1,5
TKT-01038,200,9,2026-07-27 09:21:00,2026-07-27 12:09:00,Printing,Printer Offline,Medium,Resolved,Phone,2.80,24,1,5
TKT-01039,190,10,2026-05-07 13:24:00,2026-05-07 13:52:48,Account Access,Password Reset,High,Resolved,Walk-up,0.48,8,1,5
TKT-01040,328,7,2025-01-20 11:58:00,2025-01-21 08:24:24,Hardware,Keyboard/Mouse,Medium,Closed,Portal,20.44,24,1,5
TKT-01041,200,12,2026-02-10 11:54:00,2026-02-10 20:40:12,Printing,Printer Offline,Medium,Resolved,Portal,8.77,24,1,4
TKT-01042,466,1,2025-08-20 11:51:00,2025-08-20 16:51:00,Network,Wi-Fi Connectivity,Medium,Resolved,Phone,5.00,24,1,5
TKT-01043,412,1,2025-09-16 07:32:00,2025-09-16 23:11:00,Account Access,Permissions Request,High,Resolved,Portal,15.65,8,0,3
TKT-01044,56,7,2025-09-29 19:36:00,2025-09-29 23:37:48,Printing,Driver Issue,Medium,Resolved,Phone,4.03,24,1,5
TKT-01045,218,4,2025-09-02 10:06:00,2025-09-03 03:10:12,Account Access,Locked Account,Low,Resolved,Portal,17.07,48,1,3
TKT-01046,68,4,2025-03-31 10:30:00,2025-03-31 19:08:24,Network,VPN Connection,Medium,Resolved,Portal,8.64,24,1,3
TKT-01047,313,11,2026-07-28 09:45:00,2026-07-29 00:39:00,Network,Slow Network,Medium,Resolved,Walk-up,14.90,24,1,5
TKT-01048,397,10,2025-03-26 13:18:00,2025-03-27 08:10:12,Software,Software Installation,Low,Resolved,Portal,18.87,48,1,4
TKT-01049,104,1,2026-08-04 16:10:00,2026-08-05 06:41:48,Software,Browser Issue,High,Closed,Email,14.53,8,0,3
TKT-01050,453,8,2025-01-30 15:41:00,2025-02-01 13:33:48,Printing,Print Queue Stuck,Medium,Resolved,Portal,45.88,24,0,2
TKT-01051,361,11,2025-11-03 17:35:00,2025-11-03 22:38:36,Network,Slow Network,Medium,Resolved,Email,5.06,24,1,4
TKT-01052,380,10,2026-01-20 11:01:00,2026-01-20 11:48:24,Account Access,Permissions Request,Critical,Resolved,Portal,0.79,4,1,5
TKT-01053,396,7,2026-04-22 11:48:00,2026-04-23 05:27:00,Printing,Printer Permissions,Low,Resolved,Portal,17.65,48,1,4
TKT-01054,342,9,2025-09-24 09:49:00,2025-09-24 12:08:48,Security,Phishing Report,Critical,Resolved,Portal,2.33,4,1,4
TKT-01055,6,2,2026-02-06 08:08:00,2026-02-07 15:23:36,Network,Slow Network,Medium,Resolved,Portal,31.26,24,0,3
TKT-01056,225,5,2025-03-28 16:34:00,2025-03-29 00:43:00,Account Access,Permissions Request,Medium,Closed,Portal,8.15,24,1,4
TKT-01057,340,10,2025-07-08 11:30:00,2025-07-08 21:17:24,Hardware,Monitor Issue,Medium,Closed,Phone,9.79,24,1,4
TKT-01058,150,4,2026-05-01 09:35:00,2026-05-01 14:10:24,Account Access,MFA Issue,Medium,Resolved,Email,4.59,24,1,4
TKT-01059,85,1,2025-08-26 15:53:00,2025-08-28 19:39:12,Account Access,Locked Account,Medium,Resolved,Walk-up,51.77,24,0,1
TKT-01060,107,12,2026-01-16 18:32:00,2026-01-17 02:30:12,Network,Wi-Fi Connectivity,High,Resolved,Walk-up,7.97,8,1,5
TKT-01061,73,6,2026-05-05 15:46:00,2026-05-06 01:03:24,Account Access,Locked Account,Medium,Closed,Portal,9.29,24,1,5
TKT-01062,475,10,2026-08-24 15:41:00,2026-08-24 18:54:48,Printing,Print Queue Stuck,Medium,Resolved,Email,3.23,24,1,5
TKT-01063,281,12,2025-04-10 12:51:00,2025-04-12 05:10:12,Network,No Internet Access,Medium,Closed,Portal,40.32,24,0,3
TKT-01064,370,1,2025-10-30 12:56:00,2025-10-30 14:35:00,Software,Application Crash,Medium,Closed,Portal,1.65,24,1,5
TKT-01065,73,4,2025-09-19 12:29:00,2025-09-20 23:14:36,Network,No Internet Access,Medium,Resolved,Phone,34.76,24,0,3
TKT-01066,157,9,2026-06-11 09:40:00,2026-06-16 03:09:24,Software,Microsoft 365 Issue,Low,Resolved,Portal,113.49,48,0,1
TKT-01067,243,1,2026-05-07 10:23:00,2026-05-11 16:23:00,Hardware,Keyboard/Mouse,Low,Closed,Walk-up,102.00,48,0,4
TKT-01068,493,4,2026-07-31 08:41:00,2026-07-31 20:51:12,Network,No Internet Access,High,Resolved,Email,12.17,8,0,1
TKT-01069,144,1,2026-01-08 09:01:00,2026-01-08 13:19:36,Network,VPN Connection,High,Resolved,Email,4.31,8,1,4
TKT-01070,267,1,2025-08-28 10:41:00,2025-08-28 19:25:24,Account Access,Locked Account,Medium,Resolved,Walk-up,8.74,24,1,4
TKT-01071,268,2,2025-05-08 08:44:00,2025-05-09 00:35:00,Network,VPN Connection,High,Resolved,Portal,15.85,8,0,3
TKT-01072,227,10,2025-03-31 12:17:00,2025-03-31 14:23:00,Security,Malware Alert,High,Resolved,Portal,2.10,8,1,4
TKT-01073,204,3,2026-05-19 10:47:00,2026-05-19 23:32:00,Hardware,Keyboard/Mouse,Medium,Resolved,Portal,12.75,24,1,4
TKT-01074,283,12,2025-11-25 08:12:00,2025-11-25 20:17:24,Printing,Printer Permissions,Medium,Resolved,Portal,12.09,24,1,4
TKT-01075,389,2,2025-12-17 11:18:00,2025-12-18 08:09:00,Printing,Print Queue Stuck,Low,Resolved,Portal,20.85,48,1,4
TKT-01076,399,1,2025-05-20 09:10:00,2025-05-24 04:37:00,Hardware,Monitor Issue,Low,Resolved,Walk-up,91.45,48,0,4
TKT-01077,323,6,2025-11-28 14:36:00,2025-11-28 23:48:36,Software,Microsoft 365 Issue,Medium,Resolved,Portal,9.21,24,1,5
TKT-01078,376,11,2026-08-18 16:56:00,2026-08-18 18:35:00,Account Access,Permissions Request,Critical,Resolved,Portal,1.65,4,1,5
TKT-01079,222,2,2025-01-23 11:50:00,2025-01-23 15:27:12,Account Access,Password Reset,Medium,Closed,Portal,3.62,24,1,4
TKT-01080,315,9,2025-07-10 09:00:00,2025-07-10 10:49:12,Account Access,Permissions Request,High,Closed,Phone,1.82,8,1,5
TKT-01081,191,6,2026-07-08 11:32:00,2026-07-08 12:42:48,Account Access,Password Reset,High,Resolved,Portal,1.18,8,1,4
TKT-01082,292,4,2026-06-03 16:20:00,2026-06-05 20:33:12,Printing,Printer Offline,Medium,Resolved,Phone,52.22,24,0,1
TKT-01083,478,6,2025-01-27 09:09:00,2025-01-27 19:10:12,Software,Application Crash,Medium,Resolved,Email,10.02,24,1,5
TKT-01084,432,5,2026-03-26 08:23:00,2026-03-26 12:19:24,Account Access,Locked Account,Low,Resolved,Phone,3.94,48,1,5
TKT-01085,102,6,2026-03-25 09:07:00,2026-03-26 02:41:12,Software,Application Crash,Medium,Resolved,Portal,17.57,24,1,3
TKT-01086,40,7,2025-11-12 13:52:00,2025-11-14 01:12:24,Network,DNS Resolution,Medium,Resolved,Walk-up,35.34,24,0,4
TKT-01087,340,7,2025-05-23 16:05:00,2025-05-24 12:10:24,Network,VPN Connection,Medium,Resolved,Portal,20.09,24,1,5
TKT-01088,196,10,2026-04-29 19:53:00,2026-04-30 05:30:12,Hardware,Monitor Issue,Medium,Resolved,Walk-up,9.62,24,1,5
TKT-01089,221,10,2025-10-21 14:16:00,2025-10-21 16:02:48,Account Access,MFA Issue,High,Resolved,Portal,1.78,8,1,5
TKT-01090,53,4,2026-05-06 11:12:00,2026-05-06 23:19:12,Software,Application Crash,Medium,Resolved,Phone,12.12,24,1,3
TKT-01091,364,10,2025-08-15 08:03:00,2025-08-15 15:41:24,Network,Wi-Fi Connectivity,Critical,Closed,Walk-up,7.64,4,0,4
TKT-01092,497,11,2026-07-08 15:28:00,2026-07-08 20:08:12,Software,Software Installation,Critical,Resolved,Portal,4.67,4,0,2
TKT-01093,448,8,2025-12-30 08:34:00,2025-12-30 21:58:00,Network,Slow Network,Medium,Resolved,Phone,13.40,24,1,5
TKT-01094,53,1,2026-06-16 11:30:00,2026-06-16 18:21:00,Software,Browser Issue,Medium,Closed,Phone,6.85,24,1,5
TKT-01095,358,4,2025-10-13 13:29:00,2025-10-13 20:09:48,Software,Application Crash,High,Resolved,Portal,6.68,8,1,5
TKT-01096,242,6,2025-12-09 10:30:00,2025-12-09 22:51:36,Printing,Printer Offline,Medium,Resolved,Portal,12.36,24,1,5
TKT-01097,409,5,2025-11-21 12:58:00,2025-11-21 18:40:36,Security,Unauthorized Access Concern,High,Resolved,Portal,5.71,8,1,5
TKT-01098,186,12,2025-05-28 09:40:00,2025-05-28 10:05:48,Software,Browser Issue,Critical,Closed,Phone,0.43,4,1,5
TKT-01099,284,8,2025-12-08 15:22:00,2025-12-10 03:14:48,Printing,Printer Offline,Medium,Resolved,Portal,35.88,24,0,3
TKT-01100,437,6,2026-07-08 10:55:00,2026-07-11 02:14:12,Printing,Driver Issue,Low,Resolved,Phone,63.32,48,0,4
TKT-01101,108,1,2025-07-23 14:16:00,2025-07-23 16:13:36,Software,Microsoft 365 Issue,Critical,Resolved,Email,1.96,4,1,3
TKT-01102,492,5,2025-11-17 14:01:00,2025-11-17 20:32:12,Network,VPN Connection,High,Resolved,Portal,6.52,8,1,4
TKT-01103,453,11,2026-04-24 18:19:00,2026-04-27 03:35:48,Network,VPN Connection,Medium,Resolved,Portal,57.28,24,0,3
TKT-01104,493,4,2026-08-13 07:20:00,2026-08-13 11:57:12,Software,Application Crash,Medium,Resolved,Email,4.62,24,1,4
TKT-01105,267,7,2025-09-18 08:39:00,2025-09-19 01:28:12,Software,Microsoft 365 Issue,Medium,Closed,Phone,16.82,24,1,4
TKT-01106,333,7,2025-08-29 09:29:00,2025-08-30 02:45:48,Hardware,Keyboard/Mouse,Medium,Closed,Phone,17.28,24,1,5
TKT-01107,241,4,2025-05-02 09:47:00,2025-05-02 15:13:24,Network,VPN Connection,High,Resolved,Portal,5.44,8,1,4
TKT-01108,84,7,2026-05-29 16:13:00,2026-05-29 21:50:12,Software,Application Access,Medium,Resolved,Portal,5.62,24,1,4
TKT-01109,141,12,2026-08-25 14:52:00,2026-08-26 14:39:24,Software,Application Crash,Medium,Resolved,Walk-up,23.79,24,1,5
TKT-01110,182,6,2026-07-15 13:27:00,2026-07-16 03:34:48,Printing,Print Queue Stuck,Low,Resolved,Email,14.13,48,1,4
TKT-01111,308,6,2025-07-03 08:27:00,2025-07-03 21:51:36,Network,VPN Connection,High,Resolved,Portal,13.41,8,0,2
TKT-01112,284,12,2026-08-11 10:51:00,2026-08-11 22:18:00,Software,Browser Issue,Medium,Resolved,Portal,11.45,24,1,3
TKT-01113,153,5,2025-02-13 15:52:00,2025-02-13 19:10:36,Software,Software Installation,High,Resolved,Portal,3.31,8,1,4
TKT-01114,74,5,2025-05-12 10:48:00,2025-05-12 13:49:12,Account Access,Password Reset,Medium,Resolved,Portal,3.02,24,1,3
TKT-01115,51,7,2026-08-27 18:40:00,2026-08-29 20:44:12,Network,Wi-Fi Connectivity,Medium,Resolved,Email,50.07,24,0,2
TKT-01116,374,6,2026-03-10 12:15:00,2026-03-11 07:31:48,Account Access,Locked Account,Low,Resolved,Portal,19.28,48,1,4
TKT-01117,182,7,2026-08-04 09:01:00,2026-08-04 11:38:12,Account Access,Password Reset,Medium,Closed,Portal,2.62,24,1,3
TKT-01118,497,7,2025-01-16 16:42:00,2025-01-17 01:41:24,Network,No Internet Access,High,Closed,Phone,8.99,8,0,4
TKT-01119,254,5,2025-04-02 09:10:00,2025-04-02 21:53:12,Software,Microsoft 365 Issue,High,Resolved,Phone,12.72,8,0,2
TKT-01120,257,10,2025-12-19 09:14:00,2025-12-19 14:11:00,Account Access,Password Reset,Medium,Resolved,Portal,4.95,24,1,5
TKT-01121,207,1,2025-03-10 15:50:00,2025-03-11 05:38:36,Network,VPN Connection,High,Closed,Portal,13.81,8,0,4
TKT-01122,61,9,2025-03-28 16:53:00,2025-03-29 00:39:48,Software,Application Crash,Medium,Resolved,Email,7.78,24,1,4
TKT-01123,165,12,2025-02-03 10:14:00,2025-02-03 15:06:48,Account Access,Permissions Request,Low,Resolved,Portal,4.88,48,1,4
TKT-01124,356,10,2025-05-21 13:18:00,2025-05-21 20:54:00,Security,Suspicious Email,Medium,Closed,Walk-up,7.60,24,1,3
TKT-01125,78,1,2025-11-14 10:05:00,2025-11-14 23:00:12,Software,Microsoft 365 Issue,Medium,Resolved,Portal,12.92,24,1,5
TKT-01126,194,3,2026-07-02 14:47:00,2026-07-02 15:44:00,Security,Phishing Report,Critical,Closed,Email,0.95,4,1,3
TKT-01127,95,11,2026-04-16 10:26:00,2026-04-16 13:48:12,Security,Phishing Report,Medium,Resolved,Walk-up,3.37,24,1,4
TKT-01128,197,8,2026-03-03 17:20:00,2026-03-04 02:45:12,Account Access,MFA Issue,Medium,Resolved,Phone,9.42,24,1,5
TKT-01129,242,9,2025-08-14 08:29:00,2025-08-14 09:13:24,Account Access,Password Reset,Medium,Resolved,Phone,0.74,24,1,4
TKT-01130,282,2,2025-02-04 07:48:00,2025-02-04 23:31:48,Printing,Printer Offline,Medium,Resolved,Email,15.73,24,1,5
TKT-01131,58,4,2025-07-21 15:13:00,2025-07-22 00:19:36,Account Access,MFA Issue,Medium,Resolved,Portal,9.11,24,1,4
TKT-01132,495,6,2026-04-06 15:53:00,2026-04-07 09:27:12,Software,Microsoft 365 Issue,Medium,Resolved,Portal,17.57,24,1,5
TKT-01133,253,3,2025-12-10 10:26:00,2025-12-11 14:46:24,Software,Application Access,Medium,Resolved,Portal,28.34,24,0,2
TKT-01134,462,5,2025-11-20 15:10:00,2025-11-20 16:13:36,Security,Lost/Stolen Device,Critical,Closed,Email,1.06,4,1,3
TKT-01135,281,2,2026-07-14 07:08:00,2026-07-14 10:29:00,Account Access,Permissions Request,Medium,Resolved,Portal,3.35,24,1,4
TKT-01136,441,9,2025-10-10 11:54:00,2025-10-12 01:01:48,Account Access,Permissions Request,Medium,Resolved,Portal,37.13,24,0,2
TKT-01137,158,4,2026-02-10 11:37:00,2026-02-13 20:54:24,Hardware,Keyboard/Mouse,Low,Resolved,Email,81.29,48,0,4
TKT-01138,65,6,2026-05-15 15:13:00,2026-05-16 07:35:12,Software,Microsoft 365 Issue,Medium,Resolved,Portal,16.37,24,1,4
TKT-01139,112,8,2026-06-29 08:18:00,2026-06-29 15:30:36,Network,Wi-Fi Connectivity,Medium,Resolved,Portal,7.21,24,1,4
TKT-01140,236,8,2025-07-10 19:26:00,2025-07-11 07:39:48,Printing,Print Queue Stuck,Medium,Closed,Email,12.23,24,1,5
TKT-01141,90,10,2025-11-27 13:02:00,2025-11-27 23:20:36,Printing,Driver Issue,Low,Resolved,Portal,10.31,48,1,4
TKT-01142,425,7,2025-05-21 13:41:00,2025-05-21 18:27:48,Hardware,Laptop Performance,Medium,Resolved,Walk-up,4.78,24,1,5
TKT-01143,117,12,2026-02-24 17:35:00,2026-02-24 18:18:48,Account Access,Password Reset,High,Resolved,Email,0.73,8,1,5
TKT-01144,441,12,2025-04-10 17:00:00,2025-04-11 06:19:48,Network,Slow Network,Medium,Resolved,Email,13.33,24,1,5
TKT-01145,278,7,2026-03-02 14:56:00,2026-03-03 15:03:48,Software,Software Installation,Low,Resolved,Portal,24.13,48,1,4
TKT-01146,121,7,2026-04-24 12:56:00,2026-04-26 01:28:24,Network,VPN Connection,Medium,Resolved,Portal,36.54,24,0,3
TKT-01147,268,12,2025-03-17 11:30:00,2025-03-17 13:28:48,Account Access,MFA Issue,Medium,Resolved,Portal,1.98,24,1,4
TKT-01148,174,6,2026-07-28 14:40:00,2026-07-29 03:50:12,Hardware,Docking Station,High,Resolved,Email,13.17,8,0,4
TKT-01149,356,1,2025-12-01 19:26:00,2025-12-02 12:06:48,Account Access,Permissions Request,Low,Closed,Portal,16.68,48,1,4
TKT-01150,172,4,2025-05-05 18:31:00,2025-05-06 02:46:00,Software,Application Access,High,Resolved,Portal,8.25,8,0,2
TKT-01151,167,3,2025-05-02 13:19:00,2025-05-02 19:29:48,Printing,Printer Permissions,Low,Resolved,Portal,6.18,48,1,5
TKT-01152,441,4,2025-03-13 07:51:00,2025-03-13 13:03:36,Network,Slow Network,Critical,Closed,Phone,5.21,4,0,4
TKT-01153,468,7,2025-11-21 15:39:00,2025-11-21 18:42:00,Hardware,Laptop Performance,High,Resolved,Portal,3.05,8,1,5
TKT-01154,279,12,2025-11-10 15:28:00,2025-11-11 00:28:00,Software,Microsoft 365 Issue,High,Resolved,Phone,9.00,8,0,4
TKT-01155,324,4,2026-06-19 16:23:00,2026-06-20 03:12:12,Security,Phishing Report,Medium,Resolved,Email,10.82,24,1,4
TKT-01156,177,12,2025-05-13 18:51:00,2025-05-13 20:37:48,Account Access,Password Reset,Medium,Resolved,Email,1.78,24,1,4
TKT-01157,263,4,2025-05-30 13:17:00,2025-06-01 07:35:00,Network,Slow Network,Medium,Resolved,Phone,42.30,24,0,2
TKT-01158,2,7,2026-08-17 10:59:00,2026-08-19 03:32:36,Network,VPN Connection,Medium,Closed,Portal,40.56,24,0,1
TKT-01159,418,3,2025-07-16 08:14:00,2025-07-16 21:26:00,Software,Software Installation,Medium,Resolved,Portal,13.20,24,1,3
TKT-01160,135,4,2025-02-12 11:48:00,2025-02-12 23:28:12,Network,No Internet Access,High,Closed,Email,11.67,8,0,3
TKT-01161,5,7,2025-04-23 17:28:00,2025-04-23 22:41:12,Security,Suspicious Email,High,Resolved,Portal,5.22,8,1,4
TKT-01162,231,8,2025-03-19 18:03:00,2025-03-23 20:18:36,Account Access,Password Reset,Low,Resolved,Walk-up,98.26,48,0,3
TKT-01163,69,1,2026-01-15 11:22:00,2026-01-15 18:55:00,Printing,Printer Offline,Low,Resolved,Portal,7.55,48,1,4
TKT-01164,153,9,2025-06-26 09:03:00,2025-06-26 10:22:12,Security,Phishing Report,High,Resolved,Portal,1.32,8,1,4
TKT-01165,309,3,2025-04-09 14:09:00,2025-04-13 13:18:00,Network,VPN Connection,Low,Resolved,Portal,95.15,48,0,2
TKT-01166,414,6,2025-07-04 17:54:00,2025-07-04 23:57:36,Software,Microsoft 365 Issue,High,Closed,Portal,6.06,8,1,3
TKT-01167,324,6,2026-03-16 10:38:00,2026-03-18 11:43:24,Network,VPN Connection,Medium,Resolved,Portal,49.09,24,0,3
TKT-01168,405,1,2025-07-29 09:32:00,2025-07-29 23:30:12,Printing,Printer Offline,High,Resolved,Phone,13.97,8,0,1
TKT-01169,220,4,2026-02-17 11:22:00,2026-02-18 05:55:36,Network,Slow Network,High,Resolved,Portal,18.56,8,0,1
TKT-01170,414,4,2026-07-24 10:02:00,2026-07-25 05:00:12,Hardware,Docking Station,High,Closed,Email,18.97,8,0,2
TKT-01171,106,6,2026-05-05 11:58:00,2026-05-05 23:00:24,Hardware,Laptop Won't Start,High,Resolved,Walk-up,11.04,8,0,2
TKT-01172,14,8,2026-01-06 11:50:00,2026-01-06 22:03:12,Account Access,Permissions Request,Medium,Resolved,Portal,10.22,24,1,4
TKT-01173,351,12,2025-05-07 15:23:00,2025-05-07 21:29:00,Network,Wi-Fi Connectivity,High,Resolved,Phone,6.10,8,1,5
TKT-01174,140,11,2025-10-06 12:28:00,2025-10-08 12:37:36,Network,Wi-Fi Connectivity,Medium,Resolved,Portal,48.16,24,0,2
TKT-01175,407,10,2025-03-25 15:14:00,2025-03-26 08:26:00,Software,Microsoft 365 Issue,High,Resolved,Portal,17.20,8,0,1
TKT-01176,261,3,2025-07-18 11:06:00,2025-07-18 20:47:24,Account Access,MFA Issue,Medium,Resolved,Email,9.69,24,1,5
TKT-01177,363,8,2026-03-10 18:27:00,2026-03-11 00:27:00,Printing,Driver Issue,Medium,Resolved,Phone,6.00,24,1,4
TKT-01178,199,7,2025-09-09 16:24:00,2025-09-10 05:21:00,Hardware,Laptop Won't Start,Medium,Resolved,Portal,12.95,24,1,4
TKT-01179,30,10,2025-06-25 18:51:00,2025-06-26 13:22:12,Software,Microsoft 365 Issue,High,Resolved,Walk-up,18.52,8,0,3
TKT-01180,438,1,2025-09-25 17:41:00,2025-09-26 22:15:48,Hardware,Laptop Won't Start,Medium,Resolved,Portal,28.58,24,0,3
TKT-01181,61,8,2026-04-06 09:09:00,2026-04-06 19:35:24,Account Access,Permissions Request,High,Resolved,Portal,10.44,8,0,4
TKT-01182,134,7,2026-07-14 17:18:00,2026-07-14 20:08:24,Account Access,MFA Issue,Medium,Closed,Email,2.84,24,1,4
TKT-01183,460,11,2026-02-10 11:23:00,2026-02-11 04:50:00,Account Access,Password Reset,High,Resolved,Email,17.45,8,0,3
TKT-01184,202,7,2025-06-12 13:14:00,2025-06-13 03:27:48,Account Access,Locked Account,High,Resolved,Walk-up,14.23,8,0,3
TKT-01185,186,3,2025-10-03 10:43:00,2025-10-03 11:19:36,Account Access,Password Reset,High,Resolved,Portal,0.61,8,1,5
TKT-01186,162,7,2025-06-24 11:21:00,2025-06-24 14:32:24,Account Access,Password Reset,Medium,Resolved,Email,3.19,24,1,5
TKT-01187,248,4,2026-05-13 11:48:00,2026-05-13 13:03:36,Account Access,Password Reset,Low,Resolved,Phone,1.26,48,1,5
TKT-01188,477,3,2026-02-23 13:37:00,2026-02-23 21:45:24,Hardware,Docking Station,Medium,Resolved,Portal,8.14,24,1,5
TKT-01189,276,4,2026-03-30 13:42:00,2026-04-01 03:33:36,Network,No Internet Access,Medium,Resolved,Phone,37.86,24,0,2
TKT-01190,392,4,2025-05-05 12:31:00,2025-05-05 19:36:24,Network,VPN Connection,Critical,Resolved,Phone,7.09,4,0,2
TKT-01191,371,10,2026-02-04 10:34:00,2026-02-05 00:47:12,Account Access,Password Reset,High,Resolved,Phone,14.22,8,0,3
TKT-01192,490,3,2025-01-07 15:29:00,2025-01-07 20:10:24,Network,No Internet Access,High,Resolved,Phone,4.69,8,1,5
TKT-01193,352,11,2025-08-28 15:33:00,2025-08-29 08:30:36,Network,No Internet Access,High,Resolved,Portal,16.96,8,0,2
TKT-01194,35,9,2025-12-01 14:28:00,2025-12-01 18:02:12,Account Access,MFA Issue,Medium,Resolved,Portal,3.57,24,1,5
TKT-01195,276,2,2025-06-03 10:26:00,2025-06-03 14:02:00,Account Access,Permissions Request,Medium,Closed,Email,3.60,24,1,4
TKT-01196,28,10,2026-06-02 11:10:00,2026-06-02 18:23:48,Software,Application Access,Medium,Resolved,Phone,7.23,24,1,4
TKT-01197,130,3,2025-06-05 11:01:00,2025-06-05 13:53:48,Account Access,Password Reset,Medium,Resolved,Portal,2.88,24,1,5
TKT-01198,153,12,2025-10-10 11:22:00,2025-10-10 15:02:48,Hardware,Laptop Performance,High,Resolved,Email,3.68,8,1,3
TKT-01199,301,6,2025-12-24 12:44:00,2025-12-24 21:23:36,Printing,Print Queue Stuck,Medium,Resolved,Portal,8.66,24,1,4
TKT-01200,425,4,2025-01-31 15:40:00,2025-02-01 11:02:48,Network,Wi-Fi Connectivity,Medium,Resolved,Email,19.38,24,1,3
TKT-01201,406,1,2025-11-07 13:31:00,2025-11-07 23:07:00,Software,Microsoft 365 Issue,Medium,Resolved,Portal,9.60,24,1,4
TKT-01202,298,2,2026-06-15 11:07:00,2026-06-15 23:48:24,Network,Wi-Fi Connectivity,Medium,Resolved,Portal,12.69,24,1,4
TKT-01203,464,6,2025-05-15 10:58:00,2025-05-15 13:17:12,Account Access,Password Reset,Medium,Resolved,Email,2.32,24,1,5
TKT-01204,478,1,2025-06-09 18:27:00,2025-06-10 00:34:48,Account Access,Permissions Request,Medium,Closed,Email,6.13,24,1,5
TKT-01205,76,4,2026-04-17 12:02:00,2026-04-17 17:33:48,Network,Wi-Fi Connectivity,Medium,Closed,Phone,5.53,24,1,5
TKT-01206,381,8,2025-01-09 16:27:00,2025-01-10 01:41:24,Software,Microsoft 365 Issue,High,Resolved,Portal,9.24,8,0,2
TKT-01207,188,6,2025-12-18 07:57:00,2025-12-18 18:25:48,Software,Microsoft 365 Issue,High,Closed,Portal,10.48,8,0,2
TKT-01208,341,10,2026-04-16 15:38:00,2026-04-16 23:04:24,Software,Application Crash,Medium,Resolved,Portal,7.44,24,1,5
TKT-01209,30,2,2026-02-27 16:40:00,2026-02-27 17:19:36,Account Access,Password Reset,Critical,Closed,Email,0.66,4,1,3
TKT-01210,150,6,2025-12-30 13:12:00,2025-12-30 13:45:00,Account Access,Password Reset,High,Resolved,Portal,0.55,8,1,5
TKT-01211,228,4,2025-10-07 14:23:00,2025-10-11 11:38:36,Software,Browser Issue,Low,Closed,Walk-up,93.26,48,0,1
TKT-01212,102,5,2025-03-27 17:01:00,2025-03-29 13:47:48,Network,VPN Connection,Medium,Resolved,Phone,44.78,24,0,2
TKT-01213,65,1,2025-10-07 14:32:00,2025-10-08 04:23:00,Software,Application Crash,High,Resolved,Phone,13.85,8,0,4
TKT-01214,272,11,2025-05-30 16:32:00,2025-05-31 04:20:36,Printing,Print Queue Stuck,Medium,Resolved,Portal,11.81,24,1,3
TKT-01215,164,3,2025-12-10 12:51:00,2025-12-11 05:57:00,Account Access,MFA Issue,Medium,Closed,Email,17.10,24,1,4
TKT-01216,441,2,2025-05-14 14:11:00,2025-05-15 00:47:36,Hardware,Battery/Power,Medium,Resolved,Phone,10.61,24,1,5
TKT-01217,95,6,2025-08-25 09:47:00,2025-08-25 17:45:48,Hardware,Keyboard/Mouse,Medium,Closed,Email,7.98,24,1,5
TKT-01218,75,10,2025-07-18 19:03:00,2025-07-18 22:03:00,Hardware,Laptop Won't Start,High,Closed,Walk-up,3.00,8,1,3
TKT-01219,172,3,2026-03-24 11:31:00,2026-03-24 16:56:12,Security,Suspicious Email,Medium,Resolved,Phone,5.42,24,1,5
TKT-01220,468,10,2026-05-22 10:55:00,2026-05-23 03:14:12,Network,VPN Connection,Medium,Closed,Email,16.32,24,1,5
TKT-01221,137,1,2025-07-30 17:10:00,2025-08-02 00:54:24,Hardware,Laptop Won't Start,Low,Resolved,Phone,55.74,48,0,2
TKT-01222,486,8,2025-11-25 11:44:00,2025-11-25 20:15:48,Account Access,MFA Issue,High,Resolved,Portal,8.53,8,0,2
TKT-01223,371,9,2026-01-12 13:27:00,2026-01-12 15:58:12,Network,DNS Resolution,High,Resolved,Portal,2.52,8,1,4
TKT-01224,341,6,2026-08-18 15:58:00,2026-08-18 16:38:12,Account Access,Password Reset,Critical,Resolved,Email,0.67,4,1,5
TKT-01225,413,8,2025-02-20 18:55:00,2025-02-20 21:53:12,Network,Slow Network,Critical,Closed,Portal,2.97,4,1,5
TKT-01226,277,9,2026-02-26 19:03:00,2026-02-26 23:57:36,Security,Unauthorized Access Concern,High,Resolved,Portal,4.91,8,1,5
TKT-01227,316,10,2025-12-31 13:34:00,2026-01-01 02:01:36,Network,No Internet Access,High,Resolved,Portal,12.46,8,0,1
TKT-01228,169,4,2025-08-21 12:51:00,2025-08-21 19:09:36,Account Access,MFA Issue,High,Resolved,Email,6.31,8,1,3
TKT-01229,57,10,2025-01-08 11:28:00,2025-01-08 13:38:12,Security,Suspicious Email,High,Closed,Portal,2.17,8,1,5
TKT-01230,308,1,2025-02-03 14:28:00,2025-02-03 16:08:48,Network,Wi-Fi Connectivity,High,Resolved,Email,1.68,8,1,5
TKT-01231,148,7,2025-03-27 12:52:00,2025-03-27 13:59:48,Account Access,Permissions Request,High,Resolved,Portal,1.13,8,1,5
TKT-01232,325,1,2025-01-10 11:48:00,2025-01-10 14:44:24,Account Access,Locked Account,High,Resolved,Email,2.94,8,1,5
TKT-01233,492,9,2026-07-29 17:53:00,2026-07-29 20:55:24,Software,Microsoft 365 Issue,Medium,Resolved,Email,3.04,24,1,5
TKT-01234,151,5,2026-04-16 12:34:00,2026-04-17 00:26:48,Software,Application Crash,Medium,Resolved,Email,11.88,24,1,4
TKT-01235,387,11,2026-07-31 17:17:00,2026-07-31 20:52:24,Hardware,Keyboard/Mouse,High,Resolved,Portal,3.59,8,1,4
TKT-01236,439,1,2025-06-11 08:57:00,2025-06-11 18:02:24,Hardware,Laptop Performance,High,Resolved,Email,9.09,8,0,2
TKT-01237,371,4,2026-03-31 09:55:00,2026-03-31 20:25:00,Hardware,Keyboard/Mouse,Medium,Closed,Phone,10.50,24,1,5
TKT-01238,271,3,2025-01-06 14:35:00,2025-01-06 23:05:36,Software,Software Installation,Medium,Resolved,Phone,8.51,24,1,3
TKT-01239,360,6,2025-11-11 12:35:00,2025-11-11 19:29:00,Software,Application Crash,Medium,Resolved,Phone,6.90,24,1,4
TKT-01240,110,8,2025-01-06 14:34:00,2025-01-06 15:07:00,Account Access,Password Reset,High,Resolved,Email,0.55,8,1,4
TKT-01241,379,9,2026-08-20 11:16:00,2026-08-20 11:54:24,Security,Phishing Report,High,Closed,Portal,0.64,8,1,5
TKT-01242,163,11,2026-03-27 14:38:00,2026-03-28 03:44:00,Software,Software Installation,Medium,Resolved,Email,13.10,24,1,5
TKT-01243,28,1,2026-01-26 13:07:00,2026-01-26 15:28:36,Account Access,MFA Issue,High,Resolved,Email,2.36,8,1,5
TKT-01244,193,6,2026-04-13 17:27:00,2026-04-13 18:39:36,Account Access,Password Reset,Medium,Closed,Phone,1.21,24,1,3
TKT-01245,322,6,2026-06-30 12:03:00,2026-07-01 09:49:48,Hardware,Monitor Issue,Low,Resolved,Phone,21.78,48,1,4
TKT-01246,250,11,2026-03-19 17:15:00,2026-03-19 22:59:24,Security,Unauthorized Access Concern,High,Resolved,Portal,5.74,8,1,4
TKT-01247,429,12,2025-12-08 12:33:00,2025-12-08 23:43:48,Network,No Internet Access,Low,Resolved,Email,11.18,48,1,3
TKT-01248,128,10,2025-04-07 12:28:00,2025-04-07 23:16:00,Software,Software Installation,Medium,Resolved,Walk-up,10.80,24,1,5
TKT-01249,290,1,2025-04-17 18:28:00,2025-04-18 00:26:12,Network,VPN Connection,High,Resolved,Portal,5.97,8,1,3
TKT-01250,458,6,2025-10-17 11:24:00,2025-10-17 17:25:48,Network,Slow Network,Medium,Closed,Portal,6.03,24,1,4
TKT-01251,116,11,2026-06-23 12:08:00,2026-06-23 12:53:00,Account Access,Password Reset,High,Resolved,Email,0.75,8,1,4
TKT-01252,17,5,2025-11-28 13:24:00,2025-11-29 06:53:24,Software,Microsoft 365 Issue,Low,Resolved,Email,17.49,48,1,4
TKT-01253,11,6,2025-09-17 14:02:00,2025-09-19 15:03:12,Network,VPN Connection,Medium,Resolved,Portal,49.02,24,0,3
TKT-01254,86,1,2025-10-27 18:33:00,2025-10-27 21:13:48,Security,Phishing Report,High,Resolved,Email,2.68,8,1,5
TKT-01255,257,9,2026-03-04 15:32:00,2026-03-04 21:54:12,Software,Application Crash,Medium,Resolved,Portal,6.37,24,1,4
TKT-01256,157,12,2026-02-05 09:43:00,2026-02-06 00:45:24,Account Access,Locked Account,Medium,Resolved,Email,15.04,24,1,5
TKT-01257,197,6,2026-08-26 13:19:00,2026-08-28 16:46:36,Hardware,Docking Station,Medium,Resolved,Walk-up,51.46,24,0,1
TKT-01258,281,2,2025-09-12 11:42:00,2025-09-13 16:38:24,Security,Suspicious Email,Medium,Closed,Portal,28.94,24,0,2
TKT-01259,16,2,2026-04-13 08:27:00,2026-04-14 01:58:12,Hardware,Laptop Won't Start,Medium,Resolved,Walk-up,17.52,24,1,5
TKT-01260,156,6,2025-06-25 12:50:00,2025-06-25 14:48:48,Account Access,Locked Account,High,Resolved,Portal,1.98,8,1,4
TKT-01261,275,12,2025-01-10 15:06:00,2025-01-12 11:30:00,Software,Application Crash,Medium,Resolved,Portal,44.40,24,0,2
TKT-01262,467,11,2025-05-21 10:41:00,2025-05-22 02:27:12,Hardware,Monitor Issue,High,Resolved,Portal,15.77,8,0,2
TKT-01263,311,12,2025-09-23 11:30:00,2025-09-24 08:02:24,Software,Microsoft 365 Issue,Medium,Resolved,Portal,20.54,24,1,5
TKT-01264,465,1,2026-02-20 09:35:00,2026-02-20 19:54:48,Software,Microsoft 365 Issue,Medium,Resolved,Email,10.33,24,1,3
TKT-01265,15,3,2025-01-07 11:02:00,2025-01-08 03:15:48,Hardware,Laptop Performance,High,Resolved,Portal,16.23,8,0,3
TKT-01266,139,10,2025-07-15 18:48:00,2025-07-15 20:28:12,Account Access,Password Reset,Medium,Resolved,Portal,1.67,24,1,5
TKT-01267,215,2,2025-01-08 09:30:00,2025-01-09 04:37:12,Software,Application Crash,Medium,Closed,Portal,19.12,24,1,4
TKT-01268,441,10,2025-05-07 14:07:00,2025-05-07 19:22:00,Account Access,Permissions Request,Medium,Resolved,Phone,5.25,24,1,4
TKT-01269,386,4,2025-11-17 18:49:00,2025-11-19 20:23:48,Network,VPN Connection,Medium,Resolved,Portal,49.58,24,0,2
TKT-01270,357,6,2025-01-21 07:26:00,2025-01-21 11:48:48,Printing,Printer Permissions,Medium,Resolved,Email,4.38,24,1,4
TKT-01271,273,10,2025-04-24 11:40:00,2025-04-26 20:08:12,Security,Phishing Report,Medium,Resolved,Portal,56.47,24,0,1
TKT-01272,448,9,2025-03-26 12:49:00,2025-03-26 15:29:12,Network,Slow Network,High,Resolved,Email,2.67,8,1,5
TKT-01273,38,1,2025-05-05 10:53:00,2025-05-06 23:15:48,Account Access,Password Reset,Medium,Resolved,Walk-up,36.38,24,0,4
TKT-01274,103,10,2026-01-19 13:59:00,2026-01-20 02:57:48,Security,Phishing Report,High,Resolved,Portal,12.98,8,0,1
TKT-01275,386,7,2026-08-07 14:22:00,2026-08-08 02:28:36,Software,Application Crash,High,Resolved,Portal,12.11,8,0,2
TKT-01276,249,12,2026-07-06 10:30:00,2026-07-06 12:02:24,Software,Microsoft 365 Issue,Critical,Resolved,Email,1.54,4,1,5
TKT-01277,380,12,2026-02-05 17:35:00,2026-02-06 02:31:24,Network,No Internet Access,Medium,Closed,Portal,8.94,24,1,3
TKT-01278,276,2,2026-03-11 09:37:00,2026-03-12 20:28:36,Software,Microsoft 365 Issue,Medium,Resolved,Email,34.86,24,0,4
TKT-01279,442,3,2025-05-21 17:58:00,2025-05-22 00:04:00,Account Access,MFA Issue,Medium,Resolved,Portal,6.10,24,1,5
TKT-01280,468,5,2026-02-03 17:36:00,2026-02-03 18:45:36,Account Access,Password Reset,Medium,Resolved,Portal,1.16,24,1,4
TKT-01281,84,10,2026-07-15 08:15:00,2026-07-16 08:11:24,Hardware,Monitor Issue,Medium,Resolved,Portal,23.94,24,1,5
TKT-01282,380,9,2025-06-24 17:34:00,2025-06-25 04:50:48,Software,Browser Issue,High,Resolved,Email,11.28,8,0,2
TKT-01283,266,7,2025-11-12 15:25:00,2025-11-12 22:00:24,Software,Browser Issue,Medium,Resolved,Phone,6.59,24,1,5
TKT-01284,370,2,2026-03-18 08:23:00,2026-03-18 19:08:00,Account Access,MFA Issue,High,Resolved,Email,10.75,8,0,3
TKT-01285,377,2,2025-05-21 08:00:00,2025-05-21 18:03:36,Account Access,Locked Account,Medium,Resolved,Portal,10.06,24,1,3
TKT-01286,331,5,2025-09-18 07:53:00,2025-09-18 21:21:12,Network,Wi-Fi Connectivity,Medium,Resolved,Walk-up,13.47,24,1,5
TKT-01287,92,8,2025-09-15 18:14:00,2025-09-16 00:44:36,Hardware,Keyboard/Mouse,Medium,Resolved,Phone,6.51,24,1,5
TKT-01288,438,4,2025-01-29 17:30:00,2025-01-29 21:34:48,Account Access,Locked Account,Medium,Closed,Email,4.08,24,1,5
TKT-01289,285,7,2026-05-08 12:58:00,2026-05-08 15:31:00,Account Access,Password Reset,Medium,Resolved,Portal,2.55,24,1,4
TKT-01290,41,12,2025-09-25 12:27:00,2025-09-26 00:15:00,Network,Slow Network,Medium,Resolved,Portal,11.80,24,1,5
TKT-01291,171,2,2026-01-27 11:40:00,2026-01-28 23:41:12,Software,Application Crash,Medium,Resolved,Walk-up,36.02,24,0,2
TKT-01292,200,12,2025-03-27 13:56:00,2025-03-28 19:31:24,Software,Browser Issue,Low,Resolved,Portal,29.59,48,1,3
TKT-01293,400,1,2026-01-26 12:19:00,2026-01-27 02:52:36,Hardware,Keyboard/Mouse,Medium,Resolved,Email,14.56,24,1,4
TKT-01294,254,7,2025-11-27 19:12:00,2025-11-27 20:55:48,Account Access,Password Reset,Medium,Resolved,Email,1.73,24,1,5
TKT-01295,230,6,2025-02-11 16:43:00,2025-02-12 07:13:36,Hardware,Laptop Won't Start,High,Resolved,Email,14.51,8,0,1
TKT-01296,314,6,2025-06-05 11:18:00,2025-06-06 19:28:12,Software,Application Crash,Low,Closed,Portal,32.17,48,1,4
TKT-01297,151,10,2025-12-18 08:38:00,2025-12-19 21:57:12,Network,Wi-Fi Connectivity,Medium,Resolved,Portal,37.32,24,0,2
TKT-01298,439,1,2025-06-24 14:50:00,2025-06-25 05:17:00,Printing,Printer Offline,Medium,Closed,Walk-up,14.45,24,1,4
TKT-01299,90,6,2026-04-09 18:10:00,2026-04-09 22:48:24,Network,VPN Connection,High,Resolved,Phone,4.64,8,1,4
TKT-01300,384,12,2025-08-12 12:35:00,2025-08-12 19:24:48,Software,Browser Issue,Medium,Closed,Phone,6.83,24,1,4
TKT-01301,372,11,2025-04-03 08:59:00,2025-04-03 12:24:12,Security,Malware Alert,High,Closed,Portal,3.42,8,1,4
TKT-01302,318,10,2025-09-04 12:16:00,2025-09-05 01:50:48,Network,VPN Connection,Medium,Resolved,Portal,13.58,24,1,5
TKT-01303,161,11,2026-06-01 12:01:00,2026-06-01 14:13:36,Account Access,Locked Account,High,Resolved,Portal,2.21,8,1,5
TKT-01304,456,10,2025-03-21 11:32:00,2025-03-22 16:39:48,Hardware,Monitor Issue,Medium,Resolved,Email,29.13,24,0,3
TKT-01305,67,10,2026-02-09 19:11:00,2026-02-10 09:00:48,Printing,Printer Offline,Medium,Closed,Phone,13.83,24,1,4
TKT-01306,124,5,2025-12-17 08:58:00,2025-12-19 17:43:00,Network,VPN Connection,Medium,Resolved,Portal,56.75,24,0,2
TKT-01307,438,12,2025-09-09 12:03:00,2025-09-09 23:56:24,Hardware,Docking Station,Medium,Resolved,Phone,11.89,24,1,3
TKT-01308,373,12,2025-11-26 12:57:00,2025-11-28 07:44:24,Software,Application Access,Medium,Resolved,Portal,42.79,24,0,4
TKT-01309,44,5,2026-07-22 08:41:00,2026-07-22 22:05:00,Hardware,Laptop Won't Start,Medium,Resolved,Portal,13.40,24,1,4
TKT-01310,162,10,2026-06-26 12:28:00,2026-06-26 22:17:48,Printing,Print Queue Stuck,Medium,Resolved,Email,9.83,24,1,5
TKT-01311,196,5,2025-09-02 11:46:00,2025-09-02 20:28:36,Network,Wi-Fi Connectivity,High,Resolved,Email,8.71,8,0,2
TKT-01312,429,3,2025-11-17 15:44:00,2025-11-17 21:58:24,Software,Application Crash,Medium,Resolved,Phone,6.24,24,1,5
TKT-01313,92,4,2026-03-18 15:05:00,2026-03-19 01:36:48,Printing,Printer Offline,Low,Closed,Email,10.53,48,1,5
TKT-01314,201,12,2026-08-06 10:15:00,2026-08-10 11:45:00,Network,VPN Connection,Low,Closed,Email,97.50,48,0,3
TKT-01315,452,11,2025-06-13 15:08:00,2025-06-13 18:20:36,Security,Phishing Report,Medium,Resolved,Portal,3.21,24,1,5
TKT-01316,271,9,2026-04-16 12:42:00,2026-04-17 00:11:24,Network,No Internet Access,Medium,Resolved,Portal,11.49,24,1,5
TKT-01317,334,12,2026-07-17 13:30:00,2026-07-17 16:15:00,Printing,Driver Issue,Medium,Resolved,Email,2.75,24,1,4
TKT-01318,267,6,2025-12-11 11:22:00,2025-12-11 23:41:12,Hardware,Battery/Power,Medium,Resolved,Portal,12.32,24,1,5
TKT-01319,298,1,2026-04-14 13:42:00,2026-04-14 19:06:00,Software,Microsoft 365 Issue,Medium,Resolved,Portal,5.40,24,1,3
TKT-01320,438,7,2025-10-15 16:39:00,2025-10-17 04:20:24,Network,VPN Connection,Medium,Resolved,Portal,35.69,24,0,2
TKT-01321,308,7,2026-05-14 10:54:00,2026-05-15 12:57:00,Software,Application Crash,Medium,Resolved,Walk-up,26.05,24,0,2
TKT-01322,244,1,2026-06-18 14:04:00,2026-06-18 16:13:00,Account Access,Password Reset,Medium,Resolved,Email,2.15,24,1,5
TKT-01323,212,1,2026-03-02 09:10:00,2026-03-02 22:40:36,Hardware,Keyboard/Mouse,Low,Resolved,Portal,13.51,48,1,5
TKT-01324,201,10,2025-03-12 15:55:00,2025-03-13 03:56:12,Software,Microsoft 365 Issue,Medium,Resolved,Email,12.02,24,1,5
TKT-01325,248,12,2025-05-15 07:10:00,2025-05-16 14:04:36,Network,No Internet Access,High,Resolved,Portal,30.91,8,0,3
TKT-01326,279,2,2026-04-20 10:25:00,2026-04-20 12:36:24,Printing,Driver Issue,Critical,Resolved,Portal,2.19,4,1,3
TKT-01327,374,5,2025-01-23 10:53:00,2025-01-23 19:35:00,Network,Wi-Fi Connectivity,Medium,Resolved,Phone,8.70,24,1,4
TKT-01328,255,2,2025-09-02 14:44:00,2025-09-02 19:49:24,Software,Microsoft 365 Issue,Critical,Resolved,Portal,5.09,4,0,1
TKT-01329,217,11,2025-09-30 09:12:00,2025-09-30 14:38:24,Software,Application Crash,Medium,Resolved,Email,5.44,24,1,3
TKT-01330,377,5,2025-06-19 08:55:00,2025-06-19 10:39:24,Software,Application Crash,Medium,Resolved,Portal,1.74,24,1,5
TKT-01331,156,11,2025-02-03 09:52:00,2025-02-03 14:56:12,Hardware,Laptop Performance,High,Closed,Email,5.07,8,1,4
TKT-01332,258,2,2025-05-08 10:15:00,2025-05-08 11:21:36,Printing,Printer Offline,Critical,Resolved,Phone,1.11,4,1,5
TKT-01333,169,6,2026-05-21 14:48:00,2026-05-22 05:24:00,Software,Application Crash,Medium,Resolved,Portal,14.60,24,1,4
TKT-01334,442,1,2026-06-01 08:14:00,2026-06-01 19:47:00,Account Access,Locked Account,High,Resolved,Walk-up,11.55,8,0,2
TKT-01335,334,12,2026-05-18 09:48:00,2026-05-19 02:37:12,Software,Browser Issue,Medium,Resolved,Phone,16.82,24,1,4
TKT-01336,12,1,2025-12-05 12:40:00,2025-12-06 14:05:48,Network,Wi-Fi Connectivity,Low,Resolved,Walk-up,25.43,48,1,5
TKT-01337,307,3,2025-12-29 08:39:00,2025-12-29 09:28:12,Account Access,Password Reset,High,Resolved,Portal,0.82,8,1,5
TKT-01338,169,1,2025-04-23 14:45:00,2025-04-23 19:36:36,Software,Application Crash,High,Resolved,Phone,4.86,8,1,5
TKT-01339,347,6,2025-12-24 15:59:00,2025-12-24 18:24:48,Account Access,MFA Issue,Medium,Resolved,Portal,2.43,24,1,5
TKT-01340,209,11,2025-06-13 16:18:00,2025-06-14 05:28:12,Network,Wi-Fi Connectivity,Medium,Resolved,Email,13.17,24,1,4
TKT-01341,413,9,2025-06-25 10:07:00,2025-06-26 05:56:48,Software,Software Installation,Medium,Resolved,Portal,19.83,24,1,4
TKT-01342,67,4,2025-05-12 14:57:00,2025-05-14 08:42:36,Account Access,MFA Issue,Medium,Closed,Email,41.76,24,0,1
TKT-01343,408,3,2025-01-21 17:32:00,2025-01-21 21:46:24,Software,Application Crash,Medium,Resolved,Portal,4.24,24,1,4
TKT-01344,346,8,2025-10-09 10:32:00,2025-10-09 20:14:00,Software,Software Installation,Low,Resolved,Phone,9.70,48,1,4
TKT-01345,242,4,2025-10-09 09:00:00,2025-10-09 16:11:24,Printing,Print Queue Stuck,Medium,Resolved,Portal,7.19,24,1,3
TKT-01346,102,4,2026-08-24 15:57:00,2026-08-26 02:07:48,Software,Microsoft 365 Issue,Low,Resolved,Walk-up,34.18,48,1,5
TKT-01347,294,6,2025-04-29 16:24:00,2025-04-30 03:08:24,Hardware,Laptop Won't Start,Medium,Closed,Portal,10.74,24,1,4
TKT-01348,180,2,2025-09-23 17:23:00,2025-09-24 06:21:48,Printing,Printer Offline,Medium,Closed,Walk-up,12.98,24,1,4
TKT-01349,433,12,2025-05-22 17:31:00,2025-05-22 20:41:12,Software,Software Installation,Medium,Resolved,Portal,3.17,24,1,5
TKT-01350,230,2,2025-03-05 08:40:00,2025-03-05 12:30:24,Software,Application Access,High,Resolved,Portal,3.84,8,1,4
TKT-01351,37,6,2025-07-21 11:31:00,2025-07-23 23:20:48,Network,Slow Network,Low,Resolved,Portal,59.83,48,0,1
TKT-01352,3,7,2025-09-01 15:31:00,2025-09-01 22:38:12,Printing,Printer Offline,Low,Resolved,Email,7.12,48,1,3
TKT-01353,383,11,2025-06-27 09:57:00,2025-06-28 21:29:24,Hardware,Battery/Power,Medium,Resolved,Email,35.54,24,0,2
TKT-01354,421,2,2025-09-30 11:15:00,2025-09-30 16:58:12,Account Access,Locked Account,Medium,Resolved,Email,5.72,24,1,5
TKT-01355,258,3,2025-01-23 09:26:00,2025-01-23 20:30:48,Software,Application Crash,Medium,Resolved,Phone,11.08,24,1,5
TKT-01356,246,12,2025-06-23 17:13:00,2025-06-24 05:00:24,Network,VPN Connection,High,Resolved,Portal,11.79,8,0,1
TKT-01357,470,12,2026-01-22 15:10:00,2026-01-23 03:40:00,Hardware,Monitor Issue,Medium,Closed,Email,12.50,24,1,4
TKT-01358,6,8,2025-04-11 13:05:00,2025-04-11 23:44:00,Account Access,Locked Account,Medium,Closed,Email,10.65,24,1,5
TKT-01359,313,6,2026-03-03 11:14:00,2026-03-03 15:27:12,Software,Software Installation,Medium,Closed,Portal,4.22,24,1,5
TKT-01360,383,7,2025-03-17 09:13:00,2025-03-17 16:01:00,Hardware,Battery/Power,Medium,Resolved,Phone,6.80,24,1,5
TKT-01361,419,12,2026-01-20 08:16:00,2026-01-20 08:51:24,Account Access,Password Reset,Medium,Resolved,Email,0.59,24,1,5
TKT-01362,347,11,2025-12-11 16:36:00,2025-12-13 05:25:48,Account Access,Locked Account,Medium,Resolved,Portal,36.83,24,0,2
TKT-01363,202,10,2025-07-08 15:21:00,2025-07-09 03:02:24,Hardware,Keyboard/Mouse,High,Resolved,Portal,11.69,8,0,2
TKT-01364,229,6,2025-10-23 16:13:00,2025-10-24 12:22:00,Account Access,Locked Account,Low,Resolved,Phone,20.15,48,1,3
TKT-01365,246,1,2025-12-09 14:26:00,2025-12-10 01:21:12,Security,Suspicious Email,High,Resolved,Walk-up,10.92,8,0,3
TKT-01366,480,11,2026-08-04 09:57:00,2026-08-05 00:13:48,Network,VPN Connection,High,Closed,Portal,14.28,8,0,3
TKT-01367,307,6,2025-02-26 13:32:00,2025-02-27 01:20:00,Account Access,Permissions Request,High,Resolved,Portal,11.80,8,0,2
TKT-01368,395,5,2025-01-07 10:22:00,2025-01-07 19:50:12,Software,Microsoft 365 Issue,High,Resolved,Email,9.47,8,0,1
TKT-01369,221,3,2026-02-27 08:56:00,2026-02-27 22:06:48,Software,Application Access,Low,Resolved,Portal,13.18,48,1,4
TKT-01370,8,4,2025-10-28 11:05:00,2025-10-28 22:25:24,Account Access,Locked Account,Medium,Resolved,Phone,11.34,24,1,5
TKT-01371,172,7,2026-01-08 10:18:00,2026-01-08 17:17:24,Network,VPN Connection,High,Resolved,Email,6.99,8,1,4
TKT-01372,126,2,2025-12-30 17:17:00,2025-12-31 07:53:00,Network,Wi-Fi Connectivity,High,Resolved,Email,14.60,8,0,3
TKT-01373,109,5,2025-07-30 14:46:00,2025-07-31 23:40:36,Hardware,Laptop Won't Start,Medium,Resolved,Portal,32.91,24,0,2
TKT-01374,417,3,2025-02-27 12:14:00,2025-02-28 06:58:24,Security,Suspicious Email,Medium,Resolved,Portal,18.74,24,1,5
TKT-01375,299,3,2025-01-27 11:59:00,2025-01-27 20:03:12,Software,Browser Issue,Medium,Closed,Portal,8.07,24,1,5
TKT-01376,253,12,2025-10-17 16:19:00,2025-10-18 16:55:36,Account Access,Locked Account,Medium,Resolved,Email,24.61,24,0,3
TKT-01377,274,7,2026-04-07 13:01:00,2026-04-08 02:33:24,Account Access,Locked Account,Medium,Closed,Email,13.54,24,1,3
TKT-01378,13,1,2025-10-24 16:52:00,2025-10-24 19:52:00,Account Access,Permissions Request,Medium,Closed,Portal,3.00,24,1,5
TKT-01379,313,5,2025-04-21 12:52:00,2025-04-21 16:28:00,Software,Software Installation,Medium,Resolved,Portal,3.60,24,1,4
TKT-01380,330,9,2026-08-12 12:18:00,2026-08-12 22:42:00,Hardware,Laptop Performance,High,Resolved,Portal,10.40,8,0,2
TKT-01381,30,3,2025-04-21 12:45:00,2025-04-21 19:46:12,Software,Software Installation,Medium,Closed,Email,7.02,24,1,4
TKT-01382,38,6,2025-02-13 15:32:00,2025-02-14 03:33:12,Network,DNS Resolution,High,Resolved,Email,12.02,8,0,2
TKT-01383,32,3,2025-08-11 10:11:00,2025-08-11 18:56:00,Software,Software Installation,Medium,Resolved,Portal,8.75,24,1,4
TKT-01384,393,6,2025-08-05 09:55:00,2025-08-05 23:35:12,Software,Application Access,Medium,Resolved,Email,13.67,24,1,4
TKT-01385,392,11,2026-03-19 08:32:00,2026-03-19 12:36:12,Hardware,Laptop Won't Start,High,Resolved,Phone,4.07,8,1,4
TKT-01386,377,2,2026-01-05 17:47:00,2026-01-05 21:35:00,Software,Application Crash,Medium,Resolved,Email,3.80,24,1,4
TKT-01387,303,5,2026-01-14 10:55:00,2026-01-14 17:04:00,Software,Software Installation,High,Resolved,Email,6.15,8,1,4
TKT-01388,37,1,2025-03-25 13:24:00,2025-03-25 17:15:36,Software,Application Access,Medium,Closed,Email,3.86,24,1,4
TKT-01389,416,12,2025-07-02 10:25:00,2025-07-02 13:58:00,Software,Microsoft 365 Issue,Medium,Resolved,Phone,3.55,24,1,4
TKT-01390,470,12,2026-02-06 12:16:00,2026-02-08 19:53:12,Network,No Internet Access,Medium,Resolved,Walk-up,55.62,24,0,1
TKT-01391,93,6,2025-06-27 11:59:00,2025-06-28 10:02:36,Hardware,Laptop Won't Start,Medium,Resolved,Portal,22.06,24,1,5
TKT-01392,358,2,2025-09-24 12:22:00,2025-09-24 19:37:00,Security,Phishing Report,Medium,Resolved,Phone,7.25,24,1,4
TKT-01393,38,9,2026-07-22 19:10:00,2026-07-23 01:04:36,Account Access,Locked Account,Medium,Closed,Email,5.91,24,1,5
TKT-01394,21,4,2026-04-10 10:00:00,2026-04-10 15:04:48,Security,Suspicious Email,Critical,Resolved,Portal,5.08,4,0,1
TKT-01395,450,6,2025-03-28 11:26:00,2025-03-28 11:55:24,Account Access,Password Reset,Medium,Closed,Portal,0.49,24,1,5
TKT-01396,414,12,2025-03-10 13:24:00,2025-03-11 07:05:24,Account Access,Locked Account,Medium,Resolved,Portal,17.69,24,1,5
TKT-01397,414,4,2025-02-06 12:07:00,2025-02-06 12:47:48,Account Access,Password Reset,Medium,Closed,Portal,0.68,24,1,3
TKT-01398,450,1,2025-08-12 08:27:00,2025-08-13 02:00:36,Software,Application Access,High,Closed,Portal,17.56,8,0,1
TKT-01399,274,1,2026-05-29 10:10:00,2026-05-29 13:44:48,Account Access,Password Reset,High,Closed,Email,3.58,8,1,5
TKT-01400,432,9,2025-11-13 16:30:00,2025-11-14 02:52:12,Network,Wi-Fi Connectivity,Medium,Resolved,Portal,10.37,24,1,4
TKT-01401,143,12,2025-07-30 11:59:00,2025-07-30 13:37:24,Software,Software Installation,High,Closed,Portal,1.64,8,1,4
TKT-01402,26,6,2026-07-27 12:41:00,2026-07-27 17:21:48,Network,VPN Connection,High,Resolved,Portal,4.68,8,1,4
TKT-01403,121,12,2026-03-20 10:36:00,2026-03-20 16:36:36,Printing,Printer Permissions,Medium,Resolved,Portal,6.01,24,1,5
TKT-01404,287,2,2026-07-23 10:31:00,2026-07-24 16:15:24,Hardware,Laptop Won't Start,Medium,Resolved,Phone,29.74,24,0,3
TKT-01405,403,6,2025-02-24 18:53:00,2025-02-25 00:42:12,Network,Slow Network,High,Closed,Email,5.82,8,1,4
TKT-01406,141,11,2026-06-11 13:13:00,2026-06-11 17:01:00,Hardware,Battery/Power,High,Resolved,Email,3.80,8,1,3
TKT-01407,327,3,2026-07-23 17:18:00,2026-07-23 20:51:36,Account Access,Password Reset,Medium,Closed,Portal,3.56,24,1,5
TKT-01408,348,12,2026-02-03 12:19:00,2026-02-03 16:19:36,Security,Suspicious Email,Medium,Closed,Portal,4.01,24,1,4
TKT-01409,479,8,2026-02-10 11:32:00,2026-02-10 14:56:00,Hardware,Docking Station,High,Resolved,Portal,3.40,8,1,5
TKT-01410,216,6,2025-11-13 13:06:00,2025-11-15 02:35:24,Security,Malware Alert,Medium,Resolved,Email,37.49,24,0,2
TKT-01411,428,6,2025-02-25 14:24:00,2025-02-25 21:03:00,Printing,Printer Offline,Medium,Resolved,Email,6.65,24,1,4
TKT-01412,371,6,2025-06-18 16:30:00,2025-06-18 19:52:48,Software,Microsoft 365 Issue,High,Resolved,Email,3.38,8,1,4
TKT-01413,479,8,2025-02-04 12:39:00,2025-02-05 06:51:36,Software,Browser Issue,Medium,Resolved,Portal,18.21,24,1,5
TKT-01414,486,6,2026-05-25 07:03:00,2026-05-25 08:52:12,Account Access,Locked Account,Medium,Resolved,Phone,1.82,24,1,5
TKT-01415,347,1,2025-03-07 15:22:00,2025-03-08 04:16:36,Printing,Printer Offline,High,Resolved,Walk-up,12.91,8,0,2
TKT-01416,383,11,2026-02-10 11:31:00,2026-02-10 12:15:24,Account Access,Password Reset,High,Resolved,Portal,0.74,8,1,4
TKT-01417,340,2,2025-02-19 15:15:00,2025-02-19 18:52:12,Hardware,Laptop Performance,High,Closed,Portal,3.62,8,1,5
TKT-01418,18,6,2025-01-31 10:54:00,2025-01-31 17:39:36,Account Access,Permissions Request,Low,Closed,Email,6.76,48,1,5
TKT-01419,381,4,2025-01-29 10:14:00,2025-01-31 02:41:36,Network,VPN Connection,Medium,Resolved,Portal,40.46,24,0,1
TKT-01420,339,6,2025-03-21 13:05:00,2025-03-21 21:51:48,Account Access,Locked Account,Medium,Resolved,Portal,8.78,24,1,4
TKT-01421,3,3,2025-09-26 14:01:00,2025-09-26 21:14:48,Account Access,MFA Issue,Medium,Resolved,Portal,7.23,24,1,5
TKT-01422,491,12,2025-12-26 09:54:00,2025-12-26 13:12:00,Network,Wi-Fi Connectivity,Critical,Resolved,Email,3.30,4,1,5
TKT-01423,376,8,2026-06-29 07:19:00,2026-06-29 09:28:00,Hardware,Laptop Performance,High,Closed,Phone,2.15,8,1,4
TKT-01424,176,5,2025-09-22 13:25:00,2025-09-22 19:28:36,Software,Application Access,Medium,Resolved,Email,6.06,24,1,3
TKT-01425,96,5,2025-12-18 14:37:00,2025-12-19 11:55:36,Software,Microsoft 365 Issue,Medium,Resolved,Phone,21.31,24,1,5
TKT-01426,435,2,2025-07-04 18:47:00,2025-07-04 20:23:36,Account Access,Password Reset,High,Closed,Portal,1.61,8,1,4
TKT-01427,35,5,2026-07-30 17:40:00,2026-07-31 05:55:00,Network,No Internet Access,Medium,Resolved,Portal,12.25,24,1,5
TKT-01428,118,9,2026-03-30 11:39:00,2026-03-30 20:44:24,Hardware,Monitor Issue,Medium,Resolved,Portal,9.09,24,1,5
TKT-01429,116,11,2026-08-12 16:34:00,2026-08-13 20:47:48,Printing,Print Queue Stuck,Medium,Resolved,Phone,28.23,24,0,1
TKT-01430,279,1,2025-09-17 11:23:00,2025-09-18 03:10:24,Network,VPN Connection,Medium,Resolved,Email,15.79,24,1,4
TKT-01431,382,4,2026-05-04 16:48:00,2026-05-05 18:33:36,Printing,Printer Permissions,Medium,Resolved,Portal,25.76,24,0,3
TKT-01432,88,8,2025-06-19 14:05:00,2025-06-21 01:40:24,Hardware,Monitor Issue,Medium,Resolved,Phone,35.59,24,0,4
TKT-01433,249,7,2025-07-30 12:34:00,2025-07-30 23:55:36,Software,Software Installation,Medium,Resolved,Phone,11.36,24,1,5
TKT-01434,34,10,2025-01-15 16:03:00,2025-01-16 01:44:24,Network,Wi-Fi Connectivity,Medium,Resolved,Phone,9.69,24,1,5
TKT-01435,22,5,2026-02-27 11:37:00,2026-02-27 15:26:12,Security,Phishing Report,High,Resolved,Portal,3.82,8,1,3
TKT-01436,380,9,2025-12-25 15:52:00,2025-12-26 05:49:36,Hardware,Docking Station,Medium,Resolved,Portal,13.96,24,1,5
TKT-01437,226,2,2026-07-23 11:21:00,2026-07-23 14:04:48,Network,Slow Network,High,Resolved,Walk-up,2.73,8,1,3
TKT-01438,455,1,2025-07-02 10:12:00,2025-07-02 14:43:48,Network,DNS Resolution,Medium,Resolved,Portal,4.53,24,1,5
TKT-01439,95,10,2025-12-18 13:50:00,2025-12-18 22:47:00,Network,VPN Connection,High,Resolved,Portal,8.95,8,0,3
TKT-01440,475,10,2025-05-09 14:05:00,2025-05-09 18:11:36,Security,Suspicious Email,High,Resolved,Phone,4.11,8,1,4
TKT-01441,214,2,2025-01-29 18:21:00,2025-01-29 20:09:00,Account Access,Permissions Request,Critical,Resolved,Portal,1.80,4,1,5
TKT-01442,165,12,2025-07-01 12:57:00,2025-07-01 19:33:00,Security,Suspicious Email,High,Resolved,Email,6.60,8,1,5
TKT-01443,6,3,2026-05-21 10:38:00,2026-05-22 19:03:48,Network,Wi-Fi Connectivity,Medium,Resolved,Portal,32.43,24,0,1
TKT-01444,308,6,2026-08-24 13:52:00,2026-08-25 19:11:12,Software,Software Installation,Medium,Resolved,Walk-up,29.32,24,0,1
TKT-01445,20,7,2026-02-20 17:41:00,2026-02-21 03:08:36,Network,VPN Connection,High,Resolved,Portal,9.46,8,0,2
TKT-01446,301,5,2025-05-23 09:56:00,2025-05-25 19:49:24,Network,DNS Resolution,Low,Resolved,Email,57.89,48,0,2
TKT-01447,244,9,2026-07-03 12:46:00,2026-07-03 20:09:24,Printing,Driver Issue,Medium,Closed,Portal,7.39,24,1,5
TKT-01448,197,2,2026-08-18 14:32:00,2026-08-18 17:13:24,Software,Microsoft 365 Issue,High,Resolved,Portal,2.69,8,1,5
TKT-01449,388,2,2026-04-20 09:00:00,2026-04-20 17:52:12,Account Access,Locked Account,Medium,Resolved,Portal,8.87,24,1,4
TKT-01450,358,2,2025-07-14 07:09:00,2025-07-14 21:16:48,Hardware,Monitor Issue,High,Resolved,Walk-up,14.13,8,0,3
TKT-01451,222,1,2026-06-09 17:17:00,2026-06-09 20:54:12,Network,Wi-Fi Connectivity,Medium,Resolved,Email,3.62,24,1,5
TKT-01452,481,5,2026-04-08 10:57:00,2026-04-08 12:13:12,Account Access,Password Reset,Medium,Resolved,Email,1.27,24,1,4
TKT-01453,76,11,2025-01-22 08:37:00,2025-01-22 11:23:12,Account Access,Permissions Request,High,Resolved,Phone,2.77,8,1,5
TKT-01454,103,4,2025-04-02 12:38:00,2025-04-03 00:15:12,Software,Browser Issue,Medium,Resolved,Email,11.62,24,1,5
TKT-01455,92,4,2025-09-12 10:01:00,2025-09-12 11:22:00,Account Access,Locked Account,Critical,Resolved,Phone,1.35,4,1,5
TKT-01456,424,6,2025-09-24 13:03:00,2025-09-24 23:33:00,Hardware,Keyboard/Mouse,Medium,Resolved,Portal,10.50,24,1,4
TKT-01457,266,4,2025-02-14 10:57:00,2025-02-14 13:51:36,Software,Browser Issue,High,Closed,Phone,2.91,8,1,4
TKT-01458,417,6,2025-06-12 16:56:00,2025-06-13 12:09:48,Hardware,Keyboard/Mouse,Low,Resolved,Phone,19.23,48,1,3
TKT-01459,233,8,2025-04-04 11:14:00,2025-04-04 18:34:24,Account Access,Permissions Request,Low,Resolved,Portal,7.34,48,1,5
TKT-01460,118,11,2025-01-02 13:52:00,2025-01-04 19:49:00,Network,Wi-Fi Connectivity,Medium,Resolved,Portal,53.95,24,0,3
TKT-01461,92,3,2026-02-26 11:17:00,2026-02-26 16:50:00,Software,Application Access,High,Resolved,Portal,5.55,8,1,5
TKT-01462,147,7,2026-04-24 16:27:00,2026-04-25 02:09:36,Network,No Internet Access,High,Closed,Email,9.71,8,0,3
TKT-01463,217,4,2026-07-20 17:47:00,2026-07-21 08:04:24,Network,Slow Network,Medium,Resolved,Portal,14.29,24,1,4
TKT-01464,56,4,2026-05-15 12:12:00,2026-05-16 02:39:00,Hardware,Battery/Power,Medium,Resolved,Walk-up,14.45,24,1,4
TKT-01465,89,6,2025-08-01 09:30:00,2025-08-01 13:23:24,Printing,Printer Offline,High,Resolved,Portal,3.89,8,1,5
TKT-01466,282,3,2026-08-10 19:36:00,2026-08-11 04:37:48,Hardware,Laptop Won't Start,Medium,Resolved,Email,9.03,24,1,3
TKT-01467,53,6,2025-06-23 10:33:00,2025-06-23 23:28:12,Software,Microsoft 365 Issue,Medium,Resolved,Portal,12.92,24,1,4
TKT-01468,444,9,2025-11-07 10:03:00,2025-11-07 11:27:36,Hardware,Monitor Issue,Critical,Closed,Email,1.41,4,1,5
TKT-01469,406,4,2025-11-25 11:29:00,2025-11-28 23:56:00,Network,VPN Connection,Medium,Resolved,Phone,84.45,24,0,2
TKT-01470,231,6,2026-03-06 13:28:00,2026-03-06 19:23:48,Printing,Printer Permissions,Low,Resolved,Portal,5.93,48,1,5
TKT-01471,341,1,2025-09-19 15:41:00,2025-09-20 04:26:36,Printing,Print Queue Stuck,Medium,Resolved,Walk-up,12.76,24,1,5
TKT-01472,97,7,2026-03-24 15:59:00,2026-03-28 00:43:24,Account Access,Locked Account,Low,Resolved,Portal,80.74,48,0,2
TKT-01473,349,6,2025-03-03 13:43:00,2025-03-03 23:35:48,Printing,Print Queue Stuck,Medium,Closed,Portal,9.88,24,1,5
TKT-01474,262,10,2026-01-21 16:19:00,2026-01-21 20:37:00,Account Access,Permissions Request,Medium,Resolved,Email,4.30,24,1,3
TKT-01475,95,12,2025-01-20 14:19:00,2025-01-20 18:50:12,Software,Application Access,High,Resolved,Phone,4.52,8,1,4
TKT-01476,274,2,2025-03-20 07:54:00,2025-03-23 11:06:36,Hardware,Laptop Won't Start,Low,Resolved,Email,75.21,48,0,2
TKT-01477,439,8,2025-04-08 19:38:00,2025-04-08 23:14:36,Account Access,Password Reset,Medium,Closed,Portal,3.61,24,1,5
TKT-01478,7,11,2026-02-03 12:08:00,2026-02-03 14:03:12,Security,Unauthorized Access Concern,High,Closed,Phone,1.92,8,1,5
TKT-01479,383,4,2025-07-11 15:10:00,2025-07-11 16:12:24,Account Access,Password Reset,High,Closed,Portal,1.04,8,1,5
TKT-01480,120,6,2025-08-01 11:05:00,2025-08-01 16:35:36,Security,Phishing Report,Medium,Resolved,Portal,5.51,24,1,5
TKT-01481,294,12,2025-06-04 14:08:00,2025-06-06 18:41:36,Hardware,Laptop Performance,Medium,Resolved,Phone,52.56,24,0,2
TKT-01482,84,9,2026-02-10 15:10:00,2026-02-10 22:56:48,Hardware,Docking Station,Medium,Resolved,Email,7.78,24,1,3
TKT-01483,165,6,2026-03-18 14:33:00,2026-03-19 10:13:12,Network,Wi-Fi Connectivity,Medium,Resolved,Portal,19.67,24,1,4
TKT-01484,263,12,2025-04-08 10:47:00,2025-04-08 16:08:36,Software,Application Crash,High,Closed,Portal,5.36,8,1,5
TKT-01485,204,8,2026-07-21 10:02:00,2026-07-21 10:23:36,Account Access,Password Reset,High,Resolved,Portal,0.36,8,1,4
TKT-01486,161,9,2025-07-10 09:39:00,2025-07-10 15:53:24,Software,Application Access,Medium,Resolved,Email,6.24,24,1,5
TKT-01487,338,3,2026-03-05 13:21:00,2026-03-05 17:37:48,Software,Application Crash,High,Resolved,Phone,4.28,8,1,4
TKT-01488,71,2,2026-08-11 18:06:00,2026-08-12 00:56:24,Account Access,MFA Issue,Medium,Closed,Portal,6.84,24,1,5
TKT-01489,131,3,2025-12-29 16:29:00,2025-12-29 23:28:24,Network,No Internet Access,High,Resolved,Email,6.99,8,1,4
TKT-01490,425,10,2025-06-03 07:39:00,2025-06-03 11:43:48,Account Access,Password Reset,Medium,Resolved,Walk-up,4.08,24,1,5
TKT-01491,415,2,2025-12-30 11:36:00,2025-12-30 22:22:48,Software,Application Crash,High,Resolved,Portal,10.78,8,0,2
TKT-01492,469,3,2025-03-07 18:33:00,2025-03-08 01:18:00,Software,Application Access,Medium,Resolved,Phone,6.75,24,1,5
TKT-01493,405,9,2025-04-30 10:04:00,2025-05-01 22:20:48,Hardware,Laptop Performance,Medium,Resolved,Email,36.28,24,0,2
TKT-01494,444,3,2026-04-15 13:56:00,2026-04-15 21:58:24,Software,Microsoft 365 Issue,Medium,Closed,Email,8.04,24,1,4
TKT-01495,377,4,2026-05-11 08:17:00,2026-05-11 11:24:12,Hardware,Monitor Issue,High,Resolved,Portal,3.12,8,1,5
TKT-01496,267,2,2025-05-07 13:53:00,2025-05-08 07:24:12,Network,Wi-Fi Connectivity,Medium,Resolved,Walk-up,17.52,24,1,3
TKT-01497,234,12,2025-04-25 11:20:00,2025-04-25 19:38:36,Account Access,MFA Issue,High,Closed,Email,8.31,8,0,1
TKT-01498,493,8,2025-04-29 13:00:00,2025-04-29 15:01:48,Account Access,Permissions Request,High,Resolved,Email,2.03,8,1,5
TKT-01499,92,7,2025-07-31 16:54:00,2025-07-31 19:51:36,Software,Microsoft 365 Issue,Medium,Resolved,Email,2.96,24,1,4
TKT-01500,378,6,2025-10-20 13:59:00,2025-10-21 05:24:48,Hardware,Laptop Performance,High,Resolved,Portal,15.43,8,0,1
TKT-01501,115,6,2025-03-25 08:10:00,2025-03-25 11:31:36,Security,Phishing Report,Medium,Resolved,Portal,3.36,24,1,4
TKT-01502,356,5,2025-01-08 14:15:00,2025-01-09 18:42:00,Network,Wi-Fi Connectivity,Low,Closed,Phone,28.45,48,1,4
TKT-01503,20,9,2025-12-10 09:59:00,2025-12-10 20:36:12,Account Access,MFA Issue,Low,Resolved,Portal,10.62,48,1,4
TKT-01504,86,10,2025-05-22 13:33:00,2025-05-22 17:46:12,Printing,Driver Issue,High,Resolved,Email,4.22,8,1,5
TKT-01505,382,9,2025-04-28 12:15:00,2025-04-29 22:33:36,Network,VPN Connection,Medium,Closed,Portal,34.31,24,0,1
TKT-01506,142,10,2026-01-13 14:53:00,2026-01-14 01:51:12,Hardware,Monitor Issue,Medium,Resolved,Email,10.97,24,1,4
TKT-01507,238,2,2025-06-04 08:31:00,2025-06-04 14:00:24,Security,Phishing Report,High,Resolved,Portal,5.49,8,1,4
TKT-01508,165,1,2025-10-23 15:17:00,2025-10-23 17:13:24,Software,Application Crash,High,Resolved,Portal,1.94,8,1,5
TKT-01509,37,5,2025-11-17 09:37:00,2025-11-18 10:11:12,Printing,Driver Issue,Low,Closed,Phone,24.57,48,1,3
TKT-01510,320,2,2026-04-24 10:18:00,2026-04-24 15:26:24,Security,Malware Alert,Medium,Resolved,Email,5.14,24,1,5
TKT-01511,79,3,2025-02-17 14:38:00,2025-02-18 15:56:00,Account Access,Locked Account,Medium,Resolved,Portal,25.30,24,0,1
TKT-01512,241,5,2026-07-28 14:21:00,2026-07-28 21:08:24,Printing,Printer Offline,Medium,Resolved,Phone,6.79,24,1,5
TKT-01513,411,6,2026-08-05 09:02:00,2026-08-05 14:02:36,Software,Microsoft 365 Issue,High,Resolved,Phone,5.01,8,1,5
TKT-01514,465,7,2026-06-16 09:00:00,2026-06-18 18:27:00,Hardware,Keyboard/Mouse,Low,Resolved,Phone,57.45,48,0,4
TKT-01515,394,6,2025-10-16 18:26:00,2025-10-17 03:47:00,Security,Malware Alert,High,Closed,Phone,9.35,8,0,1
TKT-01516,173,7,2026-02-12 18:58:00,2026-02-13 06:22:36,Account Access,Permissions Request,Low,Resolved,Email,11.41,48,1,4
TKT-01517,251,9,2025-12-23 16:18:00,2025-12-23 23:51:00,Account Access,MFA Issue,Medium,Closed,Phone,7.55,24,1,5
TKT-01518,461,1,2025-06-04 13:50:00,2025-06-05 02:36:12,Printing,Printer Offline,Medium,Resolved,Portal,12.77,24,1,3
TKT-01519,59,2,2025-07-09 13:44:00,2025-07-09 22:31:24,Network,VPN Connection,High,Resolved,Portal,8.79,8,0,1
TKT-01520,280,6,2026-06-16 10:40:00,2026-06-16 17:52:36,Account Access,MFA Issue,Medium,Resolved,Email,7.21,24,1,4
TKT-01521,347,4,2025-10-06 14:03:00,2025-10-08 20:23:24,Hardware,Docking Station,Medium,Resolved,Email,54.34,24,0,2
TKT-01522,419,3,2026-08-17 17:00:00,2026-08-18 05:52:48,Network,Wi-Fi Connectivity,High,Resolved,Portal,12.88,8,0,3
TKT-01523,431,10,2025-01-23 18:20:00,2025-01-24 04:30:48,Network,Wi-Fi Connectivity,High,Resolved,Portal,10.18,8,0,2
TKT-01524,41,7,2025-06-20 17:36:00,2025-06-23 00:42:36,Printing,Printer Permissions,Medium,Resolved,Email,55.11,24,0,2
TKT-01525,2,3,2025-11-26 12:45:00,2025-11-26 18:07:48,Network,No Internet Access,High,Resolved,Portal,5.38,8,1,5
TKT-01526,106,7,2025-12-11 15:08:00,2025-12-12 18:59:00,Network,VPN Connection,Medium,Closed,Walk-up,27.85,24,0,1
TKT-01527,410,1,2026-01-07 12:49:00,2026-01-08 14:38:12,Software,Software Installation,Low,Closed,Email,25.82,48,1,3
TKT-01528,286,4,2025-02-13 10:45:00,2025-02-15 07:48:00,Network,VPN Connection,Medium,Resolved,Walk-up,45.05,24,0,2
TKT-01529,356,2,2025-05-29 15:46:00,2025-05-29 18:55:00,Network,No Internet Access,Medium,Resolved,Email,3.15,24,1,4
TKT-01530,496,2,2025-08-25 10:57:00,2025-08-26 03:16:12,Printing,Printer Offline,High,Resolved,Portal,16.32,8,0,4
TKT-01531,125,2,2025-09-01 15:55:00,2025-09-01 23:13:00,Account Access,Locked Account,Medium,Resolved,Portal,7.30,24,1,5
TKT-01532,436,9,2025-03-03 09:44:00,2025-03-05 05:43:24,Network,Wi-Fi Connectivity,Medium,Resolved,Email,43.99,24,0,1
TKT-01533,314,7,2026-07-14 08:40:00,2026-07-14 19:08:12,Software,Microsoft 365 Issue,Medium,Resolved,Portal,10.47,24,1,4
TKT-01534,444,3,2025-06-26 18:51:00,2025-06-27 01:39:36,Network,VPN Connection,Medium,Closed,Portal,6.81,24,1,4
TKT-01535,394,6,2025-08-05 12:01:00,2025-08-06 13:57:24,Hardware,Docking Station,Medium,Resolved,Email,25.94,24,0,2
TKT-01536,51,10,2025-03-24 11:55:00,2025-03-24 12:59:48,Network,No Internet Access,High,Closed,Phone,1.08,8,1,4
TKT-01537,225,7,2026-03-26 16:23:00,2026-03-26 21:14:36,Account Access,Locked Account,Medium,Resolved,Portal,4.86,24,1,5
TKT-01538,147,1,2025-08-14 10:07:00,2025-08-14 18:35:12,Network,DNS Resolution,High,Closed,Portal,8.47,8,0,2
TKT-01539,362,6,2025-06-02 15:23:00,2025-06-03 00:32:00,Software,Software Installation,High,Resolved,Portal,9.15,8,0,2
TKT-01540,342,11,2026-06-15 12:43:00,2026-06-15 17:57:24,Software,Application Access,High,Resolved,Portal,5.24,8,1,5
TKT-01541,434,9,2026-02-09 11:57:00,2026-02-09 19:48:36,Account Access,Locked Account,Medium,Resolved,Walk-up,7.86,24,1,4
TKT-01542,206,3,2025-06-23 15:54:00,2025-06-24 06:12:00,Hardware,Keyboard/Mouse,Medium,Closed,Portal,14.30,24,1,5
TKT-01543,112,9,2026-07-07 08:01:00,2026-07-07 10:53:12,Account Access,Password Reset,Low,Resolved,Email,2.87,48,1,4
TKT-01544,110,9,2025-07-08 16:43:00,2025-07-09 06:41:48,Printing,Driver Issue,Medium,Resolved,Portal,13.98,24,1,4
TKT-01545,419,1,2026-04-01 15:37:00,2026-04-02 10:01:00,Software,Application Crash,Low,Resolved,Phone,18.40,48,1,4
TKT-01546,67,6,2026-03-10 09:14:00,2026-03-10 19:53:36,Printing,Print Queue Stuck,Low,Resolved,Email,10.66,48,1,4
TKT-01547,469,4,2025-09-04 12:52:00,2025-09-06 05:25:00,Account Access,MFA Issue,Medium,Resolved,Portal,40.55,24,0,2
TKT-01548,21,4,2025-05-14 10:54:00,2025-05-14 16:49:12,Account Access,Locked Account,Medium,Closed,Portal,5.92,24,1,4
TKT-01549,92,12,2025-11-13 14:20:00,2025-11-13 20:01:24,Security,Phishing Report,Critical,Closed,Phone,5.69,4,0,3
TKT-01550,276,1,2026-08-19 14:41:00,2026-08-20 00:20:36,Software,Application Crash,Medium,Resolved,Phone,9.66,24,1,5
TKT-01551,244,4,2025-03-04 14:47:00,2025-03-05 06:32:36,Hardware,Laptop Performance,Low,Resolved,Phone,15.76,48,1,4
TKT-01552,495,1,2025-08-06 17:52:00,2025-08-07 02:28:00,Account Access,Locked Account,Medium,Resolved,Portal,8.60,24,1,4
TKT-01553,260,4,2025-06-19 16:01:00,2025-06-19 19:57:24,Printing,Printer Offline,Medium,Resolved,Walk-up,3.94,24,1,4
TKT-01554,129,5,2025-08-12 13:24:00,2025-08-12 13:46:12,Account Access,Password Reset,Critical,Resolved,Email,0.37,4,1,4
TKT-01555,204,1,2025-03-27 14:12:00,2025-03-27 19:28:48,Hardware,Monitor Issue,High,Resolved,Walk-up,5.28,8,1,4
TKT-01556,73,4,2025-06-13 12:57:00,2025-06-13 14:33:36,Network,DNS Resolution,Critical,Closed,Portal,1.61,4,1,4
TKT-01557,185,2,2025-01-31 07:35:00,2025-01-31 16:21:12,Account Access,Locked Account,Low,Resolved,Email,8.77,48,1,4
TKT-01558,429,5,2026-03-23 13:23:00,2026-03-23 15:08:00,Account Access,Password Reset,Medium,Resolved,Phone,1.75,24,1,4
TKT-01559,289,2,2025-10-21 10:08:00,2025-10-21 15:47:00,Software,Application Crash,Medium,Resolved,Portal,5.65,24,1,5
TKT-01560,239,10,2025-12-11 17:24:00,2025-12-11 23:51:00,Software,Browser Issue,Medium,Closed,Portal,6.45,24,1,3
TKT-01561,472,2,2025-01-02 13:41:00,2025-01-03 08:09:48,Network,VPN Connection,Medium,Resolved,Phone,18.48,24,1,5
TKT-01562,389,5,2025-03-03 15:43:00,2025-03-04 03:12:24,Network,Slow Network,Medium,Closed,Portal,11.49,24,1,5
TKT-01563,255,2,2025-12-09 10:19:00,2025-12-09 15:16:36,Account Access,Locked Account,High,Resolved,Portal,4.96,8,1,5
TKT-01564,392,4,2026-04-10 15:23:00,2026-04-11 10:23:00,Hardware,Keyboard/Mouse,Medium,Resolved,Email,19.00,24,1,4
TKT-01565,468,7,2025-10-17 14:00:00,2025-10-17 18:45:00,Network,Slow Network,Medium,Closed,Portal,4.75,24,1,3
TKT-01566,488,3,2025-07-07 08:49:00,2025-07-08 23:02:48,Network,VPN Connection,Low,Closed,Portal,38.23,48,1,5
TKT-01567,49,8,2025-09-08 10:35:00,2025-09-08 13:01:24,Hardware,Laptop Won't Start,High,Resolved,Phone,2.44,8,1,3
TKT-01568,122,1,2025-08-04 09:27:00,2025-08-08 05:42:00,Hardware,Laptop Won't Start,Low,Resolved,Portal,92.25,48,0,1
TKT-01569,259,6,2026-01-30 17:09:00,2026-01-31 02:00:00,Network,Wi-Fi Connectivity,Medium,Resolved,Portal,8.85,24,1,4
TKT-01570,231,4,2025-09-04 10:55:00,2025-09-04 11:16:00,Account Access,Password Reset,Critical,Closed,Email,0.35,4,1,5
TKT-01571,126,7,2025-09-26 15:31:00,2025-09-27 11:15:24,Software,Microsoft 365 Issue,Medium,Resolved,Phone,19.74,24,1,5
TKT-01572,127,1,2025-06-27 13:00:00,2025-06-27 14:50:24,Software,Microsoft 365 Issue,High,Resolved,Email,1.84,8,1,3
TKT-01573,143,4,2025-08-18 10:12:00,2025-08-18 11:31:48,Security,Phishing Report,Critical,Closed,Email,1.33,4,1,5
TKT-01574,192,2,2025-09-05 12:43:00,2025-09-06 20:29:48,Network,VPN Connection,Medium,Resolved,Phone,31.78,24,0,1
TKT-01575,343,4,2025-10-31 13:07:00,2025-11-02 21:19:00,Account Access,Permissions Request,Medium,Resolved,Email,56.20,24,0,2
TKT-01576,102,4,2025-12-26 17:25:00,2025-12-27 12:10:00,Hardware,Battery/Power,High,Resolved,Phone,18.75,8,0,4
TKT-01577,344,9,2025-07-22 17:41:00,2025-07-23 06:41:00,Network,DNS Resolution,High,Resolved,Portal,13.00,8,0,3
TKT-01578,219,6,2026-06-26 13:10:00,2026-06-26 22:17:12,Printing,Printer Offline,Medium,Resolved,Portal,9.12,24,1,5
TKT-01579,137,2,2025-01-08 10:19:00,2025-01-10 13:28:00,Printing,Print Queue Stuck,Medium,Closed,Email,51.15,24,0,4
TKT-01580,93,11,2025-11-07 11:46:00,2025-11-07 15:46:36,Account Access,MFA Issue,Medium,Closed,Email,4.01,24,1,5
TKT-01581,488,5,2025-10-21 08:00:00,2025-10-21 15:16:12,Printing,Printer Offline,Medium,Closed,Portal,7.27,24,1,5
TKT-01582,363,7,2025-11-04 15:40:00,2025-11-05 04:48:24,Account Access,Locked Account,Medium,Resolved,Walk-up,13.14,24,1,4
TKT-01583,370,1,2026-06-02 11:51:00,2026-06-05 18:29:24,Network,Slow Network,Low,Resolved,Portal,78.64,48,0,4
TKT-01584,361,1,2025-10-15 08:28:00,2025-10-15 11:11:12,Account Access,Password Reset,Medium,Closed,Email,2.72,24,1,3
TKT-01585,337,3,2025-04-23 11:55:00,2025-04-23 20:13:36,Software,Application Crash,Medium,Closed,Portal,8.31,24,1,5
TKT-01586,340,5,2025-02-19 14:39:00,2025-02-20 01:31:48,Hardware,Battery/Power,High,Closed,Portal,10.88,8,0,1
TKT-01587,301,6,2025-07-14 10:39:00,2025-07-15 01:31:12,Network,Slow Network,High,Resolved,Portal,14.87,8,0,3
TKT-01588,272,6,2025-07-31 14:41:00,2025-07-31 16:06:12,Security,Phishing Report,High,Closed,Email,1.42,8,1,5
TKT-01589,362,8,2025-09-08 09:01:00,2025-09-09 16:12:24,Hardware,Docking Station,Medium,Closed,Portal,31.19,24,0,2
TKT-01590,131,10,2026-02-02 15:53:00,2026-02-03 00:56:36,Software,Application Crash,Medium,Closed,Phone,9.06,24,1,4
TKT-01591,465,6,2026-06-19 11:29:00,2026-06-19 14:10:24,Account Access,Locked Account,Medium,Resolved,Portal,2.69,24,1,3
TKT-01592,224,5,2025-06-19 12:31:00,2025-06-19 19:36:24,Hardware,Laptop Performance,Medium,Closed,Email,7.09,24,1,3
TKT-01593,361,1,2025-09-03 09:57:00,2025-09-03 12:04:48,Account Access,Password Reset,Medium,Resolved,Email,2.13,24,1,5
TKT-01594,163,1,2025-08-15 11:43:00,2025-08-15 22:14:48,Software,Browser Issue,Medium,Closed,Phone,10.53,24,1,5
TKT-01595,154,11,2026-07-03 11:57:00,2026-07-06 10:49:12,Security,Phishing Report,Low,Resolved,Portal,70.87,48,0,2
TKT-01596,178,6,2025-04-17 13:02:00,2025-04-17 16:57:48,Network,Wi-Fi Connectivity,Medium,Closed,Portal,3.93,24,1,5
TKT-01597,334,3,2025-01-22 14:39:00,2025-01-23 23:38:24,Account Access,MFA Issue,Medium,Resolved,Portal,32.99,24,0,2
TKT-01598,402,6,2025-06-20 14:22:00,2025-06-21 03:41:12,Printing,Print Queue Stuck,Medium,Closed,Portal,13.32,24,1,5
TKT-01599,59,7,2025-06-12 09:39:00,2025-06-12 18:58:12,Hardware,Monitor Issue,Medium,Resolved,Portal,9.32,24,1,5
TKT-01600,487,7,2025-09-01 16:34:00,2025-09-01 18:43:00,Software,Application Crash,Critical,Resolved,Portal,2.15,4,1,5
TKT-01601,250,10,2026-06-04 11:33:00,2026-06-04 15:54:00,Account Access,MFA Issue,Medium,Resolved,Portal,4.35,24,1,5
TKT-01602,390,2,2025-02-17 13:56:00,2025-02-17 18:16:24,Account Access,Password Reset,Low,Resolved,Email,4.34,48,1,5
TKT-01603,496,6,2025-10-08 10:09:00,2025-10-08 13:32:24,Security,Phishing Report,High,Resolved,Walk-up,3.39,8,1,5
TKT-01604,355,2,2025-01-27 08:37:00,2025-01-27 09:38:12,Network,No Internet Access,Critical,Resolved,Walk-up,1.02,4,1,3
TKT-01605,442,5,2025-07-09 07:00:00,2025-07-09 22:12:36,Network,Wi-Fi Connectivity,High,Closed,Portal,15.21,8,0,1
TKT-01606,316,4,2026-06-10 09:36:00,2026-06-10 19:44:24,Network,Wi-Fi Connectivity,Medium,Resolved,Portal,10.14,24,1,3
TKT-01607,32,8,2025-05-26 12:02:00,2025-05-26 13:15:12,Account Access,Password Reset,Medium,Resolved,Portal,1.22,24,1,3
TKT-01608,179,7,2025-01-14 11:41:00,2025-01-14 21:24:48,Network,VPN Connection,High,Resolved,Email,9.73,8,0,2
TKT-01609,456,10,2026-01-28 17:33:00,2026-01-28 23:43:48,Network,VPN Connection,High,Resolved,Portal,6.18,8,1,4
TKT-01610,275,12,2025-12-19 12:29:00,2025-12-19 14:23:36,Account Access,MFA Issue,Medium,Closed,Portal,1.91,24,1,4
TKT-01611,341,7,2026-06-17 10:03:00,2026-06-17 20:09:36,Printing,Driver Issue,Medium,Resolved,Portal,10.11,24,1,5
TKT-01612,116,11,2026-04-07 09:29:00,2026-04-08 01:27:12,Network,VPN Connection,High,Resolved,Portal,15.97,8,0,3
TKT-01613,48,10,2025-10-31 10:24:00,2025-10-31 16:27:00,Account Access,Password Reset,Medium,Resolved,Portal,6.05,24,1,5
TKT-01614,267,1,2025-12-22 08:33:00,2025-12-22 13:04:48,Software,Microsoft 365 Issue,Medium,Closed,Email,4.53,24,1,4
TKT-01615,134,10,2026-08-19 09:01:00,2026-08-19 23:51:24,Software,Microsoft 365 Issue,Medium,Resolved,Portal,14.84,24,1,3
TKT-01616,263,2,2026-08-19 07:17:00,2026-08-20 11:24:48,Software,Application Crash,Medium,Closed,Phone,28.13,24,0,1
TKT-01617,456,10,2025-07-21 12:04:00,2025-07-21 13:32:12,Account Access,Password Reset,High,Closed,Portal,1.47,8,1,5
TKT-01618,252,2,2025-10-10 08:11:00,2025-10-14 16:00:48,Hardware,Keyboard/Mouse,Low,Resolved,Portal,103.83,48,0,3
TKT-01619,231,1,2025-09-03 12:18:00,2025-09-03 16:10:12,Security,Phishing Report,High,Resolved,Portal,3.87,8,1,5
TKT-01620,474,12,2025-10-29 12:57:00,2025-10-29 13:43:48,Account Access,Password Reset,High,Resolved,Portal,0.78,8,1,5
TKT-01621,449,6,2026-01-12 11:34:00,2026-01-13 13:00:24,Network,No Internet Access,Medium,Resolved,Portal,25.44,24,0,1
TKT-01622,174,8,2026-05-28 12:55:00,2026-05-28 14:44:48,Software,Application Access,Medium,Resolved,Email,1.83,24,1,5
TKT-01623,126,10,2025-06-06 10:28:00,2025-06-07 19:40:00,Network,No Internet Access,Medium,Resolved,Phone,33.20,24,0,4
TKT-01624,333,8,2026-05-05 11:46:00,2026-05-06 01:08:12,Account Access,Locked Account,Medium,Resolved,Portal,13.37,24,1,5
TKT-01625,203,4,2025-02-04 17:10:00,2025-02-05 21:53:12,Software,Application Access,Medium,Resolved,Portal,28.72,24,0,1
TKT-01626,350,6,2025-02-20 17:27:00,2025-02-21 21:22:12,Software,Software Installation,Low,Resolved,Email,27.92,48,1,4
TKT-01627,387,1,2026-07-13 09:40:00,2026-07-13 21:59:12,Network,Wi-Fi Connectivity,Medium,Resolved,Portal,12.32,24,1,4
TKT-01628,142,1,2026-05-06 09:07:00,2026-05-08 17:15:24,Network,VPN Connection,Medium,Resolved,Portal,56.14,24,0,2
TKT-01629,407,2,2026-04-01 16:09:00,2026-04-01 18:06:00,Account Access,Password Reset,Medium,Resolved,Portal,1.95,24,1,3
TKT-01630,368,5,2026-03-26 11:53:00,2026-03-26 18:56:00,Network,VPN Connection,Medium,Resolved,Portal,7.05,24,1,5
TKT-01631,139,7,2026-05-13 08:48:00,2026-05-13 19:03:00,Printing,Print Queue Stuck,Medium,Resolved,Phone,10.25,24,1,4
TKT-01632,97,9,2025-01-23 13:11:00,2025-01-24 19:57:12,Printing,Driver Issue,Low,Closed,Portal,30.77,48,1,5
TKT-01633,300,6,2026-01-20 11:11:00,2026-01-21 08:37:24,Network,VPN Connection,Low,Resolved,Email,21.44,48,1,4
TKT-01634,249,9,2025-11-14 16:41:00,2025-11-14 21:48:12,Printing,Printer Offline,Medium,Closed,Portal,5.12,24,1,4
TKT-01635,281,11,2026-04-27 10:43:00,2026-04-28 00:46:36,Printing,Printer Offline,Medium,Resolved,Walk-up,14.06,24,1,4
TKT-01636,151,10,2026-06-23 09:56:00,2026-06-23 16:55:24,Network,No Internet Access,Medium,Closed,Portal,6.99,24,1,4
TKT-01637,156,2,2026-01-14 14:55:00,2026-01-15 00:43:36,Network,Wi-Fi Connectivity,High,Resolved,Portal,9.81,8,0,1
TKT-01638,11,12,2026-06-11 13:02:00,2026-06-12 21:14:36,Software,Application Crash,Low,Closed,Email,32.21,48,1,5
TKT-01639,74,4,2025-11-07 16:29:00,2025-11-07 21:05:36,Hardware,Docking Station,High,Closed,Email,4.61,8,1,5
TKT-01640,479,9,2025-05-13 13:35:00,2025-05-13 15:03:48,Printing,Driver Issue,High,Closed,Portal,1.48,8,1,4
TKT-01641,223,9,2026-05-11 13:09:00,2026-05-13 10:09:00,Hardware,Battery/Power,Medium,Resolved,Phone,45.00,24,0,1
TKT-01642,108,9,2025-11-25 14:01:00,2025-11-26 20:35:48,Network,VPN Connection,Medium,Resolved,Phone,30.58,24,0,3
TKT-01643,112,10,2025-02-03 10:35:00,2025-02-04 14:12:48,Printing,Printer Offline,Medium,Resolved,Portal,27.63,24,0,3
TKT-01644,40,8,2025-02-27 12:26:00,2025-02-27 12:57:48,Account Access,Password Reset,High,Resolved,Phone,0.53,8,1,5
TKT-01645,433,1,2025-02-03 08:43:00,2025-02-03 10:23:48,Account Access,Password Reset,Medium,Resolved,Email,1.68,24,1,5
TKT-01646,16,3,2026-01-02 18:26:00,2026-01-03 09:14:36,Software,Microsoft 365 Issue,High,Resolved,Email,14.81,8,0,1
TKT-01647,280,7,2025-09-24 12:23:00,2025-09-24 14:17:36,Security,Phishing Report,High,Resolved,Portal,1.91,8,1,5
TKT-01648,408,3,2026-08-14 09:39:00,2026-08-14 17:15:36,Software,Application Access,Medium,Resolved,Portal,7.61,24,1,5
TKT-01649,478,2,2026-08-21 15:26:00,2026-08-22 04:27:48,Software,Software Installation,Medium,Resolved,Phone,13.03,24,1,3
TKT-01650,341,6,2025-12-11 11:02:00,2025-12-11 22:57:48,Printing,Driver Issue,Medium,Resolved,Portal,11.93,24,1,4
TKT-01651,76,5,2025-12-01 15:55:00,2025-12-01 17:13:00,Account Access,Password Reset,Medium,Resolved,Email,1.30,24,1,4
TKT-01652,79,5,2025-03-13 10:46:00,2025-03-13 22:30:24,Software,Microsoft 365 Issue,High,Resolved,Portal,11.74,8,0,4
TKT-01653,330,9,2026-04-29 09:35:00,2026-04-29 21:00:48,Hardware,Docking Station,Medium,Resolved,Portal,11.43,24,1,5
TKT-01654,11,3,2026-07-16 11:35:00,2026-07-18 16:18:12,Hardware,Keyboard/Mouse,Medium,Resolved,Phone,52.72,24,0,2
TKT-01655,408,10,2025-01-03 16:33:00,2025-01-04 20:11:24,Security,Suspicious Email,Medium,Resolved,Email,27.64,24,0,3
TKT-01656,152,3,2025-10-22 13:05:00,2025-10-23 01:52:24,Account Access,Permissions Request,Medium,Closed,Email,12.79,24,1,5
TKT-01657,190,5,2025-02-17 14:56:00,2025-02-17 19:01:24,Software,Software Installation,Critical,Resolved,Portal,4.09,4,0,4
TKT-01658,262,11,2025-03-07 15:18:00,2025-03-07 18:06:00,Network,Wi-Fi Connectivity,High,Closed,Portal,2.80,8,1,5
TKT-01659,330,12,2025-10-06 10:03:00,2025-10-07 12:12:36,Hardware,Battery/Power,Medium,Resolved,Portal,26.16,24,0,2
TKT-01660,46,6,2025-02-18 17:38:00,2025-02-19 06:33:12,Network,VPN Connection,Medium,Resolved,Email,12.92,24,1,4
TKT-01661,190,12,2025-12-04 17:19:00,2025-12-04 19:32:48,Account Access,Password Reset,Medium,Resolved,Portal,2.23,24,1,3
TKT-01662,459,9,2025-05-15 11:26:00,2025-05-15 13:31:24,Software,Browser Issue,High,Resolved,Email,2.09,8,1,5
TKT-01663,463,10,2025-10-30 17:12:00,2025-10-30 21:36:00,Hardware,Monitor Issue,High,Resolved,Portal,4.40,8,1,5
TKT-01664,239,4,2026-05-18 09:21:00,2026-05-19 02:12:00,Hardware,Docking Station,Medium,Closed,Email,16.85,24,1,4
TKT-01665,381,5,2026-03-26 11:19:00,2026-03-26 21:07:36,Software,Microsoft 365 Issue,Medium,Resolved,Phone,9.81,24,1,5
TKT-01666,179,10,2025-01-03 17:30:00,2025-01-04 07:48:36,Network,DNS Resolution,Medium,Resolved,Portal,14.31,24,1,4
TKT-01667,339,6,2025-04-03 16:51:00,2025-04-04 04:32:24,Software,Software Installation,High,Resolved,Email,11.69,8,0,1
TKT-01668,429,6,2025-03-28 13:53:00,2025-03-29 03:11:00,Account Access,Locked Account,Low,Closed,Portal,13.30,48,1,4
TKT-01669,268,10,2026-03-06 13:59:00,2026-03-08 16:25:24,Software,Application Crash,Medium,Closed,Phone,50.44,24,0,3
TKT-01670,421,12,2025-12-16 09:31:00,2025-12-16 15:12:24,Network,Slow Network,High,Resolved,Walk-up,5.69,8,1,5
TKT-01671,290,7,2026-06-02 15:03:00,2026-06-02 21:45:00,Software,Browser Issue,Medium,Resolved,Phone,6.70,24,1,5
TKT-01672,135,6,2026-06-15 15:28:00,2026-06-16 01:24:24,Software,Application Access,Medium,Resolved,Portal,9.94,24,1,4
TKT-01673,361,8,2025-01-10 11:22:00,2025-01-11 23:56:48,Network,Slow Network,Medium,Resolved,Portal,36.58,24,0,4
TKT-01674,398,8,2025-11-25 16:51:00,2025-11-26 11:03:00,Hardware,Laptop Performance,High,Resolved,Email,18.20,8,0,3
TKT-01675,442,7,2026-06-16 15:06:00,2026-06-16 20:27:00,Software,Application Crash,Medium,Resolved,Portal,5.35,24,1,4
TKT-01676,77,9,2026-04-27 14:35:00,2026-04-27 21:44:00,Printing,Print Queue Stuck,Medium,Resolved,Email,7.15,24,1,5
TKT-01677,181,5,2026-03-18 12:39:00,2026-03-18 15:56:24,Account Access,Password Reset,Low,Resolved,Email,3.29,48,1,4
TKT-01678,242,8,2025-06-24 14:14:00,2025-06-24 19:22:24,Software,Application Crash,Medium,Closed,Portal,5.14,24,1,3
TKT-01679,212,5,2026-05-25 10:34:00,2026-05-25 13:50:48,Software,Software Installation,Low,Closed,Portal,3.28,48,1,5
TKT-01680,20,6,2025-10-07 15:46:00,2025-10-08 10:49:36,Software,Application Crash,Medium,Resolved,Phone,19.06,24,1,5
TKT-01681,420,3,2026-07-15 12:18:00,2026-07-15 13:06:36,Account Access,Password Reset,Critical,Closed,Portal,0.81,4,1,3
TKT-01682,214,10,2025-03-12 14:57:00,2025-03-14 12:48:36,Software,Application Crash,Low,Closed,Portal,45.86,48,1,3
TKT-01683,445,6,2026-06-16 13:55:00,2026-06-16 19:44:12,Network,No Internet Access,Medium,Resolved,Portal,5.82,24,1,4
TKT-01684,164,1,2025-04-04 12:25:00,2025-04-04 17:16:36,Account Access,MFA Issue,Medium,Resolved,Portal,4.86,24,1,4
TKT-01685,16,9,2026-01-29 12:23:00,2026-01-29 13:46:24,Printing,Print Queue Stuck,High,Resolved,Portal,1.39,8,1,4
TKT-01686,481,12,2026-07-09 13:16:00,2026-07-09 16:41:12,Software,Application Crash,Medium,Resolved,Portal,3.42,24,1,3
TKT-01687,494,3,2026-04-28 17:56:00,2026-04-30 08:13:24,Hardware,Laptop Won't Start,Medium,Closed,Email,38.29,24,0,2
TKT-01688,432,6,2025-05-14 11:01:00,2025-05-14 16:07:00,Account Access,Password Reset,Medium,Resolved,Portal,5.10,24,1,4
TKT-01689,107,8,2026-05-12 13:48:00,2026-05-12 18:30:36,Printing,Printer Offline,Medium,Resolved,Phone,4.71,24,1,4
TKT-01690,122,7,2025-08-12 13:54:00,2025-08-12 16:10:48,Account Access,Permissions Request,Medium,Resolved,Portal,2.28,24,1,5
TKT-01691,199,11,2025-09-16 15:47:00,2025-09-16 18:41:36,Security,Phishing Report,High,Closed,Portal,2.91,8,1,4
TKT-01692,234,8,2025-10-28 10:15:00,2025-10-28 21:28:48,Account Access,Locked Account,Medium,Resolved,Phone,11.23,24,1,4
TKT-01693,380,5,2026-04-23 10:09:00,2026-04-23 13:21:00,Network,No Internet Access,High,Resolved,Walk-up,3.20,8,1,5
TKT-01694,85,11,2025-05-20 11:17:00,2025-05-20 14:44:00,Software,Application Crash,High,Closed,Email,3.45,8,1,5
TKT-01695,483,1,2025-12-09 14:54:00,2025-12-09 23:20:24,Account Access,MFA Issue,Medium,Resolved,Phone,8.44,24,1,3
TKT-01696,316,4,2026-07-22 12:43:00,2026-07-22 22:50:12,Hardware,Laptop Won't Start,High,Closed,Portal,10.12,8,0,2
TKT-01697,112,4,2025-11-21 16:18:00,2025-11-21 17:18:36,Security,Suspicious Email,Critical,Resolved,Walk-up,1.01,4,1,4
TKT-01698,300,11,2025-09-03 08:35:00,2025-09-03 16:51:12,Hardware,Keyboard/Mouse,Medium,Closed,Portal,8.27,24,1,5
TKT-01699,287,8,2025-05-06 17:10:00,2025-05-07 01:49:00,Software,Browser Issue,Medium,Resolved,Email,8.65,24,1,3
TKT-01700,232,3,2025-03-31 12:09:00,2025-03-31 18:48:00,Network,No Internet Access,Medium,Resolved,Email,6.65,24,1,5
TKT-01701,156,2,2026-08-27 11:39:00,2026-08-27 17:53:24,Software,Browser Issue,High,Closed,Walk-up,6.24,8,1,4
TKT-01702,100,7,2026-03-23 14:10:00,2026-03-23 17:53:48,Network,VPN Connection,Critical,Resolved,Email,3.73,4,1,5
TKT-01703,102,2,2026-04-14 08:36:00,2026-04-14 17:06:00,Printing,Print Queue Stuck,Low,Resolved,Walk-up,8.50,48,1,5
TKT-01704,446,4,2026-05-01 09:53:00,2026-05-01 14:39:48,Hardware,Battery/Power,Medium,Closed,Email,4.78,24,1,4
TKT-01705,2,1,2026-07-13 18:41:00,2026-07-14 00:50:36,Software,Application Access,High,Resolved,Portal,6.16,8,1,4
TKT-01706,81,3,2026-08-21 14:24:00,2026-08-22 08:42:36,Software,Application Crash,High,Resolved,Email,18.31,8,0,2
TKT-01707,88,10,2026-03-09 11:19:00,2026-03-12 08:41:48,Hardware,Laptop Won't Start,Medium,Resolved,Walk-up,69.38,24,0,1
TKT-01708,336,6,2025-05-26 12:23:00,2025-05-26 15:54:48,Account Access,Permissions Request,Medium,Resolved,Portal,3.53,24,1,5
TKT-01709,470,9,2026-01-12 09:57:00,2026-01-12 10:28:48,Account Access,Permissions Request,Critical,Resolved,Phone,0.53,4,1,4
TKT-01710,232,9,2026-04-09 09:45:00,2026-04-09 17:47:24,Network,VPN Connection,High,Resolved,Email,8.04,8,0,2
TKT-01711,92,11,2025-12-03 09:52:00,2025-12-04 22:27:24,Software,Application Access,Medium,Resolved,Portal,36.59,24,0,3
TKT-01712,483,4,2025-08-13 12:57:00,2025-08-13 19:57:36,Account Access,Permissions Request,Medium,Resolved,Email,7.01,24,1,5
TKT-01713,57,8,2025-07-07 10:17:00,2025-07-07 16:27:12,Network,VPN Connection,High,Resolved,Portal,6.17,8,1,3
TKT-01714,184,4,2026-04-01 14:45:00,2026-04-03 09:38:24,Printing,Driver Issue,Low,Resolved,Phone,42.89,48,1,5
TKT-01715,259,1,2025-09-04 11:04:00,2025-09-04 18:17:48,Software,Application Access,Low,Closed,Portal,7.23,48,1,5
TKT-01716,446,2,2026-08-11 13:43:00,2026-08-11 14:59:12,Account Access,Password Reset,High,Resolved,Portal,1.27,8,1,5
TKT-01717,403,3,2026-05-22 18:15:00,2026-05-23 11:29:24,Hardware,Laptop Won't Start,Medium,Resolved,Phone,17.24,24,1,4
TKT-01718,113,3,2025-07-30 12:48:00,2025-07-31 06:58:12,Network,VPN Connection,High,Closed,Email,18.17,8,0,2
TKT-01719,291,3,2025-11-26 18:53:00,2025-11-27 02:47:36,Hardware,Monitor Issue,Medium,Resolved,Email,7.91,24,1,5
TKT-01720,201,10,2026-07-07 12:20:00,2026-07-07 14:00:48,Network,Slow Network,High,Resolved,Phone,1.68,8,1,4
TKT-01721,435,1,2025-03-06 13:03:00,2025-03-06 13:57:36,Account Access,Locked Account,High,Resolved,Email,0.91,8,1,5
TKT-01722,291,9,2026-06-24 11:40:00,2026-06-24 15:37:00,Software,Application Crash,Medium,Resolved,Portal,3.95,24,1,4
TKT-01723,99,6,2026-03-23 11:18:00,2026-03-24 09:16:48,Network,DNS Resolution,Medium,Resolved,Portal,21.98,24,1,4
TKT-01724,80,2,2025-04-25 16:55:00,2025-04-27 01:35:12,Software,Software Installation,Medium,Resolved,Portal,32.67,24,0,4
TKT-01725,370,4,2025-10-10 14:08:00,2025-10-12 22:07:24,Hardware,Keyboard/Mouse,Medium,Resolved,Walk-up,55.99,24,0,1
TKT-01726,362,6,2025-06-27 10:29:00,2025-06-28 02:17:00,Network,No Internet Access,High,Resolved,Portal,15.80,8,0,2
TKT-01727,475,3,2026-06-22 12:39:00,2026-06-23 06:19:48,Network,Wi-Fi Connectivity,High,Resolved,Phone,17.68,8,0,3
TKT-01728,224,5,2025-01-20 09:45:00,2025-01-20 10:00:00,Account Access,Password Reset,Medium,Resolved,Email,0.25,24,1,4
TKT-01729,428,1,2026-05-12 09:07:00,2026-05-12 12:30:24,Software,Microsoft 365 Issue,High,Resolved,Email,3.39,8,1,5
TKT-01730,425,9,2026-04-07 09:05:00,2026-04-07 20:47:00,Network,No Internet Access,Medium,Resolved,Portal,11.70,24,1,5
TKT-01731,7,3,2025-06-12 07:45:00,2025-06-12 21:19:48,Network,No Internet Access,Medium,Resolved,Portal,13.58,24,1,5
TKT-01732,444,8,2026-05-19 12:45:00,2026-05-19 19:25:48,Printing,Print Queue Stuck,Medium,Resolved,Email,6.68,24,1,4
TKT-01733,391,2,2026-07-29 13:24:00,2026-07-29 19:46:12,Printing,Printer Offline,Medium,Resolved,Portal,6.37,24,1,5
TKT-01734,56,6,2025-12-01 12:13:00,2025-12-01 17:23:48,Software,Application Crash,Medium,Resolved,Email,5.18,24,1,5
TKT-01735,220,9,2026-08-13 10:44:00,2026-08-13 19:56:00,Software,Microsoft 365 Issue,Critical,Resolved,Email,9.20,4,0,2
TKT-01736,420,8,2025-07-25 09:44:00,2025-07-25 11:26:36,Account Access,Password Reset,Medium,Resolved,Portal,1.71,24,1,4
TKT-01737,484,5,2025-07-15 11:43:00,2025-07-16 01:32:12,Software,Application Access,Medium,Closed,Phone,13.82,24,1,5
TKT-01738,329,8,2026-02-09 14:54:00,2026-02-10 10:29:24,Software,Application Crash,Low,Closed,Portal,19.59,48,1,4
TKT-01739,241,9,2026-01-02 13:19:00,2026-01-02 18:50:12,Account Access,MFA Issue,Medium,Resolved,Phone,5.52,24,1,4
TKT-01740,232,6,2025-08-08 15:45:00,2025-08-09 03:10:12,Software,Software Installation,Medium,Resolved,Portal,11.42,24,1,5
TKT-01741,372,12,2025-10-22 16:32:00,2025-10-23 06:14:00,Software,Software Installation,High,Resolved,Portal,13.70,8,0,2
TKT-01742,21,3,2026-07-02 16:08:00,2026-07-02 20:47:00,Software,Application Crash,High,Resolved,Portal,4.65,8,1,4
TKT-01743,60,7,2026-01-23 08:41:00,2026-01-23 17:13:24,Hardware,Laptop Won't Start,Medium,Resolved,Portal,8.54,24,1,4
TKT-01744,382,4,2025-11-14 15:11:00,2025-11-16 05:48:12,Software,Browser Issue,Medium,Resolved,Email,38.62,24,0,2
TKT-01745,98,8,2025-10-07 08:16:00,2025-10-08 06:32:12,Software,Application Crash,High,Closed,Email,22.27,8,0,3
TKT-01746,131,8,2025-10-14 17:44:00,2025-10-15 07:46:24,Security,Phishing Report,High,Closed,Email,14.04,8,0,2
TKT-01747,434,5,2025-07-18 18:55:00,2025-07-18 20:23:12,Account Access,Password Reset,Medium,Resolved,Email,1.47,24,1,4
TKT-01748,97,11,2026-02-09 16:55:00,2026-02-09 17:22:36,Security,Malware Alert,High,Resolved,Walk-up,0.46,8,1,4
TKT-01749,238,4,2025-11-26 12:10:00,2025-11-27 08:50:12,Account Access,Permissions Request,Medium,Resolved,Portal,20.67,24,1,5
TKT-01750,419,10,2025-12-23 11:38:00,2025-12-23 16:33:48,Software,Software Installation,Medium,Resolved,Portal,4.93,24,1,3
TKT-01751,258,5,2026-06-29 13:45:00,2026-06-29 23:45:36,Network,Wi-Fi Connectivity,Medium,Resolved,Portal,10.01,24,1,5
TKT-01752,295,6,2026-01-09 12:49:00,2026-01-09 20:14:48,Network,Wi-Fi Connectivity,Medium,Resolved,Portal,7.43,24,1,5
TKT-01753,413,6,2026-05-27 10:47:00,2026-05-28 11:42:12,Software,Software Installation,Medium,Resolved,Phone,24.92,24,0,2
TKT-01754,274,6,2025-10-02 13:18:00,2025-10-03 08:24:00,Network,VPN Connection,High,Resolved,Email,19.10,8,0,2
TKT-01755,418,6,2025-03-14 13:56:00,2025-03-16 07:32:00,Network,VPN Connection,Medium,Resolved,Portal,41.60,24,0,1
TKT-01756,385,12,2026-08-21 13:31:00,2026-08-22 21:44:48,Network,Slow Network,Medium,Resolved,Portal,32.23,24,0,2
TKT-01757,112,1,2026-08-21 14:08:00,2026-08-21 19:49:24,Hardware,Monitor Issue,Medium,Resolved,Portal,5.69,24,1,4
TKT-01758,157,5,2025-10-22 13:20:00,2025-10-24 15:53:00,Software,Microsoft 365 Issue,Medium,Closed,Portal,50.55,24,0,4
TKT-01759,31,4,2025-06-12 15:01:00,2025-06-12 18:32:12,Security,Malware Alert,High,Closed,Portal,3.52,8,1,4
TKT-01760,29,5,2025-11-25 13:21:00,2025-11-25 20:09:00,Software,Software Installation,Medium,Resolved,Walk-up,6.80,24,1,5
TKT-01761,396,3,2025-07-31 16:12:00,2025-08-01 06:40:48,Software,Software Installation,Medium,Resolved,Email,14.48,24,1,5
TKT-01762,211,3,2026-07-01 08:25:00,2026-07-02 03:10:00,Hardware,Monitor Issue,Medium,Resolved,Portal,18.75,24,1,5
TKT-01763,401,1,2026-07-30 17:53:00,2026-07-31 04:16:24,Software,Microsoft 365 Issue,Medium,Resolved,Portal,10.39,24,1,3
TKT-01764,257,12,2025-06-12 10:33:00,2025-06-13 01:25:12,Account Access,Locked Account,High,Resolved,Portal,14.87,8,0,1
TKT-01765,92,1,2025-09-11 13:28:00,2025-09-11 20:19:00,Network,Slow Network,Medium,Resolved,Email,6.85,24,1,5
TKT-01766,85,8,2026-05-21 12:28:00,2026-05-21 17:08:12,Printing,Print Queue Stuck,Medium,Closed,Portal,4.67,24,1,5
TKT-01767,194,1,2025-07-09 11:32:00,2025-07-09 20:00:48,Security,Malware Alert,High,Resolved,Portal,8.48,8,0,2
TKT-01768,94,1,2026-01-05 15:57:00,2026-01-05 18:15:36,Security,Phishing Report,Medium,Resolved,Email,2.31,24,1,4
TKT-01769,493,12,2025-10-10 11:13:00,2025-10-11 20:38:48,Hardware,Keyboard/Mouse,Low,Resolved,Email,33.43,48,1,5
TKT-01770,411,3,2025-09-12 15:13:00,2025-09-13 04:17:48,Hardware,Laptop Performance,Medium,Resolved,Portal,13.08,24,1,3
TKT-01771,487,4,2025-02-18 16:55:00,2025-02-22 19:47:48,Account Access,MFA Issue,Low,Closed,Portal,98.88,48,0,3
TKT-01772,272,4,2026-08-10 10:50:00,2026-08-11 22:06:48,Account Access,MFA Issue,Medium,Closed,Portal,35.28,24,0,3
TKT-01773,121,12,2025-10-03 13:03:00,2025-10-03 16:07:12,Account Access,Permissions Request,High,Resolved,Email,3.07,8,1,5
TKT-01774,402,12,2026-07-29 12:06:00,2026-07-29 13:19:12,Software,Software Installation,High,Closed,Email,1.22,8,1,4
TKT-01775,417,8,2026-04-21 16:45:00,2026-04-23 18:49:48,Account Access,Password Reset,Medium,Resolved,Portal,50.08,24,0,3
TKT-01776,229,1,2026-04-28 13:32:00,2026-04-29 00:27:48,Hardware,Laptop Performance,Medium,Resolved,Email,10.93,24,1,5
TKT-01777,28,6,2025-12-09 13:50:00,2025-12-10 06:11:36,Software,Microsoft 365 Issue,High,Resolved,Portal,16.36,8,0,3
TKT-01778,447,12,2025-06-04 12:52:00,2025-06-04 17:31:00,Account Access,Locked Account,Medium,Resolved,Phone,4.65,24,1,4
TKT-01779,295,6,2026-04-07 15:04:00,2026-04-07 21:08:12,Network,Wi-Fi Connectivity,Medium,Resolved,Portal,6.07,24,1,4
TKT-01780,6,4,2026-04-22 13:45:00,2026-04-22 14:37:48,Account Access,MFA Issue,Critical,Resolved,Email,0.88,4,1,5
TKT-01781,178,7,2026-03-11 11:38:00,2026-03-11 17:06:48,Hardware,Keyboard/Mouse,High,Resolved,Portal,5.48,8,1,5
TKT-01782,256,4,2025-08-22 15:15:00,2025-08-22 17:37:12,Printing,Printer Offline,High,Resolved,Walk-up,2.37,8,1,5
TKT-01783,215,11,2026-04-21 15:48:00,2026-04-21 18:49:12,Account Access,Password Reset,Medium,Resolved,Email,3.02,24,1,4
TKT-01784,8,2,2025-02-14 09:41:00,2025-02-17 07:57:48,Network,No Internet Access,Low,Resolved,Portal,70.28,48,0,4
TKT-01785,23,4,2026-07-20 15:00:00,2026-07-21 13:06:36,Network,VPN Connection,High,Resolved,Email,22.11,8,0,3
TKT-01786,169,2,2026-07-09 10:16:00,2026-07-09 13:55:00,Network,VPN Connection,Medium,Resolved,Phone,3.65,24,1,5
TKT-01787,110,4,2025-10-08 10:32:00,2025-10-08 15:26:36,Software,Microsoft 365 Issue,Medium,Resolved,Portal,4.91,24,1,3
TKT-01788,193,12,2026-03-11 15:53:00,2026-03-11 16:55:24,Account Access,Password Reset,High,Resolved,Portal,1.04,8,1,4
TKT-01789,234,9,2026-03-18 14:57:00,2026-03-19 14:16:48,Network,No Internet Access,Medium,Resolved,Portal,23.33,24,1,4
TKT-01790,452,2,2026-03-17 08:21:00,2026-03-17 16:33:00,Hardware,Laptop Performance,High,Closed,Portal,8.20,8,0,2
TKT-01791,12,2,2026-06-12 11:25:00,2026-06-12 17:55:00,Software,Software Installation,High,Closed,Portal,6.50,8,1,5
TKT-01792,418,12,2025-07-31 11:29:00,2025-08-01 07:11:36,Network,No Internet Access,Medium,Resolved,Phone,19.71,24,1,4
TKT-01793,395,2,2025-09-04 14:23:00,2025-09-05 17:02:00,Network,Wi-Fi Connectivity,Low,Closed,Phone,26.65,48,1,5
TKT-01794,172,4,2025-09-17 07:29:00,2025-09-17 17:59:00,Network,Wi-Fi Connectivity,High,Resolved,Email,10.50,8,0,3
TKT-01795,310,7,2025-08-27 07:33:00,2025-08-27 10:52:12,Software,Application Crash,High,Resolved,Phone,3.32,8,1,5
TKT-01796,4,9,2026-06-29 15:41:00,2026-06-29 16:20:36,Account Access,Password Reset,Medium,Resolved,Portal,0.66,24,1,5
TKT-01797,177,6,2025-02-18 11:27:00,2025-02-18 16:01:48,Hardware,Monitor Issue,Medium,Resolved,Walk-up,4.58,24,1,4
TKT-01798,492,4,2025-10-13 08:09:00,2025-10-13 17:25:12,Hardware,Laptop Performance,High,Resolved,Portal,9.27,8,0,1
TKT-01799,18,2,2025-08-11 09:41:00,2025-08-11 12:21:48,Software,Application Access,High,Resolved,Email,2.68,8,1,5
TKT-01800,395,12,2026-04-07 11:30:00,2026-04-07 23:03:00,Software,Microsoft 365 Issue,Medium,Resolved,Phone,11.55,24,1,4
TKT-01801,70,1,2025-07-16 12:43:00,2025-07-18 02:10:36,Hardware,Keyboard/Mouse,Medium,Resolved,Email,37.46,24,0,1
TKT-01802,471,2,2025-03-31 17:08:00,2025-03-31 22:27:12,Software,Microsoft 365 Issue,High,Resolved,Portal,5.32,8,1,5
TKT-01803,104,3,2026-05-04 12:09:00,2026-05-04 22:41:24,Security,Phishing Report,High,Resolved,Portal,10.54,8,0,3
TKT-01804,288,10,2026-03-13 09:34:00,2026-03-13 22:50:12,Software,Application Crash,High,Resolved,Phone,13.27,8,0,2
TKT-01805,355,1,2025-05-19 14:38:00,2025-05-21 01:50:36,Hardware,Laptop Won't Start,Medium,Resolved,Portal,35.21,24,0,1
TKT-01806,238,6,2026-03-09 14:05:00,2026-03-09 21:51:12,Hardware,Laptop Performance,Medium,Closed,Email,7.77,24,1,4
TKT-01807,103,7,2025-10-27 11:08:00,2025-10-28 19:17:36,Printing,Printer Offline,Medium,Resolved,Phone,32.16,24,0,4
TKT-01808,134,2,2026-05-28 17:32:00,2026-05-29 17:08:36,Account Access,Permissions Request,Medium,Resolved,Email,23.61,24,1,5
TKT-01809,38,3,2025-04-08 15:19:00,2025-04-10 22:20:12,Software,Application Access,Low,Resolved,Portal,55.02,48,0,2
TKT-01810,299,8,2025-07-22 12:33:00,2025-07-22 19:55:48,Security,Suspicious Email,Medium,Resolved,Email,7.38,24,1,5
TKT-01811,113,6,2026-01-23 14:24:00,2026-01-27 19:00:00,Account Access,Locked Account,Low,Closed,Portal,100.60,48,0,1
TKT-01812,473,4,2025-02-20 12:32:00,2025-02-20 18:00:48,Printing,Printer Offline,Medium,Resolved,Email,5.48,24,1,4
TKT-01813,235,1,2026-04-03 18:39:00,2026-04-04 12:55:48,Printing,Printer Offline,Medium,Resolved,Email,18.28,24,1,4
TKT-01814,263,7,2025-08-15 10:19:00,2025-08-17 06:26:12,Software,Application Crash,Medium,Resolved,Portal,44.12,24,0,2
TKT-01815,45,11,2025-11-12 08:12:00,2025-11-14 16:01:48,Hardware,Laptop Performance,Medium,Closed,Portal,55.83,24,0,3
TKT-01816,58,9,2025-06-05 09:00:00,2025-06-05 18:12:00,Hardware,Laptop Performance,Low,Resolved,Portal,9.20,48,1,5
TKT-01817,353,1,2026-05-20 09:26:00,2026-05-20 10:29:36,Security,Phishing Report,Critical,Closed,Email,1.06,4,1,4
TKT-01818,113,1,2026-06-26 13:27:00,2026-06-27 00:25:12,Account Access,Permissions Request,Medium,Resolved,Email,10.97,24,1,5
TKT-01819,83,4,2025-01-07 17:01:00,2025-01-08 01:49:36,Network,VPN Connection,High,Resolved,Email,8.81,8,0,3
TKT-01820,434,3,2025-10-15 13:36:00,2025-10-16 02:03:36,Network,Slow Network,High,Resolved,Portal,12.46,8,0,4
TKT-01821,76,8,2025-11-13 09:11:00,2025-11-13 10:20:00,Account Access,Locked Account,Critical,Closed,Walk-up,1.15,4,1,5
TKT-01822,294,11,2025-04-30 19:38:00,2025-05-01 06:56:36,Network,Slow Network,Medium,Closed,Phone,11.31,24,1,5
TKT-01823,40,8,2025-11-17 19:34:00,2025-11-17 23:43:36,Software,Microsoft 365 Issue,Medium,Resolved,Email,4.16,24,1,5
TKT-01824,173,7,2025-10-02 07:56:00,2025-10-02 16:40:24,Hardware,Laptop Performance,High,Closed,Email,8.74,8,0,3
TKT-01825,206,4,2026-08-14 19:57:00,2026-08-15 16:37:12,Software,Browser Issue,Medium,Resolved,Portal,20.67,24,1,5
TKT-01826,347,1,2025-01-30 08:56:00,2025-01-30 10:57:12,Software,Microsoft 365 Issue,Critical,Resolved,Email,2.02,4,1,3
TKT-01827,53,12,2026-05-19 14:13:00,2026-05-21 03:33:24,Printing,Driver Issue,Medium,Resolved,Portal,37.34,24,0,3
TKT-01828,84,11,2025-04-22 17:59:00,2025-04-22 21:00:48,Network,No Internet Access,High,Resolved,Walk-up,3.03,8,1,5
TKT-01829,123,1,2026-05-22 18:47:00,2026-05-23 07:03:48,Network,VPN Connection,Medium,Resolved,Walk-up,12.28,24,1,4
TKT-01830,213,2,2026-08-05 12:29:00,2026-08-06 09:50:00,Network,VPN Connection,High,Resolved,Email,21.35,8,0,4
TKT-01831,28,7,2025-03-12 08:49:00,2025-03-12 16:19:36,Software,Application Crash,Medium,Resolved,Portal,7.51,24,1,5
TKT-01832,490,8,2026-08-06 17:39:00,2026-08-08 23:16:48,Hardware,Laptop Won't Start,Medium,Resolved,Portal,53.63,24,0,2
TKT-01833,468,4,2026-07-16 14:32:00,2026-07-17 06:09:48,Printing,Printer Offline,Medium,Resolved,Portal,15.63,24,1,3
TKT-01834,59,3,2026-02-10 11:23:00,2026-02-10 19:50:00,Security,Phishing Report,Critical,Resolved,Email,8.45,4,0,1
TKT-01835,428,4,2026-06-16 11:16:00,2026-06-18 02:23:48,Software,Microsoft 365 Issue,Medium,Resolved,Phone,39.13,24,0,2
TKT-01836,115,11,2026-02-18 10:47:00,2026-02-20 22:20:36,Hardware,Battery/Power,Low,Resolved,Email,59.56,48,0,2
TKT-01837,389,3,2026-01-29 13:23:00,2026-01-29 20:50:36,Account Access,Locked Account,Medium,Resolved,Portal,7.46,24,1,3
TKT-01838,148,8,2026-04-03 11:38:00,2026-04-03 16:09:48,Account Access,Permissions Request,High,Resolved,Portal,4.53,8,1,4
TKT-01839,424,12,2026-01-30 11:35:00,2026-01-30 16:47:36,Security,Malware Alert,Critical,Resolved,Portal,5.21,4,0,2
TKT-01840,241,5,2025-06-16 13:52:00,2025-06-17 21:20:48,Network,VPN Connection,Medium,Resolved,Email,31.48,24,0,3
TKT-01841,470,5,2025-01-31 12:17:00,2025-01-31 22:09:48,Security,Lost/Stolen Device,Medium,Closed,Portal,9.88,24,1,5
TKT-01842,479,7,2025-06-30 10:42:00,2025-07-01 04:58:48,Software,Application Crash,High,Resolved,Phone,18.28,8,0,2
TKT-01843,94,12,2026-02-06 19:29:00,2026-02-09 01:13:24,Account Access,Permissions Request,Medium,Resolved,Email,53.74,24,0,3
TKT-01844,201,6,2025-04-04 16:42:00,2025-04-05 01:28:48,Software,Microsoft 365 Issue,Medium,Closed,Walk-up,8.78,24,1,5
TKT-01845,173,1,2026-08-12 12:22:00,2026-08-14 05:52:36,Account Access,Password Reset,Medium,Resolved,Portal,41.51,24,0,3
TKT-01846,213,10,2025-05-19 11:33:00,2025-05-20 08:07:48,Software,Application Access,Low,Resolved,Phone,20.58,48,1,4
TKT-01847,332,4,2026-08-27 13:35:00,2026-08-28 03:07:24,Network,VPN Connection,Medium,Resolved,Portal,13.54,24,1,3
TKT-01848,127,3,2025-01-16 11:11:00,2025-01-16 16:48:48,Software,Application Crash,High,Resolved,Email,5.63,8,1,4
TKT-01849,205,3,2025-04-28 11:37:00,2025-04-28 15:26:12,Account Access,Password Reset,Medium,Resolved,Portal,3.82,24,1,5
TKT-01850,6,7,2025-01-01 14:36:00,2025-01-01 20:34:12,Account Access,Password Reset,Low,Resolved,Email,5.97,48,1,5
TKT-01851,185,5,2025-07-29 14:21:00,2025-07-30 06:54:00,Hardware,Keyboard/Mouse,Medium,Resolved,Portal,16.55,24,1,5
TKT-01852,456,6,2025-07-10 12:43:00,2025-07-10 17:33:24,Security,Unauthorized Access Concern,Critical,Closed,Portal,4.84,4,0,2
TKT-01853,407,3,2026-06-18 10:37:00,2026-06-20 19:22:00,Software,Application Crash,Medium,Closed,Portal,56.75,24,0,4
TKT-01854,275,10,2025-12-30 15:33:00,2025-12-31 07:27:00,Network,No Internet Access,Medium,Closed,Portal,15.90,24,1,3
TKT-01855,128,2,2025-09-29 17:15:00,2025-09-30 02:12:00,Security,Malware Alert,Medium,Closed,Walk-up,8.95,24,1,5
TKT-01856,186,2,2025-12-29 12:54:00,2025-12-30 03:07:48,Hardware,Laptop Won't Start,Medium,Closed,Phone,14.23,24,1,3
TKT-01857,344,10,2025-08-20 12:56:00,2025-08-20 21:05:00,Printing,Printer Offline,Medium,Resolved,Walk-up,8.15,24,1,4
TKT-01858,101,8,2025-03-28 09:08:00,2025-03-28 12:10:24,Account Access,Password Reset,Medium,Resolved,Phone,3.04,24,1,4
TKT-01859,349,11,2025-06-06 12:13:00,2025-06-06 16:40:00,Account Access,Password Reset,Medium,Resolved,Portal,4.45,24,1,3
TKT-01860,471,4,2025-03-28 14:33:00,2025-03-29 18:16:12,Network,No Internet Access,Medium,Resolved,Portal,27.72,24,0,1
TKT-01861,459,8,2025-09-25 09:41:00,2025-09-26 02:20:36,Software,Browser Issue,Low,Resolved,Phone,16.66,48,1,5
TKT-01862,456,3,2026-03-13 13:55:00,2026-03-13 15:29:12,Security,Unauthorized Access Concern,High,Closed,Email,1.57,8,1,5
TKT-01863,189,1,2025-11-24 15:55:00,2025-11-25 06:35:48,Software,Browser Issue,Medium,Closed,Portal,14.68,24,1,5
TKT-01864,146,11,2025-07-10 12:51:00,2025-07-10 18:49:12,Security,Phishing Report,Medium,Closed,Walk-up,5.97,24,1,5
TKT-01865,186,7,2025-09-26 13:50:00,2025-09-26 15:04:24,Account Access,Locked Account,High,Closed,Email,1.24,8,1,5
TKT-01866,123,6,2026-02-02 09:02:00,2026-02-03 14:16:24,Network,Slow Network,Medium,Resolved,Portal,29.24,24,0,1
TKT-01867,164,10,2026-05-06 08:51:00,2026-05-06 14:56:24,Software,Browser Issue,Medium,Resolved,Portal,6.09,24,1,4
TKT-01868,388,1,2025-09-24 14:37:00,2025-09-26 16:20:48,Network,VPN Connection,Medium,Resolved,Walk-up,49.73,24,0,3
TKT-01869,213,6,2026-01-19 14:50:00,2026-01-20 00:43:24,Software,Software Installation,Medium,Resolved,Email,9.89,24,1,5
TKT-01870,455,4,2025-08-21 13:55:00,2025-08-22 09:23:12,Hardware,Laptop Performance,Medium,Resolved,Email,19.47,24,1,4
TKT-01871,131,2,2025-06-19 17:55:00,2025-06-20 05:56:12,Printing,Driver Issue,Medium,Resolved,Portal,12.02,24,1,5
TKT-01872,356,5,2026-01-12 09:43:00,2026-01-13 13:54:24,Software,Microsoft 365 Issue,Medium,Closed,Walk-up,28.19,24,0,3
TKT-01873,228,2,2025-03-31 08:04:00,2025-03-31 10:22:36,Software,Application Crash,Medium,Resolved,Phone,2.31,24,1,4
TKT-01874,243,1,2026-08-25 15:02:00,2026-08-25 16:26:36,Account Access,MFA Issue,Medium,Resolved,Email,1.41,24,1,3
TKT-01875,414,2,2025-01-14 17:47:00,2025-01-15 18:27:48,Software,Application Access,Medium,Resolved,Email,24.68,24,0,3
TKT-01876,399,3,2025-05-09 09:14:00,2025-05-09 14:30:48,Software,Browser Issue,High,Closed,Email,5.28,8,1,5
TKT-01877,301,5,2025-07-11 12:27:00,2025-07-14 05:30:00,Software,Microsoft 365 Issue,Low,Closed,Portal,65.05,48,0,1
TKT-01878,110,9,2026-06-30 09:45:00,2026-06-30 10:45:36,Account Access,Password Reset,Medium,Resolved,Portal,1.01,24,1,4
TKT-01879,221,5,2026-01-13 09:43:00,2026-01-13 21:32:12,Security,Phishing Report,High,Resolved,Phone,11.82,8,0,3
TKT-01880,303,2,2025-08-21 11:49:00,2025-08-21 15:46:36,Network,Slow Network,High,Resolved,Email,3.96,8,1,5
TKT-01881,69,8,2026-01-19 14:19:00,2026-01-20 09:59:48,Network,Wi-Fi Connectivity,Medium,Resolved,Walk-up,19.68,24,1,4
TKT-01882,365,12,2026-03-31 11:12:00,2026-03-31 17:46:48,Software,Browser Issue,Medium,Closed,Portal,6.58,24,1,3
TKT-01883,491,11,2025-07-07 10:41:00,2025-07-07 12:17:00,Account Access,Locked Account,Medium,Closed,Email,1.60,24,1,5
TKT-01884,284,3,2025-08-01 16:45:00,2025-08-02 10:19:12,Network,VPN Connection,Medium,Resolved,Email,17.57,24,1,4
TKT-01885,364,7,2025-01-20 15:03:00,2025-01-20 20:16:48,Network,Slow Network,High,Resolved,Portal,5.23,8,1,5
TKT-01886,148,5,2025-08-13 09:51:00,2025-08-13 11:35:24,Security,Suspicious Email,Critical,Resolved,Email,1.74,4,1,3
TKT-01887,171,5,2026-08-05 15:51:00,2026-08-06 11:30:36,Software,Application Crash,Medium,Resolved,Phone,19.66,24,1,4
TKT-01888,114,9,2025-09-04 14:43:00,2025-09-05 01:40:00,Network,Slow Network,Medium,Resolved,Portal,10.95,24,1,4
TKT-01889,253,6,2025-05-08 13:11:00,2025-05-09 11:57:48,Hardware,Battery/Power,Medium,Resolved,Email,22.78,24,1,5
TKT-01890,358,5,2025-02-26 13:03:00,2025-02-26 15:46:48,Account Access,Locked Account,High,Closed,Email,2.73,8,1,5
TKT-01891,487,4,2025-08-25 16:08:00,2025-08-25 21:12:12,Account Access,Locked Account,Medium,Resolved,Portal,5.07,24,1,4
TKT-01892,219,11,2025-08-07 14:40:00,2025-08-08 07:36:24,Network,VPN Connection,Critical,Resolved,Email,16.94,4,0,1
TKT-01893,175,10,2025-07-11 14:42:00,2025-07-12 06:18:36,Network,No Internet Access,Medium,Resolved,Email,15.61,24,1,4
TKT-01894,83,7,2026-08-19 11:55:00,2026-08-20 11:13:00,Hardware,Laptop Performance,Medium,Closed,Portal,23.30,24,1,4
TKT-01895,294,6,2026-02-02 07:31:00,2026-02-03 00:51:24,Software,Microsoft 365 Issue,Medium,Closed,Portal,17.34,24,1,4
TKT-01896,290,8,2025-03-18 17:07:00,2025-03-18 21:08:12,Security,Phishing Report,High,Resolved,Phone,4.02,8,1,5
TKT-01897,406,4,2026-07-13 17:05:00,2026-07-13 20:21:48,Software,Browser Issue,High,Resolved,Email,3.28,8,1,5
TKT-01898,138,3,2025-12-31 10:18:00,2025-12-31 19:48:00,Printing,Printer Offline,Medium,Resolved,Portal,9.50,24,1,4
TKT-01899,417,2,2026-02-23 09:24:00,2026-02-23 17:41:24,Network,Wi-Fi Connectivity,Medium,Closed,Portal,8.29,24,1,5
TKT-01900,273,8,2026-04-15 14:24:00,2026-04-15 15:39:00,Security,Suspicious Email,Critical,Closed,Portal,1.25,4,1,5
TKT-01901,456,7,2026-06-08 15:42:00,2026-06-08 16:51:00,Account Access,Password Reset,High,Resolved,Email,1.15,8,1,5
TKT-01902,63,1,2025-12-09 13:51:00,2025-12-09 16:45:00,Security,Lost/Stolen Device,Critical,Resolved,Portal,2.90,4,1,5
TKT-01903,431,11,2026-07-27 19:59:00,2026-07-28 12:36:48,Hardware,Laptop Won't Start,Medium,Resolved,Email,16.63,24,1,3
TKT-01904,132,6,2025-11-28 10:57:00,2025-11-28 12:52:48,Account Access,Password Reset,Medium,Resolved,Email,1.93,24,1,5
TKT-01905,279,6,2026-08-03 09:43:00,2026-08-03 11:41:48,Network,No Internet Access,High,Resolved,Portal,1.98,8,1,5
TKT-01906,370,5,2025-12-16 10:31:00,2025-12-17 02:56:12,Software,Application Access,Low,Resolved,Email,16.42,48,1,5
TKT-01907,232,7,2025-12-03 11:31:00,2025-12-04 01:33:24,Printing,Printer Permissions,Medium,Resolved,Walk-up,14.04,24,1,5
TKT-01908,374,1,2025-06-03 12:21:00,2025-06-04 17:39:36,Software,Software Installation,Medium,Resolved,Portal,29.31,24,0,1
TKT-01909,426,12,2026-01-09 12:16:00,2026-01-09 14:45:24,Account Access,Locked Account,Low,Closed,Walk-up,2.49,48,1,5
TKT-01910,240,2,2025-05-30 10:54:00,2025-05-30 18:56:24,Software,Application Crash,Medium,Closed,Email,8.04,24,1,5
TKT-01911,478,8,2025-07-24 17:08:00,2025-07-24 19:56:00,Security,Phishing Report,High,Resolved,Portal,2.80,8,1,5
TKT-01912,109,8,2026-08-07 17:13:00,2026-08-08 00:11:12,Software,Application Crash,High,Resolved,Email,6.97,8,1,4
TKT-01913,35,8,2025-07-23 15:01:00,2025-07-24 07:23:48,Hardware,Docking Station,Low,Resolved,Portal,16.38,48,1,5
TKT-01914,326,6,2026-01-09 13:50:00,2026-01-09 15:27:12,Software,Application Access,High,Resolved,Email,1.62,8,1,3
TKT-01915,408,12,2025-01-01 12:30:00,2025-01-01 14:51:36,Account Access,Locked Account,High,Resolved,Portal,2.36,8,1,5
TKT-01916,18,7,2026-02-03 13:46:00,2026-02-04 00:35:48,Hardware,Laptop Performance,High,Resolved,Email,10.83,8,0,4
TKT-01917,336,3,2025-12-15 08:03:00,2025-12-15 19:29:24,Account Access,Locked Account,Medium,Resolved,Email,11.44,24,1,4
TKT-01918,361,10,2026-08-19 11:46:00,2026-08-19 22:11:48,Account Access,Locked Account,Low,Resolved,Phone,10.43,48,1,4
TKT-01919,138,1,2026-02-24 09:43:00,2026-02-24 15:04:00,Account Access,MFA Issue,Medium,Closed,Portal,5.35,24,1,4
TKT-01920,493,11,2025-01-17 12:33:00,2025-01-17 22:04:12,Software,Software Installation,Medium,Resolved,Portal,9.52,24,1,5
TKT-01921,242,3,2025-06-04 18:31:00,2025-06-05 05:36:24,Software,Software Installation,Medium,Resolved,Email,11.09,24,1,5
TKT-01922,410,5,2026-02-09 13:00:00,2026-02-09 19:55:48,Software,Microsoft 365 Issue,Medium,Resolved,Email,6.93,24,1,4
TKT-01923,297,7,2026-05-22 17:07:00,2026-05-23 04:39:24,Account Access,Password Reset,High,Resolved,Walk-up,11.54,8,0,3
TKT-01924,378,9,2026-07-09 18:18:00,2026-07-09 20:30:36,Software,Microsoft 365 Issue,High,Resolved,Portal,2.21,8,1,4
TKT-01925,70,10,2026-05-04 12:39:00,2026-05-04 17:04:12,Hardware,Laptop Performance,Critical,Closed,Phone,4.42,4,0,3
TKT-01926,330,3,2026-07-10 14:38:00,2026-07-11 16:20:36,Account Access,Password Reset,Medium,Resolved,Portal,25.71,24,0,4
TKT-01927,440,4,2026-06-22 11:19:00,2026-06-22 13:03:24,Account Access,Permissions Request,Medium,Resolved,Email,1.74,24,1,3
TKT-01928,391,4,2025-07-15 13:20:00,2025-07-15 16:30:12,Account Access,Locked Account,Medium,Resolved,Email,3.17,24,1,4
TKT-01929,14,9,2025-09-30 17:48:00,2025-10-04 00:16:48,Account Access,MFA Issue,Low,Resolved,Walk-up,78.48,48,0,3
TKT-01930,48,1,2026-04-15 11:15:00,2026-04-15 18:24:36,Software,Software Installation,Medium,Resolved,Email,7.16,24,1,3
TKT-01931,73,11,2025-01-13 14:50:00,2025-01-14 15:11:36,Software,Browser Issue,Medium,Resolved,Walk-up,24.36,24,0,2
TKT-01932,61,11,2025-12-09 14:23:00,2025-12-10 21:39:48,Software,Application Crash,Low,Resolved,Portal,31.28,48,1,4
TKT-01933,483,9,2026-07-16 16:10:00,2026-07-16 17:04:36,Account Access,Password Reset,High,Resolved,Portal,0.91,8,1,3
TKT-01934,322,10,2025-04-10 16:58:00,2025-04-12 04:00:24,Hardware,Laptop Won't Start,High,Resolved,Phone,35.04,8,0,4
TKT-01935,316,3,2025-07-15 13:06:00,2025-07-15 13:29:24,Account Access,Password Reset,High,Resolved,Portal,0.39,8,1,5
TKT-01936,195,10,2025-05-14 10:13:00,2025-05-14 15:51:24,Software,Microsoft 365 Issue,Medium,Resolved,Portal,5.64,24,1,4
TKT-01937,269,9,2025-06-24 12:50:00,2025-06-24 15:43:24,Account Access,Password Reset,Low,Resolved,Portal,2.89,48,1,4
TKT-01938,28,11,2025-11-10 15:47:00,2025-11-10 21:24:12,Security,Malware Alert,High,Closed,Email,5.62,8,1,5
TKT-01939,83,9,2026-04-13 16:49:00,2026-04-13 22:39:24,Software,Software Installation,High,Closed,Portal,5.84,8,1,4
TKT-01940,267,8,2025-07-08 16:52:00,2025-07-08 23:31:00,Software,Microsoft 365 Issue,Medium,Resolved,Email,6.65,24,1,3
TKT-01941,386,10,2025-05-02 11:59:00,2025-05-02 20:38:36,Hardware,Battery/Power,Medium,Resolved,Email,8.66,24,1,4
TKT-01942,13,7,2026-04-22 13:41:00,2026-04-23 03:32:36,Software,Microsoft 365 Issue,Low,Resolved,Portal,13.86,48,1,5
TKT-01943,262,10,2026-06-04 13:34:00,2026-06-05 05:40:36,Printing,Printer Offline,Medium,Resolved,Portal,16.11,24,1,3
TKT-01944,102,11,2026-02-10 19:45:00,2026-02-12 20:04:12,Network,VPN Connection,Medium,Resolved,Portal,48.32,24,0,3
TKT-01945,327,10,2025-12-26 19:22:00,2025-12-26 20:04:00,Account Access,Password Reset,High,Resolved,Email,0.70,8,1,4
TKT-01946,345,7,2025-02-28 11:52:00,2025-03-01 01:57:24,Hardware,Monitor Issue,Medium,Resolved,Portal,14.09,24,1,4
TKT-01947,380,9,2025-12-09 16:48:00,2025-12-11 09:34:12,Network,VPN Connection,Medium,Closed,Phone,40.77,24,0,4
TKT-01948,368,8,2026-01-27 14:50:00,2026-01-27 17:30:48,Account Access,Password Reset,Medium,Resolved,Email,2.68,24,1,4
TKT-01949,202,12,2026-08-24 14:20:00,2026-08-24 18:07:24,Software,Application Crash,Medium,Resolved,Email,3.79,24,1,5
TKT-01950,380,5,2026-07-22 08:33:00,2026-07-22 09:47:24,Security,Suspicious Email,High,Resolved,Phone,1.24,8,1,5
TKT-01951,231,2,2026-05-07 14:41:00,2026-05-07 21:56:36,Software,Microsoft 365 Issue,Medium,Resolved,Email,7.26,24,1,5
TKT-01952,46,7,2026-05-27 11:19:00,2026-05-28 01:51:24,Hardware,Docking Station,Medium,Resolved,Portal,14.54,24,1,5
TKT-01953,83,10,2026-08-26 17:08:00,2026-08-28 04:11:36,Hardware,Laptop Performance,Low,Resolved,Portal,35.06,48,1,4
TKT-01954,480,3,2026-02-02 15:45:00,2026-02-03 08:06:36,Software,Microsoft 365 Issue,High,Resolved,Email,16.36,8,0,2
TKT-01955,235,2,2026-05-08 17:28:00,2026-05-09 02:44:12,Software,Application Crash,Low,Closed,Portal,9.27,48,1,5
TKT-01956,371,2,2025-03-06 14:00:00,2025-03-07 01:11:24,Software,Browser Issue,Medium,Resolved,Walk-up,11.19,24,1,4
TKT-01957,438,3,2025-05-30 09:10:00,2025-05-31 17:19:00,Software,Application Crash,Medium,Resolved,Phone,32.15,24,0,2
TKT-01958,327,1,2025-01-22 15:10:00,2025-01-22 19:23:12,Network,VPN Connection,Critical,Resolved,Email,4.22,4,0,2
TKT-01959,129,12,2026-03-20 09:27:00,2026-03-20 12:07:12,Security,Suspicious Email,Critical,Resolved,Walk-up,2.67,4,1,5
TKT-01960,296,8,2026-06-11 09:24:00,2026-06-11 14:02:24,Software,Application Access,High,Resolved,Portal,4.64,8,1,4
TKT-01961,430,2,2025-12-25 11:05:00,2025-12-26 01:09:48,Network,Slow Network,Medium,Resolved,Email,14.08,24,1,3
TKT-01962,219,10,2026-07-31 11:17:00,2026-07-31 14:25:24,Security,Phishing Report,High,Resolved,Walk-up,3.14,8,1,4
TKT-01963,496,5,2025-08-12 15:24:00,2025-08-13 02:49:48,Network,VPN Connection,High,Resolved,Portal,11.43,8,0,2
TKT-01964,394,5,2026-05-28 12:02:00,2026-05-29 01:20:36,Network,VPN Connection,High,Resolved,Portal,13.31,8,0,4
TKT-01965,174,3,2026-05-01 18:12:00,2026-05-02 08:56:24,Printing,Print Queue Stuck,Medium,Resolved,Portal,14.74,24,1,4
TKT-01966,424,4,2025-05-15 14:36:00,2025-05-16 03:24:00,Account Access,Password Reset,High,Resolved,Email,12.80,8,0,2
TKT-01967,465,4,2025-03-18 14:38:00,2025-03-19 06:15:48,Software,Browser Issue,Medium,Closed,Email,15.63,24,1,4
TKT-01968,274,12,2026-04-16 12:06:00,2026-04-16 14:03:36,Account Access,Permissions Request,High,Resolved,Portal,1.96,8,1,4
TKT-01969,458,3,2025-03-03 17:56:00,2025-03-04 01:35:00,Security,Suspicious Email,High,Resolved,Email,7.65,8,1,3
TKT-01970,173,1,2026-06-15 18:50:00,2026-06-15 21:18:48,Security,Phishing Report,High,Resolved,Portal,2.48,8,1,5
TKT-01971,360,4,2025-10-30 17:17:00,2025-10-30 20:03:12,Hardware,Monitor Issue,High,Closed,Phone,2.77,8,1,5
TKT-01972,295,11,2025-12-25 17:42:00,2025-12-26 18:18:36,Network,VPN Connection,Medium,Resolved,Portal,24.61,24,0,2
TKT-01973,497,1,2025-11-13 09:32:00,2025-11-13 15:01:24,Security,Phishing Report,Critical,Resolved,Email,5.49,4,0,3
TKT-01974,95,2,2025-11-24 13:04:00,2025-11-24 14:33:24,Security,Malware Alert,High,Resolved,Phone,1.49,8,1,4
TKT-01975,422,1,2025-10-02 16:07:00,2025-10-03 04:20:48,Software,Application Access,High,Resolved,Email,12.23,8,0,2
TKT-01976,4,5,2026-04-14 19:57:00,2026-04-15 13:37:48,Hardware,Monitor Issue,Medium,Closed,Walk-up,17.68,24,1,4
TKT-01977,371,2,2025-02-11 16:37:00,2025-02-11 20:00:24,Software,Application Crash,High,Resolved,Portal,3.39,8,1,5
TKT-01978,397,7,2025-02-27 07:46:00,2025-02-27 15:52:00,Printing,Printer Offline,Medium,Resolved,Portal,8.10,24,1,4
TKT-01979,247,11,2025-09-03 14:47:00,2025-09-03 20:39:48,Network,VPN Connection,High,Closed,Portal,5.88,8,1,5
TKT-01980,396,9,2026-03-12 10:55:00,2026-03-12 15:12:24,Account Access,MFA Issue,Medium,Closed,Email,4.29,24,1,5
TKT-01981,113,11,2026-06-18 12:02:00,2026-06-18 16:23:36,Security,Lost/Stolen Device,High,Closed,Portal,4.36,8,1,4
TKT-01982,169,9,2025-03-18 14:17:00,2025-03-18 22:48:48,Software,Browser Issue,Medium,Resolved,Portal,8.53,24,1,5
TKT-01983,93,3,2025-06-09 14:21:00,2025-06-09 15:06:36,Hardware,Keyboard/Mouse,Critical,Closed,Email,0.76,4,1,4
TKT-01984,218,2,2025-10-07 09:22:00,2025-10-07 20:47:48,Account Access,Locked Account,Medium,Resolved,Portal,11.43,24,1,5
TKT-01985,490,7,2025-02-03 14:33:00,2025-02-04 02:34:12,Account Access,MFA Issue,Medium,Resolved,Portal,12.02,24,1,4
TKT-01986,5,11,2025-08-19 17:56:00,2025-08-20 03:00:48,Software,Microsoft 365 Issue,Low,Resolved,Phone,9.08,48,1,3
TKT-01987,225,9,2026-03-06 16:29:00,2026-03-06 20:35:36,Account Access,MFA Issue,Medium,Resolved,Email,4.11,24,1,4
TKT-01988,32,3,2026-06-26 16:47:00,2026-06-27 00:55:24,Network,Wi-Fi Connectivity,High,Resolved,Phone,8.14,8,0,3
TKT-01989,118,10,2025-08-20 10:09:00,2025-08-20 20:08:24,Software,Application Crash,Medium,Closed,Phone,9.99,24,1,5
TKT-01990,311,6,2025-07-07 08:21:00,2025-07-08 10:01:12,Printing,Printer Offline,Medium,Closed,Portal,25.67,24,0,3
TKT-01991,241,4,2026-03-04 16:43:00,2026-03-04 16:59:12,Account Access,Password Reset,High,Resolved,Portal,0.27,8,1,4
TKT-01992,188,2,2025-04-07 09:12:00,2025-04-07 22:12:00,Account Access,Locked Account,Medium,Resolved,Email,13.00,24,1,4
TKT-01993,97,8,2025-03-31 09:19:00,2025-03-31 13:54:24,Software,Application Crash,Medium,Resolved,Email,4.59,24,1,4
TKT-01994,233,11,2025-05-23 11:11:00,2025-05-23 13:03:12,Printing,Print Queue Stuck,High,Resolved,Email,1.87,8,1,4
TKT-01995,59,12,2026-03-18 10:40:00,2026-03-18 14:56:48,Printing,Printer Offline,High,Resolved,Portal,4.28,8,1,5
TKT-01996,489,12,2025-02-03 14:18:00,2025-02-03 19:36:36,Account Access,Password Reset,Low,Resolved,Email,5.31,48,1,4
TKT-01997,161,12,2025-10-09 09:44:00,2025-10-09 18:47:36,Network,Slow Network,High,Closed,Phone,9.06,8,0,2
TKT-01998,226,9,2025-03-31 12:10:00,2025-03-31 18:44:48,Hardware,Monitor Issue,Medium,Resolved,Portal,6.58,24,1,5
TKT-01999,396,2,2025-02-05 16:00:00,2025-02-05 20:38:24,Account Access,Permissions Request,Medium,Resolved,Portal,4.64,24,1,3
TKT-02000,156,1,2026-02-03 09:57:00,2026-02-03 14:20:24,Account Access,Locked Account,Medium,Resolved,Phone,4.39,24,1,5
TKT-02001,408,6,2025-12-26 17:10:00,2025-12-27 14:50:48,Software,Microsoft 365 Issue,Medium,Resolved,Walk-up,21.68,24,1,5
TKT-02002,489,4,2025-03-13 12:17:00,2025-03-14 03:56:00,Network,Slow Network,High,Resolved,Email,15.65,8,0,2
TKT-02003,164,4,2026-03-13 09:25:00,2026-03-15 10:15:24,Account Access,Password Reset,Medium,Resolved,Email,48.84,24,0,3
TKT-02004,209,5,2025-04-18 10:11:00,2025-04-20 02:53:36,Hardware,Laptop Won't Start,Medium,Resolved,Walk-up,40.71,24,0,3
TKT-02005,91,6,2025-08-06 17:03:00,2025-08-08 04:46:48,Network,Wi-Fi Connectivity,Medium,Resolved,Portal,35.73,24,0,2
TKT-02006,75,12,2025-02-11 17:03:00,2025-02-11 18:58:48,Security,Lost/Stolen Device,High,Resolved,Phone,1.93,8,1,5
TKT-02007,267,6,2026-01-29 13:46:00,2026-01-29 19:10:00,Hardware,Laptop Won't Start,Medium,Closed,Portal,5.40,24,1,5
TKT-02008,484,8,2026-05-11 17:07:00,2026-05-12 08:41:48,Software,Software Installation,Low,Closed,Walk-up,15.58,48,1,4
TKT-02009,342,4,2025-05-22 12:29:00,2025-05-22 20:50:00,Account Access,Locked Account,Medium,Resolved,Portal,8.35,24,1,5
TKT-02010,399,11,2026-07-02 16:06:00,2026-07-02 17:31:48,Software,Application Crash,Critical,Resolved,Phone,1.43,4,1,3
TKT-02011,176,11,2025-03-13 10:19:00,2025-03-13 18:41:48,Hardware,Monitor Issue,Low,Closed,Portal,8.38,48,1,5
TKT-02012,230,2,2026-01-14 15:30:00,2026-01-15 08:51:00,Software,Application Access,Medium,Resolved,Portal,17.35,24,1,3
TKT-02013,219,6,2026-02-17 17:07:00,2026-02-18 07:25:00,Software,Application Crash,Low,Resolved,Email,14.30,48,1,4
TKT-02014,118,12,2026-08-05 09:50:00,2026-08-05 19:53:36,Security,Suspicious Email,Medium,Resolved,Portal,10.06,24,1,5
TKT-02015,157,7,2025-10-24 10:12:00,2025-10-25 03:54:00,Network,VPN Connection,High,Resolved,Email,17.70,8,0,2
TKT-02016,399,8,2026-01-20 16:04:00,2026-01-22 07:29:48,Account Access,Locked Account,Medium,Resolved,Portal,39.43,24,0,3
TKT-02017,175,3,2025-02-05 18:58:00,2025-02-07 04:53:48,Software,Application Crash,Low,Resolved,Portal,33.93,48,1,5
TKT-02018,69,8,2025-09-25 12:18:00,2025-09-25 22:09:00,Printing,Driver Issue,Medium,Resolved,Email,9.85,24,1,3
TKT-02019,182,6,2025-09-11 10:16:00,2025-09-11 11:28:36,Account Access,Password Reset,High,Resolved,Email,1.21,8,1,5
TKT-02020,365,9,2026-08-11 17:04:00,2026-08-12 01:55:00,Account Access,MFA Issue,Medium,Resolved,Portal,8.85,24,1,4
TKT-02021,13,10,2025-08-25 11:27:00,2025-08-25 22:32:24,Account Access,Locked Account,Medium,Resolved,Portal,11.09,24,1,5
TKT-02022,166,3,2026-02-02 09:14:00,2026-02-02 18:08:36,Printing,Print Queue Stuck,Medium,Resolved,Portal,8.91,24,1,5
TKT-02023,169,1,2026-02-17 07:14:00,2026-02-17 22:39:12,Network,No Internet Access,Medium,Resolved,Email,15.42,24,1,4
TKT-02024,301,4,2026-01-02 10:00:00,2026-01-02 19:24:00,Software,Application Access,Medium,Closed,Phone,9.40,24,1,5
TKT-02025,242,5,2026-02-02 18:52:00,2026-02-02 21:29:48,Software,Application Access,Medium,Closed,Phone,2.63,24,1,4
TKT-02026,142,9,2025-07-21 14:08:00,2025-07-22 04:47:00,Hardware,Docking Station,High,Resolved,Phone,14.65,8,0,3
TKT-02027,10,4,2026-01-21 15:04:00,2026-01-21 15:34:00,Account Access,Password Reset,Medium,Resolved,Portal,0.50,24,1,4
TKT-02028,149,8,2026-08-20 11:39:00,2026-08-20 13:52:48,Account Access,Password Reset,High,Closed,Portal,2.23,8,1,3
TKT-02029,485,2,2026-04-27 08:07:00,2026-04-30 02:45:24,Printing,Printer Offline,Low,Resolved,Portal,66.64,48,0,3
TKT-02030,35,6,2026-02-23 09:26:00,2026-02-23 12:45:12,Software,Microsoft 365 Issue,High,Closed,Portal,3.32,8,1,5
TKT-02031,248,11,2026-02-05 16:23:00,2026-02-05 22:54:48,Network,Wi-Fi Connectivity,Medium,Resolved,Portal,6.53,24,1,5
TKT-02032,310,3,2025-12-24 12:57:00,2025-12-24 19:54:00,Software,Software Installation,Medium,Resolved,Walk-up,6.95,24,1,4
TKT-02033,378,3,2025-09-04 11:10:00,2025-09-04 14:56:12,Security,Malware Alert,High,Resolved,Portal,3.77,8,1,3
TKT-02034,238,4,2026-01-08 16:44:00,2026-01-09 22:18:48,Account Access,MFA Issue,Low,Resolved,Portal,29.58,48,1,4
TKT-02035,128,10,2026-04-14 10:03:00,2026-04-14 16:24:36,Network,Slow Network,High,Resolved,Phone,6.36,8,1,3
TKT-02036,118,2,2025-08-29 12:16:00,2025-08-29 16:28:00,Account Access,Locked Account,Medium,Resolved,Portal,4.20,24,1,5
TKT-02037,12,6,2025-12-26 12:43:00,2025-12-27 10:43:36,Network,Wi-Fi Connectivity,High,Resolved,Email,22.01,8,0,3
TKT-02038,258,8,2025-01-02 10:56:00,2025-01-03 19:05:36,Network,Slow Network,Medium,Resolved,Portal,32.16,24,0,4
TKT-02039,344,9,2025-04-02 10:44:00,2025-04-02 16:05:00,Security,Phishing Report,High,Resolved,Email,5.35,8,1,5
TKT-02040,22,11,2026-03-09 09:38:00,2026-03-10 13:42:48,Software,Microsoft 365 Issue,Medium,Resolved,Portal,28.08,24,0,3
TKT-02041,293,11,2025-09-24 12:19:00,2025-09-24 13:42:24,Account Access,Password Reset,Medium,Resolved,Walk-up,1.39,24,1,5
TKT-02042,44,9,2025-03-28 10:20:00,2025-03-28 12:47:00,Software,Application Access,High,Resolved,Portal,2.45,8,1,3
TKT-02043,450,5,2025-08-06 14:11:00,2025-08-07 04:48:12,Account Access,Locked Account,Low,Resolved,Walk-up,14.62,48,1,5
TKT-02044,125,6,2025-11-19 13:47:00,2025-11-19 23:19:24,Security,Suspicious Email,Medium,Resolved,Phone,9.54,24,1,4
TKT-02045,311,8,2025-11-24 13:30:00,2025-11-25 00:34:48,Hardware,Keyboard/Mouse,Medium,Resolved,Portal,11.08,24,1,5
TKT-02046,109,2,2025-06-17 11:26:00,2025-06-17 17:05:00,Security,Malware Alert,Critical,Resolved,Portal,5.65,4,0,2
TKT-02047,499,4,2026-07-06 10:13:00,2026-07-06 14:51:24,Account Access,MFA Issue,Medium,Closed,Walk-up,4.64,24,1,5
TKT-02048,15,3,2025-01-20 08:40:00,2025-01-20 21:07:00,Software,Software Installation,Medium,Resolved,Walk-up,12.45,24,1,3
TKT-02049,219,4,2025-01-13 13:50:00,2025-01-13 17:10:24,Printing,Printer Permissions,Medium,Closed,Portal,3.34,24,1,3
TKT-02050,94,1,2026-05-18 10:26:00,2026-05-19 01:26:36,Printing,Driver Issue,High,Resolved,Phone,15.01,8,0,3
TKT-02051,437,4,2025-07-28 14:46:00,2025-07-29 00:13:00,Software,Application Crash,High,Closed,Email,9.45,8,0,1
TKT-02052,295,4,2026-08-14 12:12:00,2026-08-14 23:36:36,Software,Application Crash,Medium,Resolved,Portal,11.41,24,1,4
TKT-02053,5,5,2025-05-22 11:03:00,2025-05-22 20:13:12,Printing,Printer Offline,Medium,Resolved,Portal,9.17,24,1,3
TKT-02054,194,12,2026-07-21 09:14:00,2026-07-21 15:53:36,Software,Microsoft 365 Issue,Medium,Closed,Portal,6.66,24,1,3
TKT-02055,421,2,2026-02-02 09:56:00,2026-02-03 01:04:24,Account Access,Locked Account,Medium,Resolved,Email,15.14,24,1,4
TKT-02056,140,3,2025-10-28 13:52:00,2025-10-28 16:05:48,Security,Phishing Report,High,Resolved,Email,2.23,8,1,5
TKT-02057,404,5,2025-01-08 09:44:00,2025-01-08 13:12:48,Printing,Print Queue Stuck,High,Resolved,Portal,3.48,8,1,3
TKT-02058,51,9,2025-08-04 11:27:00,2025-08-04 13:11:24,Account Access,Permissions Request,High,Resolved,Email,1.74,8,1,5
TKT-02059,122,2,2026-01-28 16:54:00,2026-01-30 08:29:24,Software,Browser Issue,Medium,Closed,Email,39.59,24,0,1
TKT-02060,171,9,2026-01-28 10:36:00,2026-01-28 19:03:00,Account Access,Locked Account,Medium,Resolved,Portal,8.45,24,1,5
TKT-02061,228,10,2025-06-27 10:27:00,2025-06-29 13:00:00,Software,Application Crash,Medium,Closed,Walk-up,50.55,24,0,4
TKT-02062,429,6,2026-02-05 13:38:00,2026-02-05 20:50:36,Network,Slow Network,High,Resolved,Email,7.21,8,1,5
TKT-02063,105,3,2026-01-15 12:25:00,2026-01-15 21:55:36,Printing,Print Queue Stuck,Low,Resolved,Email,9.51,48,1,5
TKT-02064,103,12,2026-07-06 14:00:00,2026-07-07 12:39:36,Account Access,Locked Account,Low,Resolved,Portal,22.66,48,1,5
TKT-02065,148,2,2025-10-27 17:58:00,2025-10-28 08:15:24,Software,Microsoft 365 Issue,Medium,Closed,Email,14.29,24,1,5
TKT-02066,175,12,2025-07-02 10:24:00,2025-07-04 10:39:36,Network,VPN Connection,Low,Resolved,Email,48.26,48,0,1
TKT-02067,224,10,2026-05-04 16:29:00,2026-05-05 04:28:24,Security,Suspicious Email,Medium,Resolved,Phone,11.99,24,1,4
TKT-02068,167,12,2025-06-12 17:50:00,2025-06-13 00:09:48,Network,VPN Connection,Critical,Resolved,Walk-up,6.33,4,0,2
TKT-02069,153,11,2026-03-26 09:02:00,2026-03-27 05:45:48,Hardware,Laptop Won't Start,Medium,Resolved,Portal,20.73,24,1,5
TKT-02070,332,1,2026-04-15 17:55:00,2026-04-15 19:20:12,Security,Phishing Report,High,Resolved,Email,1.42,8,1,5
TKT-02071,174,6,2026-03-04 17:57:00,2026-03-05 00:10:12,Software,Browser Issue,Medium,Resolved,Email,6.22,24,1,3
TKT-02072,283,10,2026-08-17 12:26:00,2026-08-18 03:24:12,Network,No Internet Access,Medium,Resolved,Portal,14.97,24,1,4
TKT-02073,296,2,2025-03-03 08:30:00,2025-03-03 09:25:12,Account Access,Password Reset,High,Closed,Email,0.92,8,1,3
TKT-02074,222,4,2025-10-10 13:30:00,2025-10-10 20:16:12,Account Access,Locked Account,Medium,Resolved,Email,6.77,24,1,4
TKT-02075,89,4,2026-01-19 15:48:00,2026-01-20 04:07:48,Account Access,Locked Account,Medium,Resolved,Portal,12.33,24,1,4
TKT-02076,364,4,2026-01-29 11:46:00,2026-01-30 00:14:12,Account Access,Permissions Request,Medium,Resolved,Walk-up,12.47,24,1,5
TKT-02077,245,4,2026-02-02 15:00:00,2026-02-02 15:54:36,Hardware,Keyboard/Mouse,Critical,Closed,Portal,0.91,4,1,4
TKT-02078,160,7,2026-03-31 08:32:00,2026-03-31 11:24:48,Account Access,Locked Account,Critical,Resolved,Email,2.88,4,1,4
TKT-02079,252,1,2025-04-29 13:27:00,2025-04-29 19:09:36,Software,Application Access,Medium,Resolved,Email,5.71,24,1,4
TKT-02080,186,11,2026-03-23 10:33:00,2026-03-23 13:35:24,Account Access,Permissions Request,High,Resolved,Portal,3.04,8,1,4
TKT-02081,2,1,2025-08-28 17:22:00,2025-08-29 10:53:12,Hardware,Monitor Issue,Medium,Resolved,Portal,17.52,24,1,3
TKT-02082,40,1,2025-08-15 09:24:00,2025-08-15 15:35:24,Security,Unauthorized Access Concern,Critical,Resolved,Walk-up,6.19,4,0,2
TKT-02083,44,6,2025-06-20 17:05:00,2025-06-21 06:21:48,Printing,Driver Issue,Medium,Resolved,Portal,13.28,24,1,5
TKT-02084,136,6,2026-03-26 07:42:00,2026-03-26 13:57:36,Hardware,Laptop Performance,Medium,Resolved,Portal,6.26,24,1,5
TKT-02085,130,4,2026-08-04 10:26:00,2026-08-04 20:49:24,Hardware,Laptop Performance,High,Resolved,Portal,10.39,8,0,4
TKT-02086,220,8,2025-06-19 14:21:00,2025-06-21 07:15:00,Printing,Printer Offline,Medium,Resolved,Email,40.90,24,0,2
TKT-02087,394,3,2025-05-05 08:59:00,2025-05-05 11:06:12,Account Access,Password Reset,Medium,Closed,Portal,2.12,24,1,5
TKT-02088,440,10,2026-04-21 14:14:00,2026-04-22 03:59:00,Hardware,Monitor Issue,High,Closed,Portal,13.75,8,0,3
TKT-02089,86,1,2025-12-19 14:48:00,2025-12-21 17:37:48,Software,Application Crash,Medium,Resolved,Portal,50.83,24,0,2
TKT-02090,182,5,2025-05-28 15:44:00,2025-05-29 08:32:36,Account Access,Locked Account,Medium,Resolved,Walk-up,16.81,24,1,4
TKT-02091,237,11,2026-07-07 12:06:00,2026-07-07 12:15:00,Account Access,Password Reset,Critical,Closed,Email,0.15,4,1,4
TKT-02092,137,4,2026-05-22 14:00:00,2026-05-23 02:34:48,Software,Browser Issue,Medium,Closed,Portal,12.58,24,1,5
TKT-02093,366,1,2026-01-09 09:24:00,2026-01-11 06:35:24,Security,Phishing Report,Medium,Resolved,Portal,45.19,24,0,1
TKT-02094,486,11,2026-01-06 10:48:00,2026-01-06 22:40:12,Security,Phishing Report,Low,Resolved,Email,11.87,48,1,5
TKT-02095,399,7,2025-08-27 11:04:00,2025-08-27 21:32:12,Software,Browser Issue,Low,Resolved,Portal,10.47,48,1,5
TKT-02096,170,8,2025-09-18 11:37:00,2025-09-18 23:33:24,Software,Application Access,Medium,Closed,Email,11.94,24,1,4
TKT-02097,426,4,2025-11-10 08:32:00,2025-11-10 17:45:12,Network,VPN Connection,High,Resolved,Portal,9.22,8,0,1
TKT-02098,460,5,2025-03-31 10:52:00,2025-04-01 05:34:36,Software,Browser Issue,High,Closed,Portal,18.71,8,0,1
TKT-02099,44,3,2026-06-04 15:36:00,2026-06-04 17:13:12,Network,DNS Resolution,High,Resolved,Phone,1.62,8,1,5
TKT-02100,184,1,2026-05-27 13:41:00,2026-05-28 09:03:48,Account Access,MFA Issue,Low,Resolved,Phone,19.38,48,1,4
TKT-02101,36,7,2026-07-21 09:44:00,2026-07-21 22:27:12,Printing,Printer Offline,High,Resolved,Portal,12.72,8,0,3
TKT-02102,392,4,2026-06-19 17:51:00,2026-06-21 06:27:00,Printing,Printer Offline,Low,Resolved,Phone,36.60,48,1,4
TKT-02103,10,12,2025-10-31 08:38:00,2025-10-31 11:41:00,Software,Application Crash,High,Resolved,Portal,3.05,8,1,4
TKT-02104,231,8,2026-07-14 12:41:00,2026-07-14 20:51:48,Software,Microsoft 365 Issue,Medium,Resolved,Walk-up,8.18,24,1,4
TKT-02105,102,2,2025-07-23 10:56:00,2025-07-23 15:11:36,Security,Suspicious Email,High,Closed,Walk-up,4.26,8,1,4
TKT-02106,133,3,2026-06-01 11:09:00,2026-06-01 16:42:00,Network,VPN Connection,High,Resolved,Portal,5.55,8,1,5
TKT-02107,434,7,2025-10-24 11:16:00,2025-10-24 19:12:24,Network,VPN Connection,High,Closed,Phone,7.94,8,1,5
TKT-02108,169,12,2025-01-07 08:16:00,2025-01-08 13:04:36,Hardware,Monitor Issue,Medium,Closed,Phone,28.81,24,0,3
TKT-02109,59,5,2025-06-25 07:31:00,2025-06-26 09:04:36,Network,DNS Resolution,High,Resolved,Email,25.56,8,0,2
TKT-02110,438,3,2025-10-22 12:26:00,2025-10-22 17:18:48,Account Access,MFA Issue,Medium,Resolved,Portal,4.88,24,1,4
TKT-02111,380,4,2025-08-29 12:12:00,2025-08-30 02:16:48,Account Access,Password Reset,Low,Resolved,Portal,14.08,48,1,5
TKT-02112,428,7,2026-01-08 12:38:00,2026-01-08 15:05:00,Account Access,Password Reset,Medium,Resolved,Walk-up,2.45,24,1,3
TKT-02113,125,6,2025-11-21 16:49:00,2025-11-21 21:32:48,Printing,Print Queue Stuck,Medium,Closed,Phone,4.73,24,1,5
TKT-02114,229,2,2026-02-27 13:37:00,2026-02-28 04:38:48,Network,VPN Connection,Medium,Closed,Email,15.03,24,1,4
TKT-02115,316,7,2025-01-08 17:42:00,2025-01-09 08:48:00,Software,Application Crash,Low,Resolved,Walk-up,15.10,48,1,5
TKT-02116,79,11,2025-12-12 09:48:00,2025-12-12 17:06:36,Software,Application Access,High,Resolved,Phone,7.31,8,1,4
TKT-02117,147,6,2026-04-14 17:50:00,2026-04-14 21:33:48,Security,Malware Alert,High,Resolved,Phone,3.73,8,1,5
TKT-02118,192,1,2025-05-21 12:55:00,2025-05-21 17:32:12,Account Access,Locked Account,Medium,Closed,Portal,4.62,24,1,5
TKT-02119,58,1,2025-03-28 11:07:00,2025-03-28 21:28:36,Software,Software Installation,Medium,Resolved,Portal,10.36,24,1,5
TKT-02120,70,5,2025-10-09 15:02:00,2025-10-10 11:57:12,Account Access,Permissions Request,Medium,Resolved,Portal,20.92,24,1,4
TKT-02121,132,12,2025-07-09 16:22:00,2025-07-10 10:14:48,Software,Software Installation,Medium,Closed,Email,17.88,24,1,5
TKT-02122,198,10,2025-06-27 16:20:00,2025-06-28 00:10:24,Software,Application Crash,Medium,Closed,Phone,7.84,24,1,4
TKT-02123,344,10,2026-06-24 11:24:00,2026-06-25 03:42:36,Security,Suspicious Email,High,Closed,Email,16.31,8,0,2
TKT-02124,67,7,2025-11-11 08:26:00,2025-11-11 22:04:24,Printing,Printer Offline,Low,Resolved,Email,13.64,48,1,5
TKT-02125,5,3,2025-02-21 16:41:00,2025-02-22 09:40:24,Hardware,Monitor Issue,Medium,Resolved,Portal,16.99,24,1,4
TKT-02126,453,8,2026-05-12 11:40:00,2026-05-12 12:01:00,Account Access,Locked Account,High,Resolved,Portal,0.35,8,1,5
TKT-02127,478,12,2025-11-12 17:36:00,2025-11-12 20:13:12,Printing,Driver Issue,Medium,Resolved,Email,2.62,24,1,5
TKT-02128,241,8,2025-07-02 15:42:00,2025-07-03 03:01:48,Hardware,Battery/Power,Medium,Resolved,Portal,11.33,24,1,3
TKT-02129,243,1,2026-05-07 07:05:00,2026-05-07 17:49:24,Network,Slow Network,High,Resolved,Walk-up,10.74,8,0,3
TKT-02130,71,2,2025-07-01 08:04:00,2025-07-02 12:23:12,Network,VPN Connection,High,Resolved,Phone,28.32,8,0,2
TKT-02131,152,6,2025-02-05 17:55:00,2025-02-05 19:13:36,Account Access,Password Reset,Medium,Resolved,Portal,1.31,24,1,4
TKT-02132,492,3,2026-03-26 17:01:00,2026-03-26 20:01:36,Security,Suspicious Email,Critical,Closed,Portal,3.01,4,1,5
TKT-02133,273,1,2026-05-26 12:24:00,2026-05-26 17:55:48,Software,Application Crash,High,Closed,Portal,5.53,8,1,5
TKT-02134,320,10,2025-04-16 17:21:00,2025-04-17 17:42:00,Account Access,Locked Account,Low,Closed,Phone,24.35,48,1,5
TKT-02135,192,8,2025-01-16 07:54:00,2025-01-16 13:34:48,Security,Suspicious Email,Critical,Resolved,Portal,5.68,4,0,2
TKT-02136,419,6,2026-02-02 10:19:00,2026-02-02 17:39:24,Printing,Print Queue Stuck,Low,Resolved,Email,7.34,48,1,4
TKT-02137,321,7,2025-02-12 14:05:00,2025-02-12 17:53:36,Account Access,MFA Issue,Medium,Closed,Portal,3.81,24,1,4
TKT-02138,294,10,2026-01-14 17:42:00,2026-01-15 02:49:48,Software,Software Installation,Medium,Resolved,Phone,9.13,24,1,5
TKT-02139,151,10,2026-01-08 10:43:00,2026-01-08 15:54:24,Hardware,Monitor Issue,Medium,Closed,Email,5.19,24,1,3
TKT-02140,167,5,2025-03-03 10:00:00,2025-03-03 10:24:36,Account Access,Password Reset,High,Resolved,Email,0.41,8,1,5
TKT-02141,61,7,2025-05-15 09:22:00,2025-05-15 18:13:00,Account Access,Permissions Request,Medium,Resolved,Portal,8.85,24,1,4
TKT-02142,209,5,2025-05-12 16:52:00,2025-05-13 02:04:00,Network,VPN Connection,Medium,Resolved,Portal,9.20,24,1,5
TKT-02143,167,1,2025-03-21 08:04:00,2025-03-23 11:33:24,Account Access,Password Reset,Medium,Resolved,Email,51.49,24,0,2
TKT-02144,120,4,2025-06-18 09:31:00,2025-06-18 20:42:24,Account Access,Locked Account,Medium,Resolved,Phone,11.19,24,1,5
TKT-02145,60,7,2025-05-07 07:22:00,2025-05-09 05:35:48,Software,Microsoft 365 Issue,Medium,Resolved,Portal,46.23,24,0,3
TKT-02146,432,4,2026-03-18 11:08:00,2026-03-19 06:24:12,Network,VPN Connection,Critical,Resolved,Email,19.27,4,0,2
TKT-02147,137,12,2026-01-15 16:35:00,2026-01-15 19:42:48,Printing,Driver Issue,High,Closed,Portal,3.13,8,1,5
TKT-02148,78,9,2026-08-13 13:41:00,2026-08-13 16:51:48,Printing,Printer Offline,High,Resolved,Email,3.18,8,1,5
TKT-02149,169,3,2026-08-13 09:01:00,2026-08-13 11:22:00,Hardware,Battery/Power,Critical,Resolved,Email,2.35,4,1,5
TKT-02150,419,12,2026-01-15 10:54:00,2026-01-15 11:27:36,Account Access,Password Reset,High,Closed,Email,0.56,8,1,4
TKT-02151,316,1,2026-04-27 13:41:00,2026-04-28 09:57:12,Hardware,Keyboard/Mouse,Low,Resolved,Portal,20.27,48,1,4
TKT-02152,102,10,2025-11-13 13:40:00,2025-11-15 11:47:12,Network,Slow Network,Low,Resolved,Portal,46.12,48,1,4
TKT-02153,30,6,2026-08-07 14:25:00,2026-08-07 23:30:24,Printing,Printer Offline,Medium,Resolved,Email,9.09,24,1,4
TKT-02154,396,1,2025-01-10 14:52:00,2025-01-11 10:08:48,Software,Browser Issue,Medium,Closed,Portal,19.28,24,1,5
TKT-02155,126,1,2026-02-25 14:07:00,2026-02-25 18:12:24,Hardware,Laptop Performance,High,Resolved,Email,4.09,8,1,4
TKT-02156,496,8,2025-08-27 15:51:00,2025-08-28 13:28:12,Account Access,Locked Account,Medium,Resolved,Email,21.62,24,1,4
TKT-02157,166,7,2026-06-17 15:13:00,2026-06-17 18:41:12,Security,Phishing Report,High,Closed,Portal,3.47,8,1,5
TKT-02158,282,10,2025-11-18 16:01:00,2025-11-18 18:23:48,Account Access,MFA Issue,High,Resolved,Phone,2.38,8,1,5
TKT-02159,373,4,2025-10-22 17:42:00,2025-10-23 00:34:48,Account Access,Locked Account,Medium,Closed,Walk-up,6.88,24,1,4
TKT-02160,500,3,2026-03-24 15:38:00,2026-03-25 02:26:36,Printing,Driver Issue,Medium,Resolved,Email,10.81,24,1,4
TKT-02161,458,2,2026-01-22 19:26:00,2026-01-23 02:35:36,Security,Phishing Report,Low,Resolved,Phone,7.16,48,1,5
TKT-02162,91,12,2026-06-11 11:42:00,2026-06-11 15:14:24,Hardware,Laptop Won't Start,High,Closed,Portal,3.54,8,1,5
TKT-02163,311,7,2025-03-14 10:57:00,2025-03-14 14:15:36,Software,Application Access,High,Closed,Phone,3.31,8,1,5
TKT-02164,171,1,2026-07-02 10:30:00,2026-07-02 11:31:12,Account Access,MFA Issue,High,Resolved,Phone,1.02,8,1,5
TKT-02165,241,8,2026-06-24 11:04:00,2026-06-24 17:38:48,Network,Wi-Fi Connectivity,High,Resolved,Phone,6.58,8,1,5
TKT-02166,256,8,2025-12-24 14:39:00,2025-12-25 10:34:48,Hardware,Laptop Performance,Medium,Closed,Phone,19.93,24,1,5
TKT-02167,25,10,2026-08-05 09:56:00,2026-08-05 21:54:12,Printing,Printer Permissions,Low,Resolved,Email,11.97,48,1,5
TKT-02168,169,11,2026-03-12 10:21:00,2026-03-12 15:16:48,Software,Application Crash,Medium,Resolved,Email,4.93,24,1,5
TKT-02169,40,2,2025-11-13 17:18:00,2025-11-13 23:42:00,Software,Microsoft 365 Issue,Medium,Resolved,Portal,6.40,24,1,5
TKT-02170,339,5,2025-10-02 11:25:00,2025-10-02 13:51:24,Account Access,MFA Issue,Medium,Resolved,Email,2.44,24,1,4
TKT-02171,93,2,2025-09-02 08:54:00,2025-09-03 05:33:00,Software,Microsoft 365 Issue,Low,Resolved,Phone,20.65,48,1,5
TKT-02172,405,7,2025-08-05 10:25:00,2025-08-05 14:55:36,Software,Microsoft 365 Issue,Medium,Closed,Portal,4.51,24,1,5
TKT-02173,363,10,2025-04-15 15:25:00,2025-04-16 13:53:12,Printing,Printer Offline,Low,Resolved,Portal,22.47,48,1,5
TKT-02174,492,8,2025-08-01 09:49:00,2025-08-01 12:51:24,Account Access,Locked Account,High,Resolved,Portal,3.04,8,1,3
TKT-02175,460,3,2025-10-27 19:05:00,2025-10-28 06:44:36,Network,DNS Resolution,High,Resolved,Portal,11.66,8,0,1
TKT-02176,289,11,2025-05-02 16:48:00,2025-05-02 18:08:24,Security,Phishing Report,High,Closed,Portal,1.34,8,1,5
TKT-02177,14,11,2026-07-17 11:28:00,2026-07-19 16:30:24,Software,Application Crash,Medium,Closed,Portal,53.04,24,0,2
TKT-02178,96,3,2025-10-27 14:58:00,2025-10-27 17:51:24,Account Access,Password Reset,Medium,Resolved,Phone,2.89,24,1,5
TKT-02179,38,2,2025-01-29 12:50:00,2025-01-30 07:37:24,Software,Browser Issue,Medium,Resolved,Portal,18.79,24,1,5
TKT-02180,256,2,2026-01-15 11:49:00,2026-01-16 03:13:00,Software,Software Installation,Medium,Closed,Email,15.40,24,1,3
TKT-02181,162,4,2025-05-28 14:52:00,2025-05-29 04:22:00,Network,Slow Network,Medium,Resolved,Portal,13.50,24,1,5
TKT-02182,169,5,2025-11-19 17:22:00,2025-11-19 22:45:24,Hardware,Keyboard/Mouse,High,Resolved,Email,5.39,8,1,4
TKT-02183,228,6,2025-03-06 10:24:00,2025-03-06 21:26:24,Printing,Printer Offline,Low,Resolved,Portal,11.04,48,1,5
TKT-02184,113,3,2026-07-29 16:37:00,2026-07-30 23:55:00,Security,Malware Alert,Medium,Resolved,Portal,31.30,24,0,3
TKT-02185,24,10,2025-03-12 12:52:00,2025-03-12 18:23:48,Software,Browser Issue,Critical,Resolved,Phone,5.53,4,0,1
TKT-02186,303,6,2025-08-25 19:40:00,2025-08-26 00:05:48,Network,No Internet Access,High,Resolved,Portal,4.43,8,1,4
TKT-02187,130,2,2025-01-02 09:43:00,2025-01-02 16:22:00,Account Access,MFA Issue,Medium,Resolved,Portal,6.65,24,1,4
TKT-02188,42,1,2025-03-19 12:22:00,2025-03-20 21:11:48,Account Access,Password Reset,Medium,Resolved,Email,32.83,24,0,3
TKT-02189,11,3,2025-07-31 10:38:00,2025-07-31 17:51:12,Network,Slow Network,Medium,Closed,Phone,7.22,24,1,4
TKT-02190,192,9,2026-05-11 16:23:00,2026-05-11 17:02:00,Account Access,Password Reset,High,Resolved,Phone,0.65,8,1,4
TKT-02191,263,8,2026-03-05 15:35:00,2026-03-06 14:32:00,Printing,Print Queue Stuck,Medium,Resolved,Portal,22.95,24,1,3
TKT-02192,157,3,2026-04-13 19:37:00,2026-04-13 22:31:36,Printing,Driver Issue,High,Closed,Portal,2.91,8,1,4
TKT-02193,81,4,2025-01-27 11:01:00,2025-01-27 20:52:00,Account Access,Locked Account,Medium,Closed,Phone,9.85,24,1,3
TKT-02194,372,2,2025-09-05 10:32:00,2025-09-06 08:22:24,Network,Wi-Fi Connectivity,Low,Resolved,Phone,21.84,48,1,3
TKT-02195,135,8,2025-08-01 08:24:00,2025-08-01 17:42:00,Hardware,Monitor Issue,High,Resolved,Phone,9.30,8,0,1
TKT-02196,41,2,2026-02-20 10:11:00,2026-02-20 12:04:24,Account Access,Password Reset,Medium,Closed,Phone,1.89,24,1,5
TKT-02197,233,12,2026-01-26 10:58:00,2026-01-26 14:13:00,Hardware,Battery/Power,High,Closed,Walk-up,3.25,8,1,4
TKT-02198,412,4,2025-09-04 15:22:00,2025-09-04 22:44:12,Software,Software Installation,Medium,Resolved,Portal,7.37,24,1,5
TKT-02199,166,2,2025-12-19 17:02:00,2025-12-19 20:12:48,Software,Microsoft 365 Issue,Medium,Resolved,Phone,3.18,24,1,5
TKT-02200,450,1,2026-01-01 08:15:00,2026-01-01 09:39:36,Account Access,Password Reset,Medium,Resolved,Portal,1.41,24,1,5
TKT-02201,85,8,2025-10-29 10:10:00,2025-10-29 18:09:24,Account Access,Password Reset,Medium,Resolved,Portal,7.99,24,1,4
TKT-02202,273,11,2025-09-05 09:15:00,2025-09-05 15:02:24,Network,No Internet Access,High,Closed,Email,5.79,8,1,5
TKT-02203,121,1,2025-06-09 16:34:00,2025-06-09 18:34:36,Account Access,Password Reset,Medium,Closed,Portal,2.01,24,1,5
TKT-02204,388,3,2026-08-06 13:54:00,2026-08-07 04:17:24,Network,Wi-Fi Connectivity,Medium,Resolved,Walk-up,14.39,24,1,3
TKT-02205,88,7,2026-01-15 16:44:00,2026-01-16 19:59:36,Hardware,Monitor Issue,Medium,Resolved,Portal,27.26,24,0,1
TKT-02206,52,2,2026-02-25 08:46:00,2026-02-25 20:46:36,Account Access,Locked Account,Medium,Resolved,Portal,12.01,24,1,3
TKT-02207,157,1,2026-07-09 11:48:00,2026-07-09 14:31:48,Hardware,Laptop Performance,High,Closed,Portal,2.73,8,1,4
TKT-02208,435,3,2026-06-02 15:32:00,2026-06-02 18:06:48,Hardware,Monitor Issue,Medium,Resolved,Portal,2.58,24,1,4
TKT-02209,379,1,2025-01-02 16:45:00,2025-01-03 05:40:48,Printing,Printer Offline,Medium,Resolved,Portal,12.93,24,1,5
TKT-02210,104,7,2025-08-21 14:49:00,2025-08-23 20:30:24,Network,VPN Connection,Medium,Resolved,Email,53.69,24,0,2
TKT-02211,325,11,2025-07-23 14:23:00,2025-07-27 14:35:00,Hardware,Laptop Performance,Low,Resolved,Email,96.20,48,0,2
TKT-02212,340,3,2025-05-28 09:27:00,2025-05-28 15:43:12,Account Access,Locked Account,Medium,Closed,Email,6.27,24,1,5
TKT-02213,458,6,2025-12-26 11:27:00,2025-12-27 01:14:24,Account Access,MFA Issue,Medium,Resolved,Phone,13.79,24,1,4
TKT-02214,162,11,2026-03-20 15:42:00,2026-03-20 17:53:24,Printing,Printer Offline,Medium,Resolved,Portal,2.19,24,1,5
TKT-02215,41,9,2026-04-30 16:32:00,2026-05-01 06:17:00,Hardware,Docking Station,High,Resolved,Portal,13.75,8,0,4
TKT-02216,300,6,2025-10-09 16:19:00,2025-10-10 05:11:12,Network,Wi-Fi Connectivity,High,Resolved,Email,12.87,8,0,2
TKT-02217,196,10,2026-04-08 12:30:00,2026-04-08 12:51:36,Account Access,Password Reset,Medium,Closed,Portal,0.36,24,1,5
TKT-02218,143,12,2025-12-09 14:10:00,2025-12-10 03:29:48,Network,No Internet Access,High,Closed,Email,13.33,8,0,4
TKT-02219,23,10,2026-01-05 16:51:00,2026-01-06 02:35:24,Security,Suspicious Email,High,Resolved,Portal,9.74,8,0,2
TKT-02220,59,11,2025-04-10 10:36:00,2025-04-10 13:19:12,Software,Browser Issue,High,Resolved,Email,2.72,8,1,4
TKT-02221,17,7,2025-03-26 15:13:00,2025-03-27 10:41:12,Security,Suspicious Email,Medium,Resolved,Email,19.47,24,1,3
TKT-02222,424,6,2025-01-30 13:12:00,2025-01-30 15:27:00,Printing,Printer Offline,Medium,Closed,Portal,2.25,24,1,5
TKT-02223,226,2,2025-04-07 09:13:00,2025-04-07 10:55:00,Account Access,Password Reset,Medium,Closed,Portal,1.70,24,1,5
TKT-02224,362,4,2025-03-12 15:04:00,2025-03-12 17:43:00,Account Access,Locked Account,High,Resolved,Phone,2.65,8,1,3
TKT-02225,326,6,2025-01-08 12:31:00,2025-01-08 19:07:36,Account Access,Locked Account,Low,Closed,Walk-up,6.61,48,1,4
TKT-02226,396,6,2025-10-14 12:52:00,2025-10-14 16:26:12,Account Access,MFA Issue,Medium,Resolved,Phone,3.57,24,1,3
TKT-02227,292,10,2025-04-15 17:22:00,2025-04-15 20:10:00,Security,Phishing Report,High,Resolved,Walk-up,2.80,8,1,4
TKT-02228,484,4,2026-05-21 12:10:00,2026-05-22 01:28:00,Account Access,Permissions Request,Medium,Resolved,Portal,13.30,24,1,4
TKT-02229,255,3,2026-07-16 10:27:00,2026-07-16 11:06:00,Account Access,Password Reset,Medium,Resolved,Portal,0.65,24,1,4
TKT-02230,453,3,2025-09-04 13:28:00,2025-09-06 18:16:36,Account Access,Permissions Request,Medium,Closed,Email,52.81,24,0,2
TKT-02231,224,1,2025-09-18 16:24:00,2025-09-18 22:18:00,Account Access,Password Reset,Medium,Closed,Portal,5.90,24,1,4
TKT-02232,313,12,2025-06-10 09:42:00,2025-06-11 20:06:36,Network,VPN Connection,Medium,Resolved,Email,34.41,24,0,2
TKT-02233,498,10,2026-06-03 12:05:00,2026-06-03 13:27:12,Hardware,Monitor Issue,High,Closed,Phone,1.37,8,1,4
TKT-02234,66,6,2025-11-10 12:27:00,2025-11-11 17:16:48,Hardware,Laptop Won't Start,Medium,Resolved,Portal,28.83,24,0,2
TKT-02235,397,2,2026-05-06 19:34:00,2026-05-06 20:59:12,Account Access,Locked Account,High,Closed,Phone,1.42,8,1,3
TKT-02236,392,12,2025-07-07 10:38:00,2025-07-07 12:30:12,Printing,Print Queue Stuck,Medium,Resolved,Email,1.87,24,1,5
TKT-02237,207,5,2025-05-30 13:52:00,2025-05-31 07:32:48,Network,VPN Connection,High,Resolved,Portal,17.68,8,0,2
TKT-02238,436,9,2025-04-21 09:26:00,2025-04-21 16:56:00,Network,DNS Resolution,High,Resolved,Portal,7.50,8,1,5
TKT-02239,395,11,2026-02-17 16:53:00,2026-02-17 18:33:12,Account Access,Locked Account,High,Resolved,Portal,1.67,8,1,4
TKT-02240,232,3,2025-04-25 16:52:00,2025-04-25 22:10:36,Network,DNS Resolution,Medium,Resolved,Walk-up,5.31,24,1,4
TKT-02241,40,10,2026-08-19 18:17:00,2026-08-20 10:39:48,Software,Application Access,Medium,Closed,Portal,16.38,24,1,5
TKT-02242,234,3,2025-03-05 14:40:00,2025-03-05 21:20:12,Software,Microsoft 365 Issue,Medium,Resolved,Email,6.67,24,1,4
TKT-02243,258,2,2026-04-10 07:30:00,2026-04-10 10:50:24,Software,Microsoft 365 Issue,Critical,Resolved,Walk-up,3.34,4,1,5
TKT-02244,177,3,2025-03-27 15:31:00,2025-03-27 23:45:24,Hardware,Docking Station,Medium,Closed,Portal,8.24,24,1,5
TKT-02245,267,3,2026-06-19 17:54:00,2026-06-20 00:00:36,Network,Wi-Fi Connectivity,Medium,Closed,Portal,6.11,24,1,4
TKT-02246,313,2,2026-07-21 09:24:00,2026-07-21 11:13:48,Account Access,Password Reset,Medium,Resolved,Portal,1.83,24,1,5
TKT-02247,185,1,2026-05-07 10:56:00,2026-05-07 11:57:48,Account Access,Password Reset,High,Resolved,Email,1.03,8,1,5
TKT-02248,4,12,2025-05-14 12:27:00,2025-05-14 20:28:12,Software,Microsoft 365 Issue,High,Closed,Walk-up,8.02,8,0,1
TKT-02249,491,11,2026-05-27 16:20:00,2026-05-27 18:18:48,Printing,Print Queue Stuck,High,Resolved,Phone,1.98,8,1,5
TKT-02250,385,11,2026-02-11 16:55:00,2026-02-11 18:37:00,Hardware,Laptop Performance,High,Closed,Portal,1.70,8,1,5
TKT-02251,195,2,2025-03-25 14:29:00,2025-03-25 21:48:12,Hardware,Battery/Power,High,Resolved,Phone,7.32,8,1,5
TKT-02252,278,9,2026-02-03 15:26:00,2026-02-03 18:10:24,Account Access,Password Reset,Medium,Resolved,Portal,2.74,24,1,5
TKT-02253,1,10,2026-05-21 12:54:00,2026-05-22 00:00:00,Software,Application Crash,Medium,Resolved,Portal,11.10,24,1,5
TKT-02254,204,9,2025-04-22 07:55:00,2025-04-22 23:29:12,Hardware,Laptop Won't Start,Medium,Resolved,Walk-up,15.57,24,1,5
TKT-02255,276,3,2025-01-27 08:03:00,2025-01-27 11:02:24,Account Access,MFA Issue,High,Resolved,Walk-up,2.99,8,1,4
TKT-02256,87,12,2025-09-15 18:52:00,2025-09-16 13:40:36,Software,Application Crash,Medium,Resolved,Email,18.81,24,1,5
TKT-02257,297,2,2025-08-21 16:25:00,2025-08-24 17:01:36,Printing,Printer Permissions,Low,Resolved,Email,72.61,48,0,1
TKT-02258,96,8,2026-08-07 10:51:00,2026-08-07 14:45:00,Software,Microsoft 365 Issue,Medium,Resolved,Portal,3.90,24,1,3
TKT-02259,175,1,2025-10-10 14:39:00,2025-10-10 21:21:00,Network,DNS Resolution,High,Closed,Portal,6.70,8,1,5
TKT-02260,273,10,2025-02-12 10:00:00,2025-02-13 05:13:48,Network,Wi-Fi Connectivity,High,Resolved,Portal,19.23,8,0,3
TKT-02261,344,6,2025-05-09 14:17:00,2025-05-09 21:25:24,Network,VPN Connection,High,Resolved,Email,7.14,8,1,4
TKT-02262,269,12,2025-07-23 11:19:00,2025-07-23 15:27:24,Account Access,Password Reset,Medium,Resolved,Portal,4.14,24,1,5
TKT-02263,46,3,2025-07-23 12:17:00,2025-07-23 17:41:00,Network,No Internet Access,High,Resolved,Phone,5.40,8,1,4
TKT-02264,78,4,2025-08-05 14:58:00,2025-08-05 19:23:48,Account Access,MFA Issue,Medium,Resolved,Portal,4.43,24,1,3
TKT-02265,494,3,2025-01-13 16:57:00,2025-01-14 01:05:24,Hardware,Monitor Issue,Medium,Resolved,Portal,8.14,24,1,4
TKT-02266,79,1,2026-01-09 09:31:00,2026-01-09 12:57:24,Network,VPN Connection,Critical,Closed,Portal,3.44,4,1,5
TKT-02267,410,11,2026-07-20 09:03:00,2026-07-20 11:23:24,Security,Suspicious Email,High,Resolved,Phone,2.34,8,1,4
TKT-02268,405,10,2025-03-21 19:10:00,2025-03-23 11:11:48,Software,Microsoft 365 Issue,Medium,Resolved,Portal,40.03,24,0,2
TKT-02269,95,5,2025-06-24 13:58:00,2025-06-24 16:32:12,Account Access,Permissions Request,Medium,Closed,Portal,2.57,24,1,5
TKT-02270,402,12,2025-10-01 16:20:00,2025-10-01 22:46:24,Account Access,Locked Account,Medium,Closed,Portal,6.44,24,1,5
TKT-02271,28,3,2025-12-31 08:44:00,2025-12-31 19:21:12,Network,Slow Network,Medium,Closed,Portal,10.62,24,1,4
TKT-02272,20,2,2026-01-09 10:59:00,2026-01-09 12:39:12,Account Access,Password Reset,High,Resolved,Portal,1.67,8,1,4
TKT-02273,194,6,2025-09-25 09:16:00,2025-09-25 16:44:48,Account Access,Locked Account,Low,Resolved,Portal,7.48,48,1,4
TKT-02274,191,9,2025-08-06 18:35:00,2025-08-06 19:35:00,Account Access,Password Reset,Medium,Closed,Phone,1.00,24,1,5
TKT-02275,223,11,2025-10-30 16:30:00,2025-10-31 10:23:24,Printing,Printer Offline,Medium,Resolved,Email,17.89,24,1,4
TKT-02276,487,2,2026-06-11 12:11:00,2026-06-12 14:36:48,Network,No Internet Access,Medium,Resolved,Portal,26.43,24,0,2
TKT-02277,23,9,2026-07-07 15:44:00,2026-07-08 05:59:00,Hardware,Docking Station,Medium,Resolved,Portal,14.25,24,1,5
TKT-02278,285,10,2025-11-03 09:32:00,2025-11-03 16:14:00,Network,VPN Connection,High,Closed,Email,6.70,8,1,5
TKT-02279,80,6,2025-10-14 11:45:00,2025-10-14 15:18:36,Account Access,Permissions Request,High,Resolved,Walk-up,3.56,8,1,5
TKT-02280,60,11,2026-06-18 18:04:00,2026-06-19 11:36:24,Software,Microsoft 365 Issue,Low,Resolved,Email,17.54,48,1,4
TKT-02281,118,3,2026-05-22 08:49:00,2026-05-22 17:10:00,Hardware,Laptop Won't Start,Medium,Closed,Email,8.35,24,1,5
TKT-02282,369,5,2026-06-12 12:41:00,2026-06-12 17:14:36,Network,Wi-Fi Connectivity,High,Resolved,Walk-up,4.56,8,1,5
TKT-02283,481,10,2025-11-18 14:41:00,2025-11-18 20:27:12,Software,Microsoft 365 Issue,Medium,Resolved,Walk-up,5.77,24,1,3
TKT-02284,89,11,2025-01-07 16:25:00,2025-01-09 21:43:36,Network,VPN Connection,Medium,Resolved,Portal,53.31,24,0,2
TKT-02285,480,3,2025-04-09 09:46:00,2025-04-09 22:32:12,Printing,Printer Offline,Medium,Resolved,Portal,12.77,24,1,4
TKT-02286,340,7,2025-05-20 11:57:00,2025-05-20 21:30:00,Hardware,Monitor Issue,Medium,Closed,Portal,9.55,24,1,4
TKT-02287,496,11,2026-06-24 11:18:00,2026-06-24 23:13:12,Security,Lost/Stolen Device,High,Resolved,Phone,11.92,8,0,1
TKT-02288,387,4,2025-04-01 09:48:00,2025-04-02 05:00:00,Network,Wi-Fi Connectivity,High,Resolved,Phone,19.20,8,0,3
TKT-02289,248,12,2026-06-26 15:44:00,2026-06-27 07:48:48,Security,Malware Alert,High,Resolved,Phone,16.08,8,0,2
TKT-02290,151,5,2025-01-23 10:07:00,2025-01-24 04:13:00,Hardware,Laptop Performance,High,Resolved,Portal,18.10,8,0,2
TKT-02291,339,8,2025-06-13 15:46:00,2025-06-13 18:37:36,Account Access,Password Reset,Low,Closed,Email,2.86,48,1,5
TKT-02292,148,4,2026-08-14 14:45:00,2026-08-16 15:45:00,Network,Wi-Fi Connectivity,Medium,Resolved,Email,49.00,24,0,2
TKT-02293,479,5,2025-02-21 12:55:00,2025-02-21 14:22:36,Hardware,Keyboard/Mouse,Critical,Resolved,Portal,1.46,4,1,5
TKT-02294,24,4,2025-10-17 13:30:00,2025-10-18 00:06:36,Network,No Internet Access,High,Resolved,Email,10.61,8,0,2
TKT-02295,93,4,2026-02-24 19:11:00,2026-02-24 22:35:00,Security,Phishing Report,High,Resolved,Phone,3.40,8,1,4
TKT-02296,305,2,2026-06-08 14:29:00,2026-06-09 12:37:24,Software,Microsoft 365 Issue,Medium,Resolved,Email,22.14,24,1,3
TKT-02297,37,10,2025-06-02 16:31:00,2025-06-02 22:26:12,Network,DNS Resolution,High,Resolved,Email,5.92,8,1,5
TKT-02298,32,8,2026-07-17 09:15:00,2026-07-17 11:27:00,Account Access,Password Reset,Medium,Resolved,Portal,2.20,24,1,3
TKT-02299,317,12,2025-12-26 13:02:00,2025-12-26 19:46:24,Printing,Driver Issue,Medium,Resolved,Portal,6.74,24,1,4
TKT-02300,313,5,2025-10-09 08:06:00,2025-10-09 11:13:48,Security,Phishing Report,High,Resolved,Email,3.13,8,1,5
TKT-02301,88,3,2025-01-17 10:55:00,2025-01-17 12:53:12,Software,Browser Issue,High,Resolved,Email,1.97,8,1,5
TKT-02302,162,8,2025-03-03 14:44:00,2025-03-03 17:24:12,Account Access,Permissions Request,High,Resolved,Portal,2.67,8,1,4
TKT-02303,84,6,2026-07-23 10:14:00,2026-07-24 18:12:48,Security,Suspicious Email,Medium,Closed,Phone,31.98,24,0,2
TKT-02304,313,7,2025-09-17 10:55:00,2025-09-17 21:20:12,Software,Browser Issue,Medium,Resolved,Email,10.42,24,1,3
TKT-02305,492,6,2025-10-01 13:54:00,2025-10-02 06:25:12,Security,Suspicious Email,High,Resolved,Phone,16.52,8,0,3
TKT-02306,294,11,2025-01-06 13:42:00,2025-01-06 21:42:36,Printing,Printer Offline,Medium,Resolved,Portal,8.01,24,1,5
TKT-02307,366,4,2026-01-28 16:11:00,2026-01-29 00:11:36,Account Access,MFA Issue,Medium,Closed,Phone,8.01,24,1,5
TKT-02308,168,7,2026-01-01 12:30:00,2026-01-01 16:00:00,Account Access,MFA Issue,High,Resolved,Portal,3.50,8,1,4
TKT-02309,215,9,2025-06-05 10:52:00,2025-06-05 19:20:48,Printing,Driver Issue,Medium,Resolved,Portal,8.48,24,1,4
TKT-02310,430,3,2025-10-07 13:02:00,2025-10-07 16:57:12,Account Access,Locked Account,High,Resolved,Email,3.92,8,1,5
TKT-02311,93,9,2026-04-08 08:19:00,2026-04-08 16:22:36,Network,Wi-Fi Connectivity,High,Resolved,Portal,8.06,8,0,3
TKT-02312,161,11,2026-04-27 16:36:00,2026-04-28 08:16:12,Network,VPN Connection,High,Resolved,Phone,15.67,8,0,3
TKT-02313,313,1,2026-05-20 12:37:00,2026-05-21 07:11:12,Network,Wi-Fi Connectivity,High,Resolved,Email,18.57,8,0,1
TKT-02314,156,12,2025-10-28 11:07:00,2025-10-29 00:07:00,Account Access,MFA Issue,Medium,Resolved,Phone,13.00,24,1,4
TKT-02315,41,3,2026-02-18 11:09:00,2026-02-19 02:03:36,Printing,Driver Issue,Low,Closed,Portal,14.91,48,1,5
TKT-02316,36,6,2026-06-01 13:35:00,2026-06-01 16:35:00,Hardware,Laptop Won't Start,High,Resolved,Portal,3.00,8,1,3
TKT-02317,11,12,2026-05-01 15:10:00,2026-05-01 19:49:36,Account Access,Permissions Request,High,Resolved,Phone,4.66,8,1,5
TKT-02318,380,6,2026-05-11 09:06:00,2026-05-13 13:51:36,Account Access,Permissions Request,Low,Closed,Portal,52.76,48,0,2
TKT-02319,104,11,2026-02-10 16:53:00,2026-02-10 20:14:36,Hardware,Battery/Power,Critical,Resolved,Walk-up,3.36,4,1,5
TKT-02320,420,10,2026-07-06 12:36:00,2026-07-06 18:28:12,Account Access,MFA Issue,High,Resolved,Email,5.87,8,1,5
TKT-02321,266,12,2026-04-24 14:52:00,2026-04-24 17:31:36,Software,Application Crash,High,Resolved,Portal,2.66,8,1,5
TKT-02322,436,4,2025-04-07 10:02:00,2025-04-10 06:28:24,Hardware,Docking Station,Low,Resolved,Portal,68.44,48,0,2
TKT-02323,249,7,2025-05-21 16:36:00,2025-05-21 19:14:24,Account Access,Permissions Request,High,Closed,Portal,2.64,8,1,4
TKT-02324,240,9,2025-10-27 11:25:00,2025-10-28 06:33:24,Network,Wi-Fi Connectivity,High,Resolved,Phone,19.14,8,0,1
TKT-02325,386,3,2026-07-20 14:27:00,2026-07-20 15:53:24,Account Access,Password Reset,Medium,Resolved,Email,1.44,24,1,4
TKT-02326,64,7,2026-06-11 19:14:00,2026-06-12 11:19:24,Software,Browser Issue,High,Resolved,Phone,16.09,8,0,3
TKT-02327,435,7,2025-08-26 09:18:00,2025-08-27 23:07:48,Software,Application Crash,Medium,Resolved,Portal,37.83,24,0,3
TKT-02328,475,3,2026-01-29 13:27:00,2026-01-30 18:18:00,Hardware,Monitor Issue,Medium,Closed,Email,28.85,24,0,2
TKT-02329,217,12,2026-05-01 16:27:00,2026-05-02 03:11:24,Hardware,Monitor Issue,High,Resolved,Phone,10.74,8,0,1
TKT-02330,357,4,2025-01-28 16:39:00,2025-01-30 10:50:24,Hardware,Laptop Won't Start,Medium,Closed,Email,42.19,24,0,2
TKT-02331,248,9,2025-07-08 08:06:00,2025-07-08 10:12:00,Network,VPN Connection,High,Resolved,Portal,2.10,8,1,4
TKT-02332,42,7,2025-01-20 12:36:00,2025-01-20 21:15:36,Account Access,Password Reset,Medium,Resolved,Email,8.66,24,1,3
TKT-02333,460,1,2026-05-05 16:36:00,2026-05-06 00:06:36,Network,Wi-Fi Connectivity,Medium,Resolved,Portal,7.51,24,1,5
TKT-02334,399,8,2025-08-12 11:51:00,2025-08-12 17:55:12,Software,Browser Issue,Medium,Resolved,Email,6.07,24,1,5
TKT-02335,91,12,2025-04-01 10:27:00,2025-04-01 15:42:36,Hardware,Monitor Issue,High,Closed,Phone,5.26,8,1,5
TKT-02336,54,7,2025-06-18 08:52:00,2025-06-18 10:44:12,Software,Software Installation,Medium,Resolved,Portal,1.87,24,1,5
TKT-02337,77,11,2025-06-27 09:55:00,2025-06-29 01:20:12,Account Access,Locked Account,Medium,Closed,Portal,39.42,24,0,2
TKT-02338,253,7,2025-02-11 09:22:00,2025-02-11 18:43:36,Network,Slow Network,Medium,Resolved,Email,9.36,24,1,5
TKT-02339,325,8,2025-04-25 13:08:00,2025-04-25 13:24:12,Account Access,Password Reset,High,Resolved,Portal,0.27,8,1,5
TKT-02340,327,9,2025-03-31 14:27:00,2025-03-31 16:39:00,Account Access,Password Reset,Medium,Resolved,Portal,2.20,24,1,5
TKT-02341,478,6,2025-10-17 14:29:00,2025-10-17 17:18:12,Account Access,Password Reset,Low,Resolved,Portal,2.82,48,1,4
TKT-02342,225,1,2026-03-24 13:37:00,2026-03-24 20:10:36,Software,Browser Issue,Medium,Resolved,Portal,6.56,24,1,4
TKT-02343,48,7,2026-01-13 14:21:00,2026-01-13 19:10:48,Account Access,Locked Account,Medium,Resolved,Portal,4.83,24,1,4
TKT-02344,241,8,2025-10-09 18:01:00,2025-10-09 23:49:00,Printing,Printer Offline,Medium,Resolved,Phone,5.80,24,1,5
TKT-02345,418,3,2026-08-04 18:54:00,2026-08-05 00:52:12,Software,Microsoft 365 Issue,Medium,Resolved,Portal,5.97,24,1,5
TKT-02346,373,7,2025-07-28 15:08:00,2025-08-01 20:00:12,Hardware,Battery/Power,Low,Closed,Portal,100.87,48,0,2
TKT-02347,417,4,2025-01-17 08:51:00,2025-01-17 11:01:12,Account Access,Locked Account,Medium,Closed,Phone,2.17,24,1,4
TKT-02348,51,8,2026-02-13 08:08:00,2026-02-13 11:35:00,Account Access,Password Reset,Medium,Resolved,Phone,3.45,24,1,4
TKT-02349,227,12,2025-09-08 18:16:00,2025-09-08 19:11:12,Account Access,Password Reset,Medium,Resolved,Portal,0.92,24,1,4
TKT-02350,267,2,2026-03-18 11:03:00,2026-03-19 14:40:12,Network,VPN Connection,High,Resolved,Portal,27.62,8,0,2
TKT-02351,1,11,2026-05-27 10:18:00,2026-05-29 13:16:12,Security,Suspicious Email,Medium,Resolved,Phone,50.97,24,0,1
TKT-02352,3,1,2026-05-28 15:10:00,2026-05-28 17:45:24,Account Access,Password Reset,High,Resolved,Portal,2.59,8,1,5
TKT-02353,284,5,2025-06-10 12:10:00,2025-06-10 13:00:24,Security,Suspicious Email,High,Resolved,Email,0.84,8,1,4
TKT-02354,16,11,2025-08-15 12:19:00,2025-08-15 21:25:00,Software,Browser Issue,High,Resolved,Email,9.10,8,0,2
TKT-02355,203,4,2026-05-01 16:13:00,2026-05-02 01:34:36,Printing,Printer Offline,Low,Closed,Phone,9.36,48,1,3
TKT-02356,284,5,2025-03-05 07:39:00,2025-03-05 09:16:12,Account Access,Password Reset,Medium,Resolved,Portal,1.62,24,1,4
TKT-02357,74,9,2025-09-22 17:08:00,2025-09-22 22:55:24,Account Access,Password Reset,Medium,Resolved,Phone,5.79,24,1,5
TKT-02358,163,11,2025-08-05 16:02:00,2025-08-06 05:39:48,Software,Application Crash,Medium,Resolved,Portal,13.63,24,1,5
TKT-02359,475,12,2025-01-21 13:19:00,2025-01-21 14:58:36,Account Access,Password Reset,High,Closed,Email,1.66,8,1,3
TKT-02360,319,10,2025-11-21 11:44:00,2025-11-25 08:50:00,Account Access,MFA Issue,Low,Resolved,Portal,93.10,48,0,3
TKT-02361,277,4,2025-01-06 10:35:00,2025-01-06 16:48:48,Software,Application Crash,Medium,Resolved,Portal,6.23,24,1,5
TKT-02362,445,7,2026-08-10 14:43:00,2026-08-12 01:55:00,Network,Wi-Fi Connectivity,Medium,Resolved,Portal,35.20,24,0,2
TKT-02363,136,11,2026-03-31 10:56:00,2026-03-31 13:48:12,Security,Lost/Stolen Device,High,Resolved,Portal,2.87,8,1,4
TKT-02364,387,5,2025-07-18 12:30:00,2025-07-18 16:01:12,Network,DNS Resolution,Critical,Resolved,Email,3.52,4,1,5
TKT-02365,338,4,2025-12-19 09:11:00,2025-12-19 13:10:24,Network,Wi-Fi Connectivity,High,Resolved,Email,3.99,8,1,5
TKT-02366,486,12,2026-03-17 16:51:00,2026-03-19 21:44:24,Hardware,Laptop Performance,Medium,Resolved,Portal,52.89,24,0,3
TKT-02367,334,3,2025-04-24 12:50:00,2025-04-24 14:07:24,Account Access,MFA Issue,High,Resolved,Portal,1.29,8,1,5
TKT-02368,203,1,2025-05-29 11:17:00,2025-05-30 00:35:36,Hardware,Laptop Performance,High,Resolved,Portal,13.31,8,0,4
TKT-02369,77,9,2026-03-20 11:08:00,2026-03-20 15:43:24,Network,VPN Connection,High,Resolved,Walk-up,4.59,8,1,5
TKT-02370,213,10,2025-10-09 12:00:00,2025-10-09 23:08:24,Security,Phishing Report,Medium,Resolved,Email,11.14,24,1,4
TKT-02371,127,9,2025-12-11 11:40:00,2025-12-12 01:11:12,Account Access,MFA Issue,Medium,Resolved,Portal,13.52,24,1,5
TKT-02372,207,6,2025-10-01 08:27:00,2025-10-01 22:42:36,Hardware,Laptop Performance,Medium,Resolved,Email,14.26,24,1,5
TKT-02373,333,4,2025-09-26 10:43:00,2025-09-28 12:13:00,Hardware,Battery/Power,Low,Closed,Portal,49.50,48,0,1
TKT-02374,37,8,2026-03-31 17:10:00,2026-04-01 03:13:00,Printing,Driver Issue,Low,Resolved,Portal,10.05,48,1,5
TKT-02375,89,1,2025-03-05 09:36:00,2025-03-05 23:07:48,Software,Application Access,Medium,Resolved,Email,13.53,24,1,5
TKT-02376,449,10,2026-07-08 12:46:00,2026-07-08 17:42:24,Account Access,Password Reset,Medium,Resolved,Phone,4.94,24,1,4
TKT-02377,360,12,2026-04-13 16:45:00,2026-04-14 14:19:48,Network,Wi-Fi Connectivity,Low,Resolved,Email,21.58,48,1,5
TKT-02378,203,5,2025-10-29 10:26:00,2025-10-29 15:44:00,Software,Microsoft 365 Issue,Medium,Resolved,Phone,5.30,24,1,3
TKT-02379,313,8,2025-08-13 14:01:00,2025-08-14 08:26:12,Network,Wi-Fi Connectivity,Medium,Resolved,Phone,18.42,24,1,5
TKT-02380,140,12,2026-07-01 13:48:00,2026-07-01 18:55:12,Hardware,Keyboard/Mouse,High,Resolved,Portal,5.12,8,1,5
TKT-02381,199,5,2025-06-11 09:43:00,2025-06-11 13:18:24,Account Access,MFA Issue,Critical,Resolved,Phone,3.59,4,1,3
TKT-02382,23,10,2026-06-18 12:49:00,2026-06-18 18:22:00,Account Access,MFA Issue,Medium,Resolved,Email,5.55,24,1,4
TKT-02383,419,6,2025-10-01 15:44:00,2025-10-01 23:59:00,Software,Microsoft 365 Issue,Medium,Resolved,Email,8.25,24,1,4
TKT-02384,298,4,2026-06-02 12:20:00,2026-06-02 17:42:48,Account Access,Password Reset,Medium,Resolved,Phone,5.38,24,1,5
TKT-02385,376,5,2025-08-22 11:45:00,2025-08-22 17:25:48,Network,Wi-Fi Connectivity,High,Resolved,Portal,5.68,8,1,4
TKT-02386,240,7,2025-09-24 11:58:00,2025-09-24 13:02:48,Account Access,Password Reset,High,Resolved,Email,1.08,8,1,5
TKT-02387,322,5,2025-03-20 16:41:00,2025-03-21 23:48:12,Hardware,Keyboard/Mouse,Medium,Resolved,Phone,31.12,24,0,1
TKT-02388,383,1,2025-03-27 14:10:00,2025-03-28 01:14:12,Software,Application Access,Medium,Resolved,Email,11.07,24,1,4
TKT-02389,267,12,2026-03-26 13:50:00,2026-03-26 14:36:48,Account Access,Password Reset,High,Resolved,Email,0.78,8,1,4
TKT-02390,404,10,2025-12-25 11:27:00,2025-12-26 05:26:24,Network,VPN Connection,Low,Closed,Portal,17.99,48,1,4
TKT-02391,37,9,2026-01-13 12:16:00,2026-01-13 13:14:12,Security,Suspicious Email,High,Resolved,Walk-up,0.97,8,1,3
TKT-02392,256,10,2025-08-22 14:56:00,2025-08-24 05:01:24,Network,VPN Connection,Medium,Resolved,Portal,38.09,24,0,2
TKT-02393,191,3,2025-08-18 16:48:00,2025-08-18 22:24:00,Software,Microsoft 365 Issue,High,Resolved,Walk-up,5.60,8,1,4
TKT-02394,85,6,2025-08-18 13:34:00,2025-08-18 15:43:00,Account Access,MFA Issue,Critical,Resolved,Email,2.15,4,1,4
TKT-02395,356,2,2025-05-15 13:15:00,2025-05-15 20:35:24,Account Access,Permissions Request,Critical,Resolved,Phone,7.34,4,0,1
TKT-02396,98,6,2025-03-27 19:24:00,2025-03-28 06:07:48,Security,Phishing Report,Medium,Resolved,Portal,10.73,24,1,4
TKT-02397,111,11,2025-06-24 11:12:00,2025-06-26 14:23:24,Software,Browser Issue,Medium,Resolved,Phone,51.19,24,0,3
TKT-02398,479,8,2026-05-12 11:13:00,2026-05-12 12:47:48,Account Access,Password Reset,Medium,Resolved,Portal,1.58,24,1,4
TKT-02399,453,12,2025-10-17 11:08:00,2025-10-17 23:05:36,Account Access,Permissions Request,Medium,Resolved,Portal,11.96,24,1,4
TKT-02400,283,11,2025-10-28 13:35:00,2025-10-29 14:38:36,Hardware,Laptop Won't Start,Medium,Closed,Portal,25.06,24,0,2
TKT-02401,252,9,2026-08-24 08:57:00,2026-08-24 17:18:00,Software,Software Installation,Medium,Closed,Email,8.35,24,1,5
TKT-02402,454,8,2025-03-14 18:21:00,2025-03-14 19:51:36,Account Access,Password Reset,High,Resolved,Email,1.51,8,1,4
TKT-02403,149,6,2025-10-22 16:05:00,2025-10-22 18:29:00,Hardware,Monitor Issue,Critical,Resolved,Phone,2.40,4,1,5
TKT-02404,249,8,2025-07-23 15:26:00,2025-07-24 02:52:24,Software,Application Crash,Low,Resolved,Phone,11.44,48,1,5
TKT-02405,376,1,2025-06-17 07:10:00,2025-06-17 08:41:48,Account Access,MFA Issue,High,Closed,Email,1.53,8,1,4
TKT-02406,48,4,2026-07-14 10:05:00,2026-07-14 13:03:48,Software,Application Crash,Medium,Resolved,Email,2.98,24,1,5
TKT-02407,449,4,2025-02-10 18:09:00,2025-02-12 13:45:00,Account Access,Password Reset,Medium,Closed,Portal,43.60,24,0,2
TKT-02408,254,7,2025-10-24 14:46:00,2025-10-25 09:10:36,Hardware,Keyboard/Mouse,Medium,Resolved,Email,18.41,24,1,4
TKT-02409,204,10,2025-04-14 10:27:00,2025-04-14 21:36:00,Hardware,Battery/Power,Medium,Resolved,Portal,11.15,24,1,4
TKT-02410,165,8,2025-09-26 10:05:00,2025-09-26 16:49:24,Hardware,Docking Station,Medium,Closed,Phone,6.74,24,1,4
TKT-02411,246,8,2026-06-29 10:37:00,2026-07-01 04:35:48,Network,VPN Connection,Medium,Resolved,Portal,41.98,24,0,3
TKT-02412,491,11,2026-01-20 18:25:00,2026-01-20 23:43:00,Network,Slow Network,Medium,Resolved,Portal,5.30,24,1,4
TKT-02413,328,12,2025-03-25 08:14:00,2025-03-25 09:56:00,Account Access,Password Reset,High,Resolved,Walk-up,1.70,8,1,5
TKT-02414,466,5,2025-05-30 12:52:00,2025-05-30 15:41:48,Security,Suspicious Email,Critical,Resolved,Phone,2.83,4,1,5
TKT-02415,97,2,2026-08-12 11:34:00,2026-08-12 14:39:24,Software,Microsoft 365 Issue,Medium,Resolved,Portal,3.09,24,1,5
TKT-02416,100,8,2025-01-03 11:55:00,2025-01-05 04:20:12,Software,Application Crash,Low,Resolved,Portal,40.42,48,1,5
TKT-02417,433,11,2026-02-19 12:20:00,2026-02-19 19:17:36,Software,Application Crash,Medium,Resolved,Portal,6.96,24,1,3
TKT-02418,160,1,2025-10-08 14:34:00,2025-10-09 05:33:24,Network,Wi-Fi Connectivity,Medium,Closed,Email,14.99,24,1,3
TKT-02419,226,11,2025-10-03 19:57:00,2025-10-03 22:27:36,Printing,Print Queue Stuck,High,Resolved,Phone,2.51,8,1,4
TKT-02420,329,11,2025-10-01 11:59:00,2025-10-01 13:20:36,Account Access,Password Reset,Low,Resolved,Walk-up,1.36,48,1,3
TKT-02421,213,6,2025-03-27 17:40:00,2025-03-27 22:45:24,Account Access,MFA Issue,Medium,Resolved,Email,5.09,24,1,5
TKT-02422,353,9,2025-01-29 19:57:00,2025-02-02 13:07:48,Network,VPN Connection,Low,Resolved,Walk-up,89.18,48,0,1
TKT-02423,219,6,2026-07-21 18:08:00,2026-07-23 01:05:36,Software,Microsoft 365 Issue,Low,Closed,Phone,30.96,48,1,4
TKT-02424,246,9,2025-08-27 15:28:00,2025-08-27 19:20:48,Security,Suspicious Email,Critical,Resolved,Phone,3.88,4,1,4
TKT-02425,469,10,2026-01-01 14:07:00,2026-01-01 23:09:24,Software,Software Installation,High,Closed,Email,9.04,8,0,3
TKT-02426,423,3,2025-02-14 13:19:00,2025-02-14 22:37:00,Software,Application Crash,Medium,Resolved,Portal,9.30,24,1,4
TKT-02427,301,6,2025-10-06 16:24:00,2025-10-07 10:13:12,Network,VPN Connection,High,Resolved,Email,17.82,8,0,1
TKT-02428,413,4,2026-01-23 15:52:00,2026-01-23 17:19:00,Network,No Internet Access,Critical,Resolved,Email,1.45,4,1,4
TKT-02429,404,4,2025-03-14 10:40:00,2025-03-14 22:13:36,Security,Suspicious Email,Medium,Resolved,Portal,11.56,24,1,3
TKT-02430,113,6,2026-01-21 10:24:00,2026-01-21 12:13:12,Software,Microsoft 365 Issue,High,Resolved,Portal,1.82,8,1,5
TKT-02431,217,3,2026-02-09 15:03:00,2026-02-09 18:17:24,Software,Microsoft 365 Issue,High,Resolved,Portal,3.24,8,1,4
TKT-02432,108,2,2025-05-21 08:28:00,2025-05-21 17:34:36,Hardware,Battery/Power,Low,Closed,Portal,9.11,48,1,4
TKT-02433,239,4,2026-04-27 10:52:00,2026-04-28 19:31:36,Printing,Printer Offline,Medium,Closed,Portal,32.66,24,0,1
TKT-02434,250,4,2025-11-10 08:14:00,2025-11-10 14:54:48,Security,Suspicious Email,Critical,Resolved,Portal,6.68,4,0,2
TKT-02435,458,8,2026-04-09 15:30:00,2026-04-10 03:33:00,Software,Software Installation,Medium,Resolved,Email,12.05,24,1,5
TKT-02436,125,3,2026-02-25 18:33:00,2026-02-26 22:07:12,Hardware,Keyboard/Mouse,Medium,Resolved,Portal,27.57,24,0,2
TKT-02437,61,10,2026-05-15 11:10:00,2026-05-15 17:15:24,Account Access,Password Reset,Medium,Resolved,Portal,6.09,24,1,5
TKT-02438,342,6,2025-12-02 09:03:00,2025-12-02 10:39:00,Software,Application Crash,Critical,Closed,Portal,1.60,4,1,5
TKT-02439,288,2,2025-12-01 18:26:00,2025-12-01 23:33:12,Security,Suspicious Email,High,Closed,Portal,5.12,8,1,4
TKT-02440,238,3,2025-08-28 13:44:00,2025-08-28 16:12:48,Software,Application Access,High,Closed,Walk-up,2.48,8,1,4
TKT-02441,351,3,2026-08-04 17:22:00,2026-08-04 22:27:24,Security,Malware Alert,Medium,Closed,Portal,5.09,24,1,5
TKT-02442,426,1,2025-01-30 07:31:00,2025-01-30 20:04:36,Network,No Internet Access,Low,Resolved,Phone,12.56,48,1,3
TKT-02443,298,7,2025-01-31 12:25:00,2025-02-01 04:46:36,Account Access,Locked Account,Low,Closed,Phone,16.36,48,1,4
TKT-02444,118,8,2026-05-08 08:13:00,2026-05-08 19:09:24,Hardware,Laptop Performance,Medium,Resolved,Portal,10.94,24,1,5
TKT-02445,154,10,2026-06-24 10:31:00,2026-06-24 13:13:36,Account Access,MFA Issue,High,Resolved,Portal,2.71,8,1,3
TKT-02446,260,5,2025-01-28 14:56:00,2025-01-28 18:38:36,Security,Suspicious Email,Medium,Resolved,Phone,3.71,24,1,3
TKT-02447,424,12,2025-04-03 09:57:00,2025-04-03 11:16:12,Security,Malware Alert,High,Resolved,Portal,1.32,8,1,4
TKT-02448,141,4,2026-08-18 16:53:00,2026-08-18 19:48:12,Software,Application Crash,High,Resolved,Portal,2.92,8,1,3
TKT-02449,267,10,2025-09-18 18:42:00,2025-09-20 00:52:12,Security,Phishing Report,Medium,Resolved,Portal,30.17,24,0,1
TKT-02450,86,11,2025-11-05 10:40:00,2025-11-06 00:20:12,Software,Software Installation,Medium,Closed,Phone,13.67,24,1,5
TKT-02451,445,8,2025-10-20 17:14:00,2025-10-20 18:19:24,Account Access,Password Reset,Medium,Resolved,Email,1.09,24,1,5
TKT-02452,467,4,2025-10-10 08:07:00,2025-10-10 16:51:24,Network,Wi-Fi Connectivity,Low,Resolved,Email,8.74,48,1,3
TKT-02453,67,2,2025-10-20 09:05:00,2025-10-20 11:17:00,Network,Wi-Fi Connectivity,High,Closed,Phone,2.20,8,1,5
TKT-02454,114,5,2025-04-25 10:50:00,2025-04-25 20:14:36,Account Access,Permissions Request,Low,Closed,Email,9.41,48,1,3
TKT-02455,219,9,2026-04-14 11:35:00,2026-04-15 11:33:12,Hardware,Battery/Power,Medium,Closed,Email,23.97,24,1,4
TKT-02456,203,5,2025-04-10 12:58:00,2025-04-11 03:02:12,Account Access,Locked Account,Low,Resolved,Email,14.07,48,1,5
TKT-02457,211,3,2025-01-21 09:14:00,2025-01-21 16:00:48,Network,Slow Network,Medium,Closed,Portal,6.78,24,1,4
TKT-02458,332,11,2026-05-11 09:12:00,2026-05-11 12:57:36,Security,Lost/Stolen Device,High,Resolved,Email,3.76,8,1,5
TKT-02459,286,12,2025-07-15 14:25:00,2025-07-16 16:43:00,Security,Phishing Report,Medium,Resolved,Email,26.30,24,0,2
TKT-02460,143,8,2026-04-09 16:35:00,2026-04-09 21:59:00,Network,VPN Connection,High,Resolved,Portal,5.40,8,1,4
TKT-02461,143,6,2026-01-22 11:40:00,2026-01-22 14:06:24,Account Access,Password Reset,Medium,Resolved,Portal,2.44,24,1,5
TKT-02462,37,4,2026-06-11 13:11:00,2026-06-12 00:15:48,Security,Suspicious Email,Medium,Resolved,Portal,11.08,24,1,3
TKT-02463,147,4,2026-03-24 12:52:00,2026-03-24 21:07:00,Account Access,Permissions Request,Low,Resolved,Portal,8.25,48,1,5
TKT-02464,431,1,2025-04-10 15:27:00,2025-04-10 19:31:48,Hardware,Keyboard/Mouse,Medium,Resolved,Email,4.08,24,1,5
TKT-02465,443,11,2025-10-08 14:41:00,2025-10-09 00:27:48,Network,VPN Connection,High,Resolved,Portal,9.78,8,0,2
TKT-02466,92,7,2026-07-10 17:58:00,2026-07-10 22:55:36,Network,Wi-Fi Connectivity,Medium,Closed,Walk-up,4.96,24,1,4
TKT-02467,226,1,2025-10-23 13:04:00,2025-10-23 22:50:48,Network,No Internet Access,Medium,Resolved,Portal,9.78,24,1,5
TKT-02468,164,2,2026-07-20 08:30:00,2026-07-22 07:01:12,Hardware,Battery/Power,Low,Resolved,Portal,46.52,48,1,5
TKT-02469,434,11,2026-04-14 15:44:00,2026-04-15 06:09:12,Network,Wi-Fi Connectivity,Medium,Resolved,Walk-up,14.42,24,1,5
TKT-02470,126,4,2025-12-11 12:29:00,2025-12-11 17:03:12,Security,Malware Alert,High,Resolved,Phone,4.57,8,1,4
TKT-02471,118,8,2026-05-05 14:10:00,2026-05-05 15:35:12,Account Access,Password Reset,Medium,Resolved,Phone,1.42,24,1,4
TKT-02472,48,5,2026-07-14 12:21:00,2026-07-14 16:03:00,Account Access,Password Reset,Medium,Resolved,Email,3.70,24,1,4
TKT-02473,458,7,2025-04-07 10:45:00,2025-04-09 04:50:24,Hardware,Laptop Won't Start,Medium,Resolved,Walk-up,42.09,24,0,2
TKT-02474,131,1,2025-09-10 13:19:00,2025-09-11 07:01:36,Network,VPN Connection,Critical,Resolved,Phone,17.71,4,0,2
TKT-02475,286,1,2025-04-09 10:59:00,2025-04-09 22:42:12,Network,VPN Connection,High,Resolved,Walk-up,11.72,8,0,1
TKT-02476,111,3,2026-05-26 11:16:00,2026-05-26 18:49:00,Hardware,Monitor Issue,High,Closed,Email,7.55,8,1,4
TKT-02477,435,9,2025-05-01 16:58:00,2025-05-01 18:10:00,Security,Phishing Report,High,Resolved,Portal,1.20,8,1,5
TKT-02478,107,8,2025-02-21 19:40:00,2025-02-21 22:32:48,Network,No Internet Access,Critical,Resolved,Portal,2.88,4,1,5
TKT-02479,357,11,2025-06-11 13:13:00,2025-06-11 14:46:00,Security,Suspicious Email,Critical,Resolved,Email,1.55,4,1,4
TKT-02480,99,4,2025-09-11 17:34:00,2025-09-11 22:50:48,Software,Software Installation,High,Resolved,Portal,5.28,8,1,5
TKT-02481,183,11,2026-07-02 10:54:00,2026-07-05 00:10:48,Software,Application Access,Low,Closed,Email,61.28,48,0,4
TKT-02482,461,2,2025-06-25 13:44:00,2025-06-26 04:21:48,Hardware,Keyboard/Mouse,Low,Resolved,Portal,14.63,48,1,5
TKT-02483,325,6,2025-10-08 09:25:00,2025-10-08 12:31:00,Account Access,Locked Account,High,Resolved,Walk-up,3.10,8,1,4
TKT-02484,95,7,2026-07-30 13:00:00,2026-07-30 19:52:12,Account Access,MFA Issue,Medium,Closed,Email,6.87,24,1,4
TKT-02485,41,1,2026-03-02 13:25:00,2026-03-03 02:47:48,Software,Microsoft 365 Issue,Medium,Resolved,Portal,13.38,24,1,4
TKT-02486,43,6,2025-10-16 08:14:00,2025-10-16 11:41:36,Security,Phishing Report,High,Resolved,Portal,3.46,8,1,5
TKT-02487,61,6,2026-02-26 12:57:00,2026-02-27 04:52:12,Software,Microsoft 365 Issue,Medium,Resolved,Phone,15.92,24,1,4
TKT-02488,18,7,2025-05-29 14:20:00,2025-05-29 16:24:48,Account Access,Password Reset,Medium,Closed,Email,2.08,24,1,4
TKT-02489,193,3,2025-01-29 19:00:00,2025-01-29 20:55:48,Account Access,Password Reset,Medium,Closed,Phone,1.93,24,1,4
TKT-02490,30,6,2026-06-24 13:02:00,2026-06-24 14:33:48,Security,Phishing Report,High,Resolved,Email,1.53,8,1,5
TKT-02491,369,5,2025-06-24 08:44:00,2025-06-24 19:53:36,Hardware,Laptop Won't Start,Medium,Closed,Portal,11.16,24,1,4
TKT-02492,21,1,2025-03-31 10:40:00,2025-04-01 04:28:36,Hardware,Docking Station,Medium,Closed,Email,17.81,24,1,5
TKT-02493,420,2,2025-04-30 16:34:00,2025-05-01 04:11:12,Software,Software Installation,Medium,Resolved,Phone,11.62,24,1,5
TKT-02494,14,8,2025-05-12 12:06:00,2025-05-13 05:45:36,Hardware,Laptop Performance,High,Resolved,Email,17.66,8,0,2
TKT-02495,231,11,2025-12-17 12:19:00,2025-12-18 22:34:36,Printing,Printer Offline,Low,Resolved,Portal,34.26,48,1,5
TKT-02496,81,7,2025-09-01 11:03:00,2025-09-01 23:20:24,Network,VPN Connection,High,Resolved,Phone,12.29,8,0,2
TKT-02497,481,1,2025-12-09 12:11:00,2025-12-09 17:24:48,Printing,Driver Issue,Medium,Closed,Email,5.23,24,1,5
TKT-02498,139,7,2025-04-02 18:10:00,2025-04-04 14:59:48,Printing,Driver Issue,Low,Resolved,Portal,44.83,48,1,5
TKT-02499,41,6,2025-10-16 18:30:00,2025-10-21 05:46:12,Software,Browser Issue,Low,Resolved,Portal,107.27,48,0,2
TKT-02500,175,4,2025-02-18 11:02:00,2025-02-19 00:24:12,Network,VPN Connection,High,Resolved,Email,13.37,8,0,1
TKT-02501,285,9,2026-03-02 08:29:00,2026-03-02 21:23:36,Printing,Printer Offline,Medium,Closed,Portal,12.91,24,1,3
TKT-02502,122,11,2025-07-03 08:18:00,2025-07-03 11:48:36,Security,Suspicious Email,High,Closed,Email,3.51,8,1,4
TKT-02503,187,7,2026-01-26 08:05:00,2026-01-26 11:26:00,Network,Wi-Fi Connectivity,High,Resolved,Phone,3.35,8,1,5
TKT-02504,321,11,2025-05-27 08:56:00,2025-05-27 09:47:00,Security,Phishing Report,High,Resolved,Portal,0.85,8,1,4
TKT-02505,395,3,2026-07-22 13:19:00,2026-07-22 16:09:24,Account Access,Locked Account,High,Closed,Portal,2.84,8,1,3
TKT-02506,464,1,2025-04-24 13:54:00,2025-04-24 18:33:00,Printing,Printer Offline,Medium,Resolved,Portal,4.65,24,1,4
TKT-02507,492,1,2025-11-18 09:55:00,2025-11-18 13:55:00,Hardware,Keyboard/Mouse,High,Closed,Portal,4.00,8,1,4
TKT-02508,89,10,2026-07-21 13:54:00,2026-07-21 20:52:12,Software,Application Crash,High,Closed,Portal,6.97,8,1,5
TKT-02509,497,11,2025-12-18 16:30:00,2025-12-19 03:54:36,Account Access,Permissions Request,Medium,Resolved,Portal,11.41,24,1,4
TKT-02510,396,1,2026-02-06 10:21:00,2026-02-07 05:54:00,Network,Wi-Fi Connectivity,Medium,Closed,Portal,19.55,24,1,5
TKT-02511,390,4,2025-12-02 17:19:00,2025-12-03 01:28:00,Network,VPN Connection,Medium,Resolved,Portal,8.15,24,1,3
TKT-02512,274,2,2025-03-05 09:21:00,2025-03-05 20:10:12,Account Access,MFA Issue,Medium,Resolved,Email,10.82,24,1,3
TKT-02513,5,5,2025-02-19 14:48:00,2025-02-19 16:03:00,Account Access,Password Reset,High,Resolved,Walk-up,1.25,8,1,4
TKT-02514,425,2,2025-04-07 11:55:00,2025-04-09 04:21:24,Printing,Printer Offline,Medium,Resolved,Portal,40.44,24,0,3
TKT-02515,51,4,2025-05-01 16:52:00,2025-05-02 08:41:48,Hardware,Laptop Won't Start,Medium,Resolved,Phone,15.83,24,1,5
TKT-02516,280,6,2026-07-28 16:26:00,2026-07-29 12:35:36,Software,Application Access,Medium,Resolved,Walk-up,20.16,24,1,4
TKT-02517,180,11,2026-02-11 13:36:00,2026-02-12 14:29:24,Hardware,Laptop Performance,Low,Resolved,Email,24.89,48,1,4
TKT-02518,435,12,2026-04-10 12:03:00,2026-04-10 13:39:00,Account Access,Locked Account,Critical,Resolved,Email,1.60,4,1,4
TKT-02519,456,4,2025-06-19 09:12:00,2025-06-20 06:06:00,Printing,Driver Issue,Low,Closed,Portal,20.90,48,1,5
TKT-02520,457,6,2026-01-08 13:00:00,2026-01-09 10:57:00,Printing,Print Queue Stuck,Low,Closed,Email,21.95,48,1,4
TKT-02521,219,2,2026-08-20 13:59:00,2026-08-21 16:54:48,Software,Microsoft 365 Issue,Medium,Resolved,Phone,26.93,24,0,3
TKT-02522,453,1,2026-03-11 17:57:00,2026-03-12 02:51:36,Network,Slow Network,Medium,Resolved,Portal,8.91,24,1,5
TKT-02523,171,7,2025-01-06 19:58:00,2025-01-06 21:38:48,Account Access,Password Reset,Medium,Closed,Portal,1.68,24,1,5
TKT-02524,394,6,2025-04-15 07:50:00,2025-04-15 11:05:36,Security,Suspicious Email,High,Resolved,Phone,3.26,8,1,5
TKT-02525,61,1,2025-07-15 12:57:00,2025-07-17 19:43:48,Hardware,Monitor Issue,Medium,Resolved,Portal,54.78,24,0,2
TKT-02526,261,10,2025-12-15 14:24:00,2025-12-15 17:04:12,Account Access,Password Reset,Medium,Closed,Walk-up,2.67,24,1,4
TKT-02527,417,4,2026-03-25 07:03:00,2026-03-27 09:42:36,Hardware,Docking Station,Low,Resolved,Portal,50.66,48,0,1
TKT-02528,199,1,2025-02-12 13:23:00,2025-02-13 02:26:36,Hardware,Laptop Performance,Medium,Resolved,Portal,13.06,24,1,3
TKT-02529,467,8,2025-08-14 08:26:00,2025-08-14 11:02:36,Software,Application Crash,High,Resolved,Email,2.61,8,1,4
TKT-02530,490,7,2026-08-12 15:30:00,2026-08-16 21:07:48,Network,VPN Connection,Low,Resolved,Email,101.63,48,0,2
TKT-02531,273,9,2025-07-03 11:29:00,2025-07-03 12:50:00,Network,Wi-Fi Connectivity,Critical,Resolved,Portal,1.35,4,1,4
TKT-02532,121,1,2025-06-18 12:38:00,2025-06-18 17:51:12,Software,Microsoft 365 Issue,Medium,Resolved,Email,5.22,24,1,4
TKT-02533,341,4,2026-07-03 19:31:00,2026-07-03 21:17:12,Security,Phishing Report,High,Closed,Portal,1.77,8,1,5
TKT-02534,366,4,2025-09-15 16:07:00,2025-09-15 22:50:12,Hardware,Monitor Issue,High,Resolved,Portal,6.72,8,1,4
TKT-02535,382,7,2025-07-24 08:49:00,2025-07-24 13:18:24,Software,Microsoft 365 Issue,High,Closed,Walk-up,4.49,8,1,5
TKT-02536,354,3,2026-06-17 09:12:00,2026-06-19 16:13:48,Software,Application Crash,Medium,Closed,Phone,55.03,24,0,1
TKT-02537,156,10,2025-06-30 08:07:00,2025-07-03 03:05:12,Account Access,Password Reset,Low,Resolved,Phone,66.97,48,0,1
TKT-02538,17,10,2025-02-18 11:05:00,2025-02-18 14:01:24,Security,Suspicious Email,High,Resolved,Email,2.94,8,1,4
TKT-02539,269,2,2026-04-28 16:51:00,2026-04-28 21:24:36,Account Access,MFA Issue,Medium,Resolved,Portal,4.56,24,1,4
TKT-02540,320,11,2025-08-25 13:46:00,2025-08-25 17:46:00,Hardware,Laptop Won't Start,Medium,Resolved,Walk-up,4.00,24,1,5
TKT-02541,247,2,2026-03-04 15:32:00,2026-03-04 19:20:36,Hardware,Monitor Issue,High,Resolved,Portal,3.81,8,1,3
TKT-02542,353,11,2025-10-02 14:25:00,2025-10-03 16:25:36,Printing,Print Queue Stuck,Medium,Resolved,Email,26.01,24,0,2
TKT-02543,363,10,2026-05-13 12:34:00,2026-05-13 13:45:24,Account Access,Password Reset,High,Resolved,Email,1.19,8,1,5
TKT-02544,220,8,2025-11-12 09:34:00,2025-11-12 13:29:48,Network,No Internet Access,Critical,Closed,Email,3.93,4,1,4
TKT-02545,208,5,2025-06-09 12:18:00,2025-06-11 07:37:12,Network,No Internet Access,Medium,Resolved,Email,43.32,24,0,3
TKT-02546,142,4,2026-03-03 10:13:00,2026-03-03 19:12:24,Account Access,Locked Account,Medium,Resolved,Portal,8.99,24,1,4
TKT-02547,281,10,2026-04-01 12:22:00,2026-04-02 06:59:48,Software,Software Installation,Medium,Resolved,Phone,18.63,24,1,4
TKT-02548,30,7,2025-02-24 15:18:00,2025-02-24 18:15:00,Account Access,MFA Issue,Medium,Resolved,Email,2.95,24,1,4
TKT-02549,183,6,2026-07-28 13:38:00,2026-07-28 23:33:12,Network,VPN Connection,High,Resolved,Portal,9.92,8,0,2
TKT-02550,82,11,2026-06-16 14:19:00,2026-06-16 20:44:12,Printing,Printer Offline,Medium,Closed,Portal,6.42,24,1,5
TKT-02551,341,2,2026-08-12 10:48:00,2026-08-12 18:39:00,Network,VPN Connection,Critical,Resolved,Portal,7.85,4,0,4
TKT-02552,203,1,2025-01-09 15:54:00,2025-01-11 21:05:24,Hardware,Battery/Power,Medium,Resolved,Portal,53.19,24,0,4
TKT-02553,497,5,2025-02-18 13:54:00,2025-02-18 18:28:12,Account Access,Locked Account,Medium,Resolved,Portal,4.57,24,1,4
TKT-02554,23,11,2025-09-02 10:50:00,2025-09-02 11:51:48,Account Access,Password Reset,Medium,Resolved,Portal,1.03,24,1,3
TKT-02555,222,12,2026-08-27 08:45:00,2026-08-29 09:04:48,Software,Browser Issue,Medium,Resolved,Portal,48.33,24,0,1
TKT-02556,427,3,2025-01-22 12:34:00,2025-01-23 03:38:12,Network,DNS Resolution,High,Closed,Email,15.07,8,0,3
TKT-02557,30,5,2025-11-28 07:04:00,2025-11-28 19:02:48,Account Access,MFA Issue,Medium,Resolved,Phone,11.98,24,1,4
TKT-02558,389,8,2025-09-25 18:24:00,2025-09-26 07:42:36,Printing,Printer Permissions,Medium,Resolved,Portal,13.31,24,1,4
TKT-02559,19,2,2025-09-03 16:45:00,2025-09-04 13:03:00,Software,Application Crash,Medium,Resolved,Walk-up,20.30,24,1,3
TKT-02560,243,7,2025-01-30 14:56:00,2025-01-30 22:07:24,Hardware,Monitor Issue,High,Resolved,Portal,7.19,8,1,3
TKT-02561,19,3,2026-03-19 11:36:00,2026-03-19 21:17:24,Printing,Printer Permissions,Medium,Resolved,Phone,9.69,24,1,5
TKT-02562,152,2,2025-03-31 17:22:00,2025-04-01 03:07:36,Account Access,MFA Issue,Medium,Resolved,Email,9.76,24,1,5
TKT-02563,385,3,2025-07-01 14:55:00,2025-07-01 18:50:12,Network,Slow Network,High,Closed,Portal,3.92,8,1,4
TKT-02564,440,4,2025-01-21 13:36:00,2025-01-21 21:25:12,Printing,Printer Permissions,Medium,Resolved,Phone,7.82,24,1,4
TKT-02565,83,11,2025-04-04 13:53:00,2025-04-04 23:13:24,Account Access,MFA Issue,Medium,Resolved,Portal,9.34,24,1,3
TKT-02566,476,12,2026-06-02 12:07:00,2026-06-03 07:24:24,Network,Slow Network,Medium,Resolved,Portal,19.29,24,1,5
TKT-02567,209,10,2026-02-27 12:49:00,2026-02-27 15:17:12,Hardware,Battery/Power,Critical,Resolved,Phone,2.47,4,1,4
TKT-02568,249,10,2025-12-31 11:59:00,2025-12-31 16:06:12,Account Access,Password Reset,Medium,Resolved,Phone,4.12,24,1,4
TKT-02569,245,11,2026-06-26 13:45:00,2026-06-28 19:45:36,Network,VPN Connection,Medium,Closed,Email,54.01,24,0,2
TKT-02570,185,12,2026-01-06 14:57:00,2026-01-07 01:28:48,Hardware,Keyboard/Mouse,Medium,Resolved,Phone,10.53,24,1,4
TKT-02571,407,11,2025-07-30 07:22:00,2025-07-30 09:28:36,Software,Microsoft 365 Issue,Critical,Resolved,Email,2.11,4,1,5
TKT-02572,485,10,2025-08-12 09:43:00,2025-08-12 12:07:00,Account Access,Locked Account,High,Resolved,Portal,2.40,8,1,4
TKT-02573,207,5,2025-01-07 18:47:00,2025-01-07 21:12:12,Account Access,Password Reset,Medium,Resolved,Portal,2.42,24,1,3
TKT-02574,256,9,2026-06-08 12:01:00,2026-06-08 16:57:24,Printing,Driver Issue,Medium,Resolved,Portal,4.94,24,1,5
TKT-02575,151,5,2025-06-25 15:26:00,2025-06-25 17:11:00,Account Access,MFA Issue,Critical,Resolved,Portal,1.75,4,1,4
TKT-02576,372,4,2026-02-12 18:26:00,2026-02-13 07:37:24,Software,Application Crash,High,Resolved,Email,13.19,8,0,3
TKT-02577,88,3,2026-01-22 16:02:00,2026-01-23 21:39:12,Hardware,Monitor Issue,Low,Resolved,Walk-up,29.62,48,1,4
TKT-02578,3,5,2026-05-21 11:49:00,2026-05-22 16:24:24,Network,VPN Connection,Medium,Resolved,Portal,28.59,24,0,2
TKT-02579,364,10,2025-09-05 12:43:00,2025-09-05 19:39:24,Account Access,Locked Account,Medium,Closed,Email,6.94,24,1,4
TKT-02580,416,6,2025-03-27 15:26:00,2025-03-27 23:39:12,Security,Phishing Report,Medium,Closed,Email,8.22,24,1,5
TKT-02581,356,5,2026-04-15 08:50:00,2026-04-15 17:55:24,Network,No Internet Access,High,Closed,Portal,9.09,8,0,2
TKT-02582,4,6,2025-11-24 08:57:00,2025-11-24 21:27:00,Software,Application Crash,Medium,Resolved,Portal,12.50,24,1,3
TKT-02583,178,5,2026-05-29 16:36:00,2026-05-29 23:26:24,Software,Microsoft 365 Issue,Medium,Closed,Phone,6.84,24,1,4
TKT-02584,67,4,2025-01-07 17:08:00,2025-01-08 05:00:12,Network,Slow Network,High,Closed,Email,11.87,8,0,3
TKT-02585,230,5,2025-09-29 17:29:00,2025-09-29 19:12:12,Software,Browser Issue,High,Closed,Email,1.72,8,1,4
TKT-02586,320,8,2025-12-16 13:07:00,2025-12-16 23:24:24,Software,Microsoft 365 Issue,Medium,Resolved,Portal,10.29,24,1,4
TKT-02587,87,10,2026-04-24 13:09:00,2026-04-27 10:17:24,Software,Software Installation,Low,Resolved,Portal,69.14,48,0,4
TKT-02588,222,11,2025-01-16 14:46:00,2025-01-18 02:49:00,Network,VPN Connection,Medium,Resolved,Portal,36.05,24,0,2
TKT-02589,282,12,2025-09-15 14:19:00,2025-09-15 23:40:00,Hardware,Laptop Performance,Medium,Closed,Email,9.35,24,1,4
TKT-02590,40,8,2026-07-15 14:33:00,2026-07-16 00:41:24,Network,VPN Connection,High,Resolved,Email,10.14,8,0,4
TKT-02591,357,3,2025-02-13 09:33:00,2025-02-13 23:40:48,Account Access,Permissions Request,Medium,Resolved,Portal,14.13,24,1,5
TKT-02592,101,12,2025-06-25 12:59:00,2025-06-25 14:33:12,Software,Microsoft 365 Issue,High,Resolved,Portal,1.57,8,1,4
TKT-02593,224,9,2026-01-06 12:56:00,2026-01-06 17:40:24,Account Access,Password Reset,Low,Resolved,Walk-up,4.74,48,1,5
TKT-02594,469,3,2025-02-05 18:02:00,2025-02-06 19:32:36,Account Access,Locked Account,Low,Resolved,Email,25.51,48,1,3
TKT-02595,83,11,2025-10-13 18:51:00,2025-10-14 20:49:12,Software,Application Crash,Medium,Resolved,Walk-up,25.97,24,0,2
TKT-02596,100,6,2026-03-27 14:31:00,2026-03-30 21:43:36,Network,DNS Resolution,Medium,Resolved,Walk-up,79.21,24,0,2
TKT-02597,377,5,2026-03-27 18:41:00,2026-03-28 13:29:00,Network,Wi-Fi Connectivity,High,Resolved,Portal,18.80,8,0,3
TKT-02598,170,8,2026-03-05 09:53:00,2026-03-05 14:54:48,Network,Wi-Fi Connectivity,High,Resolved,Portal,5.03,8,1,5
TKT-02599,120,7,2025-12-05 11:08:00,2025-12-09 19:42:12,Software,Browser Issue,Low,Resolved,Portal,104.57,48,0,2
TKT-02600,316,4,2025-06-06 12:58:00,2025-06-06 13:47:48,Network,No Internet Access,Critical,Resolved,Phone,0.83,4,1,5
TKT-02601,470,1,2026-01-19 10:03:00,2026-01-20 04:48:36,Network,Wi-Fi Connectivity,Medium,Resolved,Portal,18.76,24,1,4
TKT-02602,408,6,2026-05-11 09:05:00,2026-05-11 21:13:24,Account Access,MFA Issue,Medium,Resolved,Portal,12.14,24,1,5
TKT-02603,58,5,2026-02-09 15:35:00,2026-02-09 18:39:48,Software,Microsoft 365 Issue,High,Closed,Portal,3.08,8,1,4
TKT-02604,41,7,2025-10-22 09:32:00,2025-10-22 15:03:48,Network,Slow Network,Medium,Resolved,Portal,5.53,24,1,4
TKT-02605,126,2,2025-09-12 10:36:00,2025-09-14 12:57:36,Network,No Internet Access,Medium,Resolved,Phone,50.36,24,0,1
TKT-02606,208,9,2026-01-14 11:53:00,2026-01-14 12:37:24,Account Access,Password Reset,High,Closed,Portal,0.74,8,1,5
TKT-02607,106,8,2025-07-30 16:41:00,2025-07-30 17:48:48,Hardware,Docking Station,High,Resolved,Email,1.13,8,1,5
TKT-02608,84,8,2025-08-01 09:58:00,2025-08-02 06:41:48,Network,Wi-Fi Connectivity,Low,Resolved,Phone,20.73,48,1,5
TKT-02609,349,10,2025-05-28 12:41:00,2025-05-29 06:42:12,Hardware,Docking Station,Low,Resolved,Portal,18.02,48,1,4
TKT-02610,30,7,2025-04-29 13:56:00,2025-04-30 03:24:12,Printing,Printer Offline,Low,Resolved,Phone,13.47,48,1,4
TKT-02611,122,6,2026-03-19 14:42:00,2026-03-20 09:21:00,Hardware,Laptop Won't Start,High,Resolved,Email,18.65,8,0,1
TKT-02612,286,2,2026-02-04 19:52:00,2026-02-04 23:40:36,Account Access,Password Reset,Low,Resolved,Email,3.81,48,1,4
TKT-02613,25,1,2025-10-23 10:37:00,2025-10-23 13:01:00,Security,Malware Alert,High,Resolved,Email,2.40,8,1,5
TKT-02614,136,1,2025-11-12 10:58:00,2025-11-12 11:10:00,Account Access,Password Reset,High,Resolved,Portal,0.20,8,1,5
TKT-02615,129,9,2026-03-25 14:03:00,2026-03-25 19:26:24,Hardware,Docking Station,High,Resolved,Email,5.39,8,1,4
TKT-02616,22,10,2025-03-27 14:22:00,2025-03-31 13:29:12,Printing,Print Queue Stuck,Low,Resolved,Phone,95.12,48,0,3
TKT-02617,444,1,2026-08-12 13:12:00,2026-08-12 15:37:48,Account Access,Password Reset,Medium,Resolved,Portal,2.43,24,1,4
TKT-02618,186,5,2025-10-31 10:01:00,2025-11-01 12:05:48,Account Access,Password Reset,Medium,Closed,Portal,26.08,24,0,1
TKT-02619,158,10,2025-01-07 10:23:00,2025-01-09 02:25:24,Network,VPN Connection,Medium,Closed,Portal,40.04,24,0,3
TKT-02620,111,5,2025-03-25 09:33:00,2025-03-26 05:27:00,Account Access,Permissions Request,Low,Resolved,Email,19.90,48,1,5
TKT-02621,424,10,2026-06-03 08:18:00,2026-06-03 15:23:24,Printing,Printer Offline,Medium,Resolved,Email,7.09,24,1,5
TKT-02622,337,1,2025-06-09 09:16:00,2025-06-09 09:56:12,Account Access,Password Reset,Medium,Resolved,Portal,0.67,24,1,3
TKT-02623,142,8,2025-07-14 15:58:00,2025-07-15 05:56:12,Hardware,Laptop Performance,High,Resolved,Portal,13.97,8,0,3
TKT-02624,19,7,2025-11-04 13:53:00,2025-11-04 22:56:36,Software,Browser Issue,Medium,Closed,Phone,9.06,24,1,3
TKT-02625,84,10,2026-07-13 14:06:00,2026-07-13 15:52:12,Account Access,Password Reset,Medium,Resolved,Email,1.77,24,1,3
TKT-02626,108,4,2026-01-16 11:01:00,2026-01-17 20:35:48,Printing,Printer Offline,Low,Resolved,Portal,33.58,48,1,5
TKT-02627,32,1,2025-07-08 17:08:00,2025-07-10 15:42:12,Software,Application Crash,Medium,Resolved,Portal,46.57,24,0,2
TKT-02628,25,7,2026-01-19 13:33:00,2026-01-19 15:08:24,Security,Phishing Report,Critical,Resolved,Email,1.59,4,1,3
TKT-02629,395,4,2025-07-10 16:24:00,2025-07-11 01:42:36,Software,Browser Issue,High,Resolved,Phone,9.31,8,0,2
TKT-02630,236,2,2025-10-21 16:52:00,2025-10-21 19:23:12,Network,Wi-Fi Connectivity,Critical,Resolved,Email,2.52,4,1,3
TKT-02631,481,5,2026-07-15 10:03:00,2026-07-16 01:31:48,Network,VPN Connection,Medium,Resolved,Phone,15.48,24,1,4
TKT-02632,234,2,2026-01-21 10:12:00,2026-01-21 17:28:12,Hardware,Keyboard/Mouse,High,Resolved,Phone,7.27,8,1,4
TKT-02633,399,7,2025-02-26 10:47:00,2025-02-26 23:39:12,Account Access,Password Reset,Low,Resolved,Email,12.87,48,1,5
TKT-02634,325,9,2025-03-05 19:34:00,2025-03-05 21:50:48,Account Access,Locked Account,Medium,Resolved,Portal,2.28,24,1,4
TKT-02635,365,9,2025-02-12 12:57:00,2025-02-12 16:18:00,Network,DNS Resolution,Critical,Resolved,Portal,3.35,4,1,4
TKT-02636,77,2,2026-03-26 09:15:00,2026-03-26 11:18:36,Account Access,Password Reset,High,Resolved,Walk-up,2.06,8,1,4
TKT-02637,19,12,2026-06-01 08:48:00,2026-06-02 02:33:36,Printing,Printer Offline,Medium,Resolved,Email,17.76,24,1,5
TKT-02638,394,4,2025-02-07 17:41:00,2025-02-08 10:24:48,Software,Software Installation,High,Resolved,Portal,16.73,8,0,1
TKT-02639,305,1,2025-12-24 11:00:00,2025-12-24 18:05:24,Account Access,Permissions Request,Medium,Resolved,Phone,7.09,24,1,4
TKT-02640,15,7,2025-08-08 18:27:00,2025-08-11 02:48:36,Software,Application Crash,Medium,Resolved,Phone,56.36,24,0,2
TKT-02641,291,8,2026-06-15 10:14:00,2026-06-16 10:38:36,Software,Application Crash,Medium,Resolved,Walk-up,24.41,24,0,1
TKT-02642,397,5,2025-08-04 11:56:00,2025-08-04 20:17:00,Account Access,Locked Account,Medium,Resolved,Portal,8.35,24,1,5
TKT-02643,167,6,2025-02-21 10:12:00,2025-02-22 00:55:48,Software,Application Crash,Medium,Closed,Portal,14.73,24,1,4
TKT-02644,477,10,2025-04-08 17:48:00,2025-04-09 00:01:12,Printing,Driver Issue,Medium,Resolved,Portal,6.22,24,1,4
TKT-02645,4,6,2025-12-30 10:40:00,2025-12-30 19:50:12,Software,Microsoft 365 Issue,Low,Resolved,Phone,9.17,48,1,5
TKT-02646,1,11,2026-03-17 13:54:00,2026-03-17 23:54:00,Security,Malware Alert,High,Resolved,Email,10.00,8,0,2
TKT-02647,485,11,2025-11-19 12:51:00,2025-11-20 00:42:36,Network,VPN Connection,Low,Resolved,Walk-up,11.86,48,1,4
TKT-02648,213,1,2025-09-10 16:16:00,2025-09-12 18:30:24,Network,VPN Connection,Medium,Resolved,Portal,50.24,24,0,2
TKT-02649,67,6,2026-05-21 09:43:00,2026-05-21 11:25:00,Account Access,MFA Issue,High,Closed,Portal,1.70,8,1,3
TKT-02650,101,1,2026-03-09 13:12:00,2026-03-10 00:24:36,Network,Wi-Fi Connectivity,High,Resolved,Portal,11.21,8,0,1
TKT-02651,216,7,2025-05-07 14:06:00,2025-05-08 09:14:24,Software,Microsoft 365 Issue,Medium,Resolved,Email,19.14,24,1,4
TKT-02652,308,7,2025-07-08 18:39:00,2025-07-09 14:54:00,Printing,Printer Permissions,Medium,Resolved,Portal,20.25,24,1,5
TKT-02653,53,2,2025-09-09 09:52:00,2025-09-11 10:19:36,Hardware,Laptop Performance,Medium,Resolved,Portal,48.46,24,0,3
TKT-02654,216,7,2025-10-24 18:52:00,2025-10-24 21:27:24,Account Access,Password Reset,Medium,Closed,Phone,2.59,24,1,4
TKT-02655,22,3,2025-12-17 09:00:00,2025-12-17 21:49:12,Network,No Internet Access,Medium,Closed,Email,12.82,24,1,5
TKT-02656,466,2,2025-01-03 10:22:00,2025-01-03 10:55:36,Account Access,Password Reset,Medium,Resolved,Portal,0.56,24,1,4
TKT-02657,477,8,2026-03-17 10:33:00,2026-03-17 15:15:36,Network,Wi-Fi Connectivity,High,Resolved,Phone,4.71,8,1,5
TKT-02658,492,7,2026-05-05 12:18:00,2026-05-05 15:17:24,Hardware,Keyboard/Mouse,High,Resolved,Portal,2.99,8,1,5
TKT-02659,403,11,2026-02-12 14:02:00,2026-02-12 19:44:00,Software,Software Installation,High,Closed,Portal,5.70,8,1,3
TKT-02660,395,7,2025-08-25 11:04:00,2025-08-25 12:41:12,Security,Suspicious Email,Critical,Resolved,Portal,1.62,4,1,4
TKT-02661,438,12,2025-09-17 15:39:00,2025-09-18 00:57:36,Network,Wi-Fi Connectivity,Medium,Resolved,Phone,9.31,24,1,5
TKT-02662,233,2,2025-04-18 19:09:00,2025-04-18 20:39:00,Account Access,Password Reset,Medium,Resolved,Phone,1.50,24,1,5
TKT-02663,316,2,2025-01-07 14:43:00,2025-01-07 22:03:24,Account Access,Locked Account,Medium,Resolved,Portal,7.34,24,1,4
TKT-02664,357,5,2025-02-12 16:06:00,2025-02-12 19:51:36,Software,Application Crash,High,Resolved,Portal,3.76,8,1,5
TKT-02665,16,9,2025-10-03 17:34:00,2025-10-03 23:23:48,Hardware,Laptop Performance,Medium,Closed,Email,5.83,24,1,4
TKT-02666,170,1,2026-05-11 18:32:00,2026-05-11 20:12:48,Software,Software Installation,High,Resolved,Portal,1.68,8,1,4
TKT-02667,490,8,2026-02-02 07:51:00,2026-02-03 03:13:48,Hardware,Monitor Issue,Medium,Resolved,Phone,19.38,24,1,5
TKT-02668,252,8,2025-08-08 13:36:00,2025-08-08 16:04:48,Security,Phishing Report,Critical,Resolved,Portal,2.48,4,1,4
TKT-02669,432,12,2026-05-26 18:37:00,2026-05-27 02:04:36,Software,Microsoft 365 Issue,Medium,Resolved,Phone,7.46,24,1,5
TKT-02670,298,9,2026-06-23 14:10:00,2026-06-23 17:58:36,Hardware,Battery/Power,High,Resolved,Portal,3.81,8,1,4
TKT-02671,95,5,2025-03-14 08:12:00,2025-03-14 22:24:36,Printing,Driver Issue,Medium,Resolved,Portal,14.21,24,1,4
TKT-02672,452,4,2025-01-17 09:03:00,2025-01-18 05:07:48,Software,Application Crash,Medium,Resolved,Portal,20.08,24,1,5
TKT-02673,201,9,2025-10-02 13:29:00,2025-10-03 09:48:12,Network,VPN Connection,High,Resolved,Phone,20.32,8,0,3
TKT-02674,329,3,2025-12-10 16:18:00,2025-12-10 19:29:24,Network,Wi-Fi Connectivity,Critical,Resolved,Portal,3.19,4,1,5
TKT-02675,150,3,2025-01-02 15:25:00,2025-01-02 16:50:12,Software,Application Crash,High,Closed,Portal,1.42,8,1,4
TKT-02676,92,2,2026-02-11 11:39:00,2026-02-11 17:49:12,Network,Slow Network,High,Closed,Email,6.17,8,1,5
TKT-02677,425,8,2025-07-07 13:40:00,2025-07-07 17:38:48,Account Access,Password Reset,Medium,Resolved,Email,3.98,24,1,5
TKT-02678,423,4,2025-02-05 11:32:00,2025-02-06 19:51:12,Network,No Internet Access,Medium,Resolved,Phone,32.32,24,0,2
TKT-02679,360,5,2025-06-13 12:38:00,2025-06-13 14:42:12,Account Access,Password Reset,Medium,Resolved,Email,2.07,24,1,5
TKT-02680,385,3,2025-11-17 17:55:00,2025-11-17 23:23:48,Printing,Driver Issue,Medium,Resolved,Walk-up,5.48,24,1,4
TKT-02681,474,12,2026-05-13 10:34:00,2026-05-14 04:43:36,Network,VPN Connection,Medium,Resolved,Email,18.16,24,1,3
TKT-02682,90,2,2025-07-28 12:17:00,2025-07-29 01:06:12,Security,Suspicious Email,High,Resolved,Portal,12.82,8,0,4
TKT-02683,391,12,2025-08-18 18:38:00,2025-08-19 13:43:24,Network,Wi-Fi Connectivity,High,Resolved,Email,19.09,8,0,4
TKT-02684,368,7,2026-08-04 11:02:00,2026-08-04 15:31:24,Account Access,MFA Issue,Medium,Resolved,Email,4.49,24,1,4
TKT-02685,355,1,2025-11-18 09:01:00,2025-11-19 07:34:00,Hardware,Docking Station,Medium,Closed,Phone,22.55,24,1,5
TKT-02686,44,1,2026-01-14 09:01:00,2026-01-14 10:10:00,Software,Microsoft 365 Issue,High,Resolved,Walk-up,1.15,8,1,3
TKT-02687,44,8,2026-01-30 13:40:00,2026-01-31 03:22:00,Printing,Printer Offline,Medium,Resolved,Walk-up,13.70,24,1,5
TKT-02688,42,6,2025-05-20 19:31:00,2025-05-21 01:20:48,Security,Lost/Stolen Device,High,Resolved,Walk-up,5.83,8,1,3
TKT-02689,32,7,2025-01-22 15:17:00,2025-01-23 00:59:00,Network,Wi-Fi Connectivity,High,Closed,Email,9.70,8,0,2
TKT-02690,1,6,2026-01-30 13:01:00,2026-01-30 16:24:24,Account Access,Password Reset,Medium,Resolved,Portal,3.39,24,1,5
TKT-02691,404,11,2025-02-12 13:55:00,2025-02-12 23:01:00,Network,VPN Connection,Critical,Resolved,Email,9.10,4,0,2
TKT-02692,195,9,2025-07-07 08:45:00,2025-07-08 20:27:00,Hardware,Keyboard/Mouse,Medium,Resolved,Phone,35.70,24,0,3
TKT-02693,109,7,2026-08-14 09:42:00,2026-08-15 01:31:12,Software,Microsoft 365 Issue,High,Closed,Portal,15.82,8,0,2
TKT-02694,170,9,2026-05-25 10:23:00,2026-05-25 17:57:48,Network,Wi-Fi Connectivity,High,Resolved,Portal,7.58,8,1,4
TKT-02695,463,3,2026-02-04 14:20:00,2026-02-04 19:47:00,Printing,Driver Issue,Medium,Resolved,Portal,5.45,24,1,5
TKT-02696,314,12,2025-03-11 16:20:00,2025-03-12 08:57:48,Account Access,MFA Issue,Medium,Closed,Portal,16.63,24,1,5
TKT-02697,336,9,2026-03-12 15:12:00,2026-03-12 16:58:12,Account Access,Password Reset,Medium,Resolved,Phone,1.77,24,1,3
TKT-02698,483,11,2025-05-23 10:05:00,2025-05-23 10:45:12,Security,Phishing Report,Critical,Resolved,Email,0.67,4,1,5
TKT-02699,260,8,2025-12-25 08:53:00,2025-12-25 10:17:36,Account Access,Password Reset,Medium,Resolved,Phone,1.41,24,1,5
TKT-02700,201,11,2025-07-14 16:02:00,2025-07-15 04:50:00,Printing,Driver Issue,Low,Resolved,Email,12.80,48,1,3
TKT-02701,153,11,2025-08-26 08:09:00,2025-08-26 13:21:00,Printing,Printer Offline,Medium,Resolved,Portal,5.20,24,1,5
TKT-02702,484,9,2025-11-24 10:51:00,2025-11-24 18:21:00,Software,Application Crash,Medium,Resolved,Portal,7.50,24,1,4
TKT-02703,248,8,2025-05-30 17:08:00,2025-05-31 05:04:24,Network,No Internet Access,Medium,Resolved,Email,11.94,24,1,5
TKT-02704,153,3,2026-02-11 13:05:00,2026-02-15 02:23:00,Software,Browser Issue,Low,Resolved,Portal,85.30,48,0,1
TKT-02705,204,7,2026-02-09 15:38:00,2026-02-09 16:59:00,Account Access,Password Reset,Medium,Resolved,Email,1.35,24,1,3
TKT-02706,98,10,2025-02-24 17:37:00,2025-02-25 09:59:12,Network,DNS Resolution,High,Closed,Portal,16.37,8,0,3
TKT-02707,177,12,2026-01-08 10:34:00,2026-01-08 16:19:36,Security,Suspicious Email,Medium,Resolved,Portal,5.76,24,1,5
TKT-02708,304,10,2025-06-23 12:36:00,2025-06-25 20:47:24,Account Access,MFA Issue,Medium,Resolved,Portal,56.19,24,0,1
TKT-02709,173,5,2026-03-13 16:20:00,2026-03-15 06:02:00,Hardware,Monitor Issue,Medium,Resolved,Email,37.70,24,0,3
TKT-02710,66,1,2025-02-05 07:06:00,2025-02-05 10:08:24,Software,Application Crash,High,Resolved,Phone,3.04,8,1,4
TKT-02711,304,6,2026-07-29 18:55:00,2026-07-30 12:14:12,Network,No Internet Access,Medium,Resolved,Portal,17.32,24,1,3
TKT-02712,210,8,2025-12-19 11:10:00,2025-12-20 00:46:00,Hardware,Monitor Issue,High,Resolved,Phone,13.60,8,0,4
TKT-02713,435,9,2026-05-01 14:19:00,2026-05-02 03:45:24,Network,VPN Connection,High,Resolved,Portal,13.44,8,0,1
TKT-02714,185,10,2026-03-03 13:03:00,2026-03-03 14:46:48,Printing,Driver Issue,Medium,Resolved,Portal,1.73,24,1,3
TKT-02715,71,3,2025-10-01 12:02:00,2025-10-02 09:18:12,Software,Application Access,Low,Resolved,Portal,21.27,48,1,4
TKT-02716,384,4,2025-04-15 10:28:00,2025-04-15 16:35:12,Printing,Print Queue Stuck,Medium,Resolved,Portal,6.12,24,1,4
TKT-02717,128,1,2026-03-27 12:42:00,2026-03-29 11:13:48,Hardware,Keyboard/Mouse,Medium,Resolved,Walk-up,46.53,24,0,3
TKT-02718,234,3,2026-06-25 17:24:00,2026-06-25 19:30:36,Software,Microsoft 365 Issue,High,Closed,Portal,2.11,8,1,5
TKT-02719,374,1,2025-09-22 14:20:00,2025-09-24 02:17:00,Network,VPN Connection,High,Resolved,Email,35.95,8,0,1
TKT-02720,332,9,2025-06-09 17:35:00,2025-06-10 01:42:48,Account Access,Locked Account,Medium,Resolved,Portal,8.13,24,1,5
TKT-02721,365,3,2026-04-08 13:06:00,2026-04-08 17:29:24,Software,Application Crash,High,Closed,Phone,4.39,8,1,4
TKT-02722,137,12,2025-01-07 12:35:00,2025-01-07 14:23:00,Printing,Print Queue Stuck,Critical,Resolved,Email,1.80,4,1,5
TKT-02723,41,5,2025-08-06 13:42:00,2025-08-07 04:41:24,Security,Malware Alert,Medium,Resolved,Walk-up,14.99,24,1,5
TKT-02724,381,8,2025-02-05 14:52:00,2025-02-05 17:58:00,Account Access,Locked Account,Medium,Resolved,Phone,3.10,24,1,4
TKT-02725,41,9,2025-06-02 17:33:00,2025-06-03 02:20:24,Printing,Driver Issue,Medium,Resolved,Email,8.79,24,1,4
TKT-02726,277,7,2025-06-11 14:17:00,2025-06-11 17:29:00,Security,Unauthorized Access Concern,High,Resolved,Portal,3.20,8,1,4
TKT-02727,382,11,2026-07-06 17:33:00,2026-07-06 18:07:48,Account Access,Password Reset,High,Closed,Portal,0.58,8,1,5
TKT-02728,163,4,2025-09-04 11:51:00,2025-09-05 01:34:12,Security,Malware Alert,Medium,Closed,Email,13.72,24,1,5
TKT-02729,195,8,2026-03-18 09:52:00,2026-03-18 12:10:00,Account Access,Password Reset,Medium,Resolved,Walk-up,2.30,24,1,5
TKT-02730,389,7,2025-09-01 17:18:00,2025-09-01 21:08:24,Security,Malware Alert,Critical,Resolved,Email,3.84,4,1,4
TKT-02731,107,4,2025-03-25 13:08:00,2025-03-25 14:52:24,Account Access,Password Reset,High,Resolved,Phone,1.74,8,1,5
TKT-02732,331,4,2026-07-14 18:07:00,2026-07-15 06:56:12,Printing,Driver Issue,Medium,Closed,Portal,12.82,24,1,4
TKT-02733,335,12,2025-01-01 09:36:00,2025-01-01 10:37:12,Security,Suspicious Email,Critical,Closed,Phone,1.02,4,1,4
TKT-02734,275,9,2026-04-13 12:47:00,2026-04-14 20:53:36,Network,Wi-Fi Connectivity,Medium,Resolved,Walk-up,32.11,24,0,2
TKT-02735,311,10,2025-05-26 15:58:00,2025-05-26 23:59:48,Network,Wi-Fi Connectivity,High,Resolved,Email,8.03,8,0,2
TKT-02736,333,10,2025-03-28 15:33:00,2025-03-29 16:55:48,Software,Browser Issue,Medium,Resolved,Walk-up,25.38,24,0,2
TKT-02737,283,10,2025-03-20 11:47:00,2025-03-22 04:35:36,Software,Microsoft 365 Issue,Medium,Closed,Email,40.81,24,0,3
TKT-02738,446,8,2025-12-12 17:32:00,2025-12-13 06:48:48,Software,Software Installation,Medium,Resolved,Phone,13.28,24,1,4
TKT-02739,443,9,2025-10-29 11:32:00,2025-10-31 18:46:24,Network,VPN Connection,Medium,Resolved,Portal,55.24,24,0,1
TKT-02740,64,6,2026-08-17 14:22:00,2026-08-17 21:46:36,Hardware,Monitor Issue,Medium,Resolved,Portal,7.41,24,1,4
TKT-02741,382,2,2025-09-11 17:10:00,2025-09-11 18:52:00,Network,Slow Network,Critical,Resolved,Email,1.70,4,1,5
TKT-02742,331,2,2025-12-31 10:45:00,2026-01-02 18:56:24,Software,Software Installation,Medium,Resolved,Portal,56.19,24,0,4
TKT-02743,109,10,2026-01-12 08:41:00,2026-01-12 13:01:24,Account Access,MFA Issue,High,Resolved,Email,4.34,8,1,4
TKT-02744,184,12,2026-04-10 10:01:00,2026-04-10 14:13:00,Software,Browser Issue,High,Resolved,Portal,4.20,8,1,5
TKT-02745,114,2,2026-05-14 10:34:00,2026-05-15 05:02:12,Account Access,Password Reset,High,Closed,Email,18.47,8,0,2
TKT-02746,222,1,2026-04-30 15:59:00,2026-04-30 22:47:00,Software,Application Crash,High,Resolved,Portal,6.80,8,1,4
TKT-02747,107,8,2025-08-19 07:29:00,2025-08-19 11:39:48,Account Access,MFA Issue,Medium,Resolved,Email,4.18,24,1,5
TKT-02748,23,2,2025-11-18 12:28:00,2025-11-18 13:52:36,Account Access,Password Reset,Medium,Resolved,Portal,1.41,24,1,5
TKT-02749,484,11,2025-04-02 17:35:00,2025-04-02 21:23:36,Account Access,MFA Issue,High,Resolved,Email,3.81,8,1,5
TKT-02750,243,9,2026-04-13 16:40:00,2026-04-13 17:17:48,Account Access,Password Reset,Critical,Closed,Portal,0.63,4,1,4
TKT-02751,398,9,2025-04-22 13:59:00,2025-04-22 18:13:24,Printing,Printer Permissions,High,Resolved,Walk-up,4.24,8,1,5
TKT-02752,248,9,2025-01-30 16:51:00,2025-01-31 00:45:00,Security,Phishing Report,Medium,Resolved,Email,7.90,24,1,3
TKT-02753,80,5,2025-04-16 12:14:00,2025-04-16 16:21:48,Printing,Printer Offline,Low,Resolved,Walk-up,4.13,48,1,3
TKT-02754,203,8,2025-04-18 09:45:00,2025-04-20 02:59:24,Network,Wi-Fi Connectivity,Medium,Resolved,Portal,41.24,24,0,2
TKT-02755,187,8,2025-03-05 11:51:00,2025-03-06 03:21:36,Software,Microsoft 365 Issue,Medium,Resolved,Portal,15.51,24,1,5
TKT-02756,429,1,2026-05-06 13:19:00,2026-05-06 19:13:36,Account Access,MFA Issue,Medium,Resolved,Phone,5.91,24,1,5
TKT-02757,314,11,2026-06-24 10:28:00,2026-06-24 13:27:24,Account Access,Password Reset,Medium,Resolved,Portal,2.99,24,1,3
TKT-02758,429,6,2026-08-10 14:45:00,2026-08-10 20:43:48,Hardware,Laptop Performance,Medium,Resolved,Portal,5.98,24,1,5
TKT-02759,33,3,2026-04-02 11:34:00,2026-04-03 00:47:48,Software,Application Crash,High,Resolved,Email,13.23,8,0,2
TKT-02760,219,12,2025-08-22 13:22:00,2025-08-22 23:32:12,Network,Wi-Fi Connectivity,Medium,Resolved,Portal,10.17,24,1,3
TKT-02761,52,5,2026-01-02 12:07:00,2026-01-03 03:54:24,Network,VPN Connection,High,Resolved,Portal,15.79,8,0,3
TKT-02762,86,11,2026-01-07 12:25:00,2026-01-07 16:28:36,Software,Software Installation,High,Resolved,Email,4.06,8,1,5
TKT-02763,207,12,2026-02-12 11:32:00,2026-02-13 23:15:12,Software,Application Access,Medium,Resolved,Portal,35.72,24,0,1
TKT-02764,427,8,2025-01-13 16:23:00,2025-01-13 23:45:12,Account Access,Locked Account,Medium,Resolved,Email,7.37,24,1,5
TKT-02765,8,2,2026-05-08 14:30:00,2026-05-08 16:20:24,Security,Phishing Report,High,Resolved,Portal,1.84,8,1,5
TKT-02766,85,12,2026-01-21 15:15:00,2026-01-21 19:45:36,Security,Malware Alert,Critical,Resolved,Walk-up,4.51,4,0,2
TKT-02767,381,6,2025-03-20 11:33:00,2025-03-21 14:51:36,Software,Application Crash,Medium,Resolved,Walk-up,27.31,24,0,1
TKT-02768,305,11,2025-09-29 10:34:00,2025-09-30 16:27:24,Account Access,Password Reset,Medium,Resolved,Phone,29.89,24,0,3
TKT-02769,64,7,2025-01-21 11:46:00,2025-01-21 12:35:12,Account Access,Password Reset,High,Resolved,Email,0.82,8,1,4
TKT-02770,436,10,2026-05-14 09:42:00,2026-05-15 03:17:24,Account Access,Password Reset,High,Closed,Email,17.59,8,0,1
TKT-02771,426,3,2025-07-10 12:29:00,2025-07-10 13:20:36,Account Access,Password Reset,Critical,Closed,Walk-up,0.86,4,1,4
TKT-02772,230,8,2025-04-11 14:24:00,2025-04-12 07:07:48,Hardware,Monitor Issue,Medium,Resolved,Portal,16.73,24,1,5
TKT-02773,446,9,2025-03-13 08:34:00,2025-03-13 11:49:36,Security,Phishing Report,Critical,Resolved,Portal,3.26,4,1,3
TKT-02774,464,2,2025-02-21 09:00:00,2025-02-21 22:58:12,Network,Slow Network,Medium,Closed,Portal,13.97,24,1,5
TKT-02775,143,1,2025-01-13 14:12:00,2025-01-14 05:51:36,Software,Software Installation,Medium,Resolved,Walk-up,15.66,24,1,4
TKT-02776,347,2,2025-09-26 16:05:00,2025-09-28 03:39:48,Software,Application Access,Medium,Resolved,Portal,35.58,24,0,3
TKT-02777,458,4,2026-01-07 10:35:00,2026-01-07 11:07:24,Account Access,Password Reset,High,Resolved,Portal,0.54,8,1,5
TKT-02778,285,6,2025-08-19 09:18:00,2025-08-19 11:51:00,Security,Suspicious Email,Critical,Closed,Portal,2.55,4,1,4
TKT-02779,69,3,2026-02-27 11:12:00,2026-02-27 21:39:36,Software,Application Access,Medium,Resolved,Phone,10.46,24,1,4
TKT-02780,156,11,2026-01-15 09:24:00,2026-01-19 00:00:00,Printing,Print Queue Stuck,Low,Resolved,Phone,86.60,48,0,2
TKT-02781,461,4,2025-07-15 16:31:00,2025-07-15 20:26:12,Account Access,Permissions Request,Medium,Closed,Portal,3.92,24,1,5
TKT-02782,319,3,2026-01-30 09:46:00,2026-01-31 07:07:36,Account Access,Locked Account,Medium,Closed,Email,21.36,24,1,5
TKT-02783,9,2,2025-08-06 15:03:00,2025-08-07 21:13:12,Network,VPN Connection,Medium,Resolved,Phone,30.17,24,0,3
TKT-02784,327,6,2025-02-06 14:29:00,2025-02-06 17:29:00,Network,Slow Network,High,Resolved,Portal,3.00,8,1,5
TKT-02785,426,1,2026-04-09 13:28:00,2026-04-10 00:45:24,Printing,Printer Offline,Medium,Closed,Portal,11.29,24,1,4
TKT-02786,283,12,2026-06-30 10:08:00,2026-06-30 20:11:00,Network,VPN Connection,Medium,Closed,Portal,10.05,24,1,5
TKT-02787,497,7,2025-04-28 14:11:00,2025-04-29 02:29:00,Hardware,Docking Station,High,Closed,Phone,12.30,8,0,1
TKT-02788,254,10,2026-04-14 15:57:00,2026-04-15 06:36:00,Software,Software Installation,Medium,Closed,Phone,14.65,24,1,4
TKT-02789,339,4,2025-01-17 12:14:00,2025-01-17 18:41:36,Software,Software Installation,Medium,Resolved,Portal,6.46,24,1,5
TKT-02790,215,8,2026-08-26 12:48:00,2026-08-27 22:04:48,Network,VPN Connection,Medium,Resolved,Email,33.28,24,0,2
TKT-02791,481,11,2025-11-28 14:54:00,2025-11-28 21:16:48,Account Access,Permissions Request,Medium,Resolved,Portal,6.38,24,1,4
TKT-02792,427,10,2026-08-21 12:17:00,2026-08-21 20:09:12,Hardware,Monitor Issue,Medium,Resolved,Email,7.87,24,1,3
TKT-02793,389,5,2025-12-26 17:20:00,2025-12-26 22:02:00,Account Access,Password Reset,Low,Resolved,Email,4.70,48,1,4
TKT-02794,228,7,2026-04-29 07:43:00,2026-04-29 16:23:12,Software,Microsoft 365 Issue,Medium,Resolved,Walk-up,8.67,24,1,3
TKT-02795,418,4,2025-12-30 14:31:00,2025-12-31 02:46:36,Hardware,Docking Station,Medium,Resolved,Portal,12.26,24,1,5
TKT-02796,9,11,2025-07-01 14:31:00,2025-07-03 04:28:00,Network,Wi-Fi Connectivity,Low,Resolved,Phone,37.95,48,1,4
TKT-02797,17,7,2026-07-13 19:51:00,2026-07-14 01:46:12,Hardware,Battery/Power,High,Closed,Portal,5.92,8,1,4
TKT-02798,282,6,2026-07-16 10:43:00,2026-07-17 18:22:00,Network,VPN Connection,Low,Closed,Email,31.65,48,1,5
TKT-02799,288,12,2025-03-14 09:32:00,2025-03-14 22:16:24,Network,Wi-Fi Connectivity,Medium,Closed,Portal,12.74,24,1,4
TKT-02800,115,12,2026-05-28 15:59:00,2026-05-28 18:06:12,Account Access,Password Reset,Medium,Resolved,Email,2.12,24,1,5
TKT-02801,287,6,2025-06-25 09:53:00,2025-06-25 15:47:36,Network,VPN Connection,High,Resolved,Portal,5.91,8,1,5
TKT-02802,82,1,2025-07-29 15:47:00,2025-07-30 00:54:48,Software,Application Crash,Medium,Resolved,Portal,9.13,24,1,4
TKT-02803,369,4,2025-12-08 07:59:00,2025-12-09 12:15:12,Network,VPN Connection,Medium,Resolved,Portal,28.27,24,0,4
TKT-02804,326,12,2025-12-15 17:24:00,2025-12-15 18:31:12,Account Access,Password Reset,Medium,Resolved,Email,1.12,24,1,5
TKT-02805,15,4,2025-08-15 18:01:00,2025-08-17 19:17:48,Account Access,MFA Issue,Low,Closed,Email,49.28,48,0,1
TKT-02806,382,9,2026-03-12 13:54:00,2026-03-12 16:26:24,Security,Phishing Report,High,Resolved,Email,2.54,8,1,3
TKT-02807,31,1,2026-07-28 17:29:00,2026-07-30 12:49:24,Account Access,Password Reset,Medium,Resolved,Email,43.34,24,0,4
TKT-02808,355,11,2026-03-20 11:30:00,2026-03-21 02:39:36,Account Access,Locked Account,Medium,Resolved,Walk-up,15.16,24,1,4
TKT-02809,105,2,2026-08-21 08:58:00,2026-08-23 15:01:36,Software,Application Crash,Low,Resolved,Portal,54.06,48,0,1
TKT-02810,194,7,2025-10-15 12:04:00,2025-10-15 15:38:12,Network,Wi-Fi Connectivity,High,Closed,Portal,3.57,8,1,5
TKT-02811,360,2,2025-07-29 13:24:00,2025-07-29 16:14:24,Security,Phishing Report,Critical,Resolved,Email,2.84,4,1,5
TKT-02812,215,11,2026-06-15 09:10:00,2026-06-15 11:37:00,Account Access,Password Reset,Medium,Resolved,Email,2.45,24,1,5
TKT-02813,269,9,2025-05-19 16:00:00,2025-05-19 18:27:36,Account Access,Password Reset,Medium,Resolved,Portal,2.46,24,1,3
TKT-02814,483,6,2025-10-09 12:49:00,2025-10-09 20:20:12,Account Access,MFA Issue,Medium,Resolved,Portal,7.52,24,1,5
TKT-02815,262,7,2026-02-11 14:33:00,2026-02-11 15:53:24,Account Access,Locked Account,Critical,Resolved,Portal,1.34,4,1,4
TKT-02816,486,4,2026-05-15 14:09:00,2026-05-15 17:09:00,Account Access,Locked Account,Medium,Resolved,Portal,3.00,24,1,5
TKT-02817,32,5,2025-12-18 15:58:00,2025-12-18 19:13:00,Software,Microsoft 365 Issue,High,Closed,Portal,3.25,8,1,4
TKT-02818,53,3,2025-02-14 13:30:00,2025-02-14 23:08:24,Network,VPN Connection,High,Closed,Email,9.64,8,0,3
TKT-02819,237,3,2026-06-11 15:39:00,2026-06-12 19:05:24,Hardware,Keyboard/Mouse,Medium,Resolved,Phone,27.44,24,0,3
TKT-02820,72,4,2026-02-03 12:36:00,2026-02-05 00:46:12,Software,Application Crash,Low,Closed,Portal,36.17,48,1,5
TKT-02821,474,4,2025-07-04 13:17:00,2025-07-05 00:50:00,Hardware,Keyboard/Mouse,High,Resolved,Portal,11.55,8,0,1
TKT-02822,123,2,2026-01-14 11:42:00,2026-01-15 04:28:48,Software,Browser Issue,Low,Resolved,Phone,16.78,48,1,5
TKT-02823,128,2,2025-02-17 12:29:00,2025-02-17 19:03:12,Software,Application Crash,Medium,Resolved,Portal,6.57,24,1,5
TKT-02824,46,7,2025-09-29 08:47:00,2025-09-29 11:04:24,Security,Unauthorized Access Concern,High,Resolved,Email,2.29,8,1,3
TKT-02825,458,3,2026-07-13 10:19:00,2026-07-14 23:50:12,Software,Microsoft 365 Issue,Medium,Closed,Email,37.52,24,0,2
TKT-02826,417,2,2025-03-17 18:06:00,2025-03-17 18:58:48,Account Access,Password Reset,High,Resolved,Phone,0.88,8,1,4
TKT-02827,396,6,2025-03-20 17:09:00,2025-03-20 23:39:00,Network,No Internet Access,High,Closed,Portal,6.50,8,1,4
TKT-02828,489,10,2025-12-22 17:35:00,2025-12-22 22:14:00,Network,DNS Resolution,High,Closed,Email,4.65,8,1,4
TKT-02829,467,10,2025-11-11 08:26:00,2025-11-11 12:09:48,Printing,Print Queue Stuck,Medium,Resolved,Phone,3.73,24,1,4
TKT-02830,414,3,2026-05-21 09:19:00,2026-05-21 09:46:00,Account Access,Password Reset,High,Closed,Portal,0.45,8,1,5
TKT-02831,192,10,2026-07-28 08:39:00,2026-07-28 11:26:24,Account Access,MFA Issue,High,Closed,Email,2.79,8,1,5
TKT-02832,409,9,2025-07-11 09:21:00,2025-07-12 02:12:00,Network,Slow Network,High,Resolved,Walk-up,16.85,8,0,1
TKT-02833,418,4,2025-12-15 09:36:00,2025-12-15 22:27:00,Software,Application Crash,Medium,Resolved,Phone,12.85,24,1,5
TKT-02834,456,9,2026-07-16 14:55:00,2026-07-16 17:14:12,Network,Wi-Fi Connectivity,High,Resolved,Portal,2.32,8,1,5
TKT-02835,94,2,2025-09-02 17:14:00,2025-09-04 04:09:12,Software,Application Crash,Medium,Resolved,Email,34.92,24,0,3
TKT-02836,334,12,2026-07-06 10:10:00,2026-07-06 22:17:48,Software,Microsoft 365 Issue,Low,Resolved,Email,12.13,48,1,5
TKT-02837,489,11,2025-01-08 16:49:00,2025-01-08 20:29:48,Security,Phishing Report,High,Resolved,Portal,3.68,8,1,5
TKT-02838,230,7,2026-06-22 10:15:00,2026-06-22 14:33:00,Printing,Driver Issue,Medium,Closed,Portal,4.30,24,1,3
TKT-02839,463,1,2025-10-02 14:42:00,2025-10-02 16:43:48,Hardware,Monitor Issue,Critical,Resolved,Portal,2.03,4,1,5
TKT-02840,324,11,2026-06-08 10:44:00,2026-06-08 16:49:24,Account Access,MFA Issue,Medium,Closed,Portal,6.09,24,1,5
TKT-02841,272,7,2025-06-24 09:40:00,2025-06-26 12:12:24,Software,Application Crash,Medium,Resolved,Phone,50.54,24,0,3
TKT-02842,318,2,2025-01-02 10:34:00,2025-01-03 02:19:36,Hardware,Laptop Won't Start,Medium,Resolved,Walk-up,15.76,24,1,5
TKT-02843,334,1,2025-10-28 16:51:00,2025-10-28 19:31:12,Account Access,Password Reset,Medium,Closed,Portal,2.67,24,1,5
TKT-02844,375,4,2026-08-17 11:18:00,2026-08-17 12:43:48,Account Access,Password Reset,Medium,Resolved,Walk-up,1.43,24,1,4
TKT-02845,64,3,2026-03-05 11:47:00,2026-03-05 20:06:12,Hardware,Laptop Performance,Medium,Resolved,Portal,8.32,24,1,5
TKT-02846,248,2,2025-04-03 10:06:00,2025-04-04 16:45:36,Hardware,Docking Station,Low,Resolved,Phone,30.66,48,1,4
TKT-02847,207,7,2026-01-23 09:30:00,2026-01-23 12:14:24,Account Access,MFA Issue,Medium,Resolved,Portal,2.74,24,1,5
TKT-02848,248,5,2026-08-06 17:35:00,2026-08-06 20:38:00,Account Access,Permissions Request,Medium,Resolved,Portal,3.05,24,1,5
TKT-02849,301,9,2025-02-05 14:04:00,2025-02-05 16:38:12,Security,Phishing Report,High,Resolved,Phone,2.57,8,1,4
TKT-02850,46,12,2025-04-02 09:36:00,2025-04-02 22:01:48,Network,VPN Connection,High,Closed,Email,12.43,8,0,2
TKT-02851,183,10,2025-07-01 12:54:00,2025-07-03 12:30:00,Network,VPN Connection,Medium,Resolved,Portal,47.60,24,0,3
TKT-02852,227,1,2026-01-05 15:14:00,2026-01-05 17:18:48,Account Access,Password Reset,Medium,Resolved,Portal,2.08,24,1,4
TKT-02853,132,2,2026-02-06 14:17:00,2026-02-06 16:47:36,Hardware,Laptop Performance,Medium,Resolved,Walk-up,2.51,24,1,4
TKT-02854,233,9,2026-08-04 16:11:00,2026-08-04 17:26:00,Account Access,Locked Account,High,Closed,Email,1.25,8,1,4
TKT-02855,491,8,2025-01-21 14:31:00,2025-01-23 08:25:00,Software,Application Crash,Medium,Closed,Phone,41.90,24,0,1
TKT-02856,3,9,2025-12-01 15:22:00,2025-12-01 17:08:48,Account Access,Password Reset,Medium,Resolved,Portal,1.78,24,1,3
TKT-02857,151,2,2025-06-17 16:40:00,2025-06-17 22:28:36,Printing,Printer Offline,High,Resolved,Email,5.81,8,1,5
TKT-02858,331,9,2025-10-16 10:11:00,2025-10-16 20:46:24,Network,Wi-Fi Connectivity,High,Resolved,Portal,10.59,8,0,2
TKT-02859,8,1,2026-04-13 14:19:00,2026-04-13 16:26:48,Security,Lost/Stolen Device,High,Resolved,Email,2.13,8,1,4
TKT-02860,420,5,2026-01-22 14:40:00,2026-01-22 20:58:36,Software,Application Crash,High,Resolved,Email,6.31,8,1,5
TKT-02861,120,4,2025-12-23 18:58:00,2025-12-24 19:01:00,Hardware,Laptop Performance,Low,Resolved,Email,24.05,48,1,4
TKT-02862,322,5,2026-02-12 13:34:00,2026-02-12 16:53:12,Software,Microsoft 365 Issue,High,Closed,Email,3.32,8,1,5
TKT-02863,208,7,2026-06-05 13:22:00,2026-06-07 11:13:36,Security,Suspicious Email,Low,Resolved,Email,45.86,48,1,5
TKT-02864,478,11,2025-01-06 14:25:00,2025-01-09 06:28:00,Network,VPN Connection,Medium,Resolved,Portal,64.05,24,0,2
TKT-02865,377,5,2026-05-29 16:33:00,2026-05-31 22:35:24,Account Access,Locked Account,Low,Resolved,Portal,54.04,48,0,3
TKT-02866,410,1,2025-04-17 08:35:00,2025-04-18 04:09:12,Network,Slow Network,High,Resolved,Portal,19.57,8,0,3
TKT-02867,407,3,2025-12-19 13:33:00,2025-12-19 18:49:48,Network,Wi-Fi Connectivity,Medium,Closed,Phone,5.28,24,1,4
TKT-02868,265,2,2025-03-27 11:46:00,2025-03-28 01:07:36,Security,Phishing Report,High,Resolved,Portal,13.36,8,0,4
TKT-02869,37,8,2025-06-12 11:40:00,2025-06-12 15:16:36,Account Access,MFA Issue,High,Resolved,Phone,3.61,8,1,4
TKT-02870,82,12,2025-10-22 13:17:00,2025-10-22 20:23:00,Software,Microsoft 365 Issue,High,Closed,Phone,7.10,8,1,5
TKT-02871,11,5,2025-12-02 09:29:00,2025-12-02 11:27:12,Security,Phishing Report,Critical,Resolved,Walk-up,1.97,4,1,4
TKT-02872,114,9,2025-01-08 10:17:00,2025-01-08 16:12:48,Account Access,Permissions Request,Low,Resolved,Email,5.93,48,1,5
TKT-02873,74,4,2026-06-03 13:14:00,2026-06-04 04:20:36,Hardware,Monitor Issue,Medium,Closed,Phone,15.11,24,1,4
TKT-02874,142,12,2025-12-15 13:56:00,2025-12-15 14:55:24,Account Access,Permissions Request,High,Resolved,Portal,0.99,8,1,5
TKT-02875,308,10,2025-10-09 11:38:00,2025-10-09 18:51:12,Network,No Internet Access,Medium,Closed,Email,7.22,24,1,3
TKT-02876,253,6,2025-09-22 07:05:00,2025-09-22 10:59:00,Network,DNS Resolution,High,Resolved,Portal,3.90,8,1,3
TKT-02877,47,3,2025-09-12 17:35:00,2025-09-14 03:36:12,Account Access,Permissions Request,Medium,Closed,Portal,34.02,24,0,4
TKT-02878,213,11,2025-07-22 12:08:00,2025-07-22 16:38:00,Software,Browser Issue,High,Resolved,Portal,4.50,8,1,4
TKT-02879,217,1,2025-11-05 15:38:00,2025-11-05 20:24:12,Security,Suspicious Email,High,Closed,Phone,4.77,8,1,5
TKT-02880,91,10,2025-10-20 10:37:00,2025-10-22 03:38:48,Network,VPN Connection,Medium,Resolved,Phone,41.03,24,0,2
TKT-02881,274,4,2026-05-13 18:03:00,2026-05-14 05:43:12,Software,Application Crash,Medium,Resolved,Portal,11.67,24,1,5
TKT-02882,248,1,2025-12-24 11:08:00,2025-12-25 01:00:12,Account Access,MFA Issue,Medium,Resolved,Walk-up,13.87,24,1,5
TKT-02883,152,7,2025-03-03 16:49:00,2025-03-04 06:32:48,Software,Application Crash,Low,Resolved,Email,13.73,48,1,3
TKT-02884,451,12,2026-08-18 08:46:00,2026-08-18 18:20:48,Account Access,Permissions Request,Medium,Closed,Email,9.58,24,1,5
TKT-02885,429,1,2026-02-11 11:32:00,2026-02-11 23:06:48,Account Access,MFA Issue,Low,Resolved,Email,11.58,48,1,5
TKT-02886,246,7,2026-03-27 11:53:00,2026-03-27 13:33:12,Software,Microsoft 365 Issue,Medium,Resolved,Walk-up,1.67,24,1,4
TKT-02887,251,2,2025-07-07 09:10:00,2025-07-08 09:34:36,Network,No Internet Access,Medium,Closed,Portal,24.41,24,0,2
TKT-02888,275,4,2026-08-19 08:08:00,2026-08-20 04:13:24,Software,Browser Issue,Low,Resolved,Phone,20.09,48,1,4
TKT-02889,448,8,2025-08-20 18:35:00,2025-08-20 22:47:00,Printing,Print Queue Stuck,High,Resolved,Portal,4.20,8,1,4
TKT-02890,186,4,2025-01-06 08:46:00,2025-01-06 16:33:24,Hardware,Keyboard/Mouse,Medium,Resolved,Portal,7.79,24,1,4
TKT-02891,267,8,2025-03-05 10:54:00,2025-03-06 06:24:00,Printing,Printer Offline,Low,Resolved,Portal,19.50,48,1,3
TKT-02892,71,7,2026-03-16 13:06:00,2026-03-17 10:24:00,Network,VPN Connection,High,Resolved,Email,21.30,8,0,1
TKT-02893,230,7,2025-01-17 12:04:00,2025-01-17 14:04:36,Network,Wi-Fi Connectivity,High,Resolved,Email,2.01,8,1,5
TKT-02894,194,9,2026-04-20 13:46:00,2026-04-21 17:39:24,Software,Browser Issue,Low,Resolved,Portal,27.89,48,1,4
TKT-02895,148,8,2026-04-16 13:39:00,2026-04-16 16:06:36,Software,Browser Issue,High,Resolved,Email,2.46,8,1,5
TKT-02896,337,8,2026-01-13 15:46:00,2026-01-13 22:22:36,Software,Software Installation,Medium,Resolved,Portal,6.61,24,1,5
TKT-02897,215,12,2026-06-15 12:10:00,2026-06-16 01:47:48,Account Access,MFA Issue,Medium,Resolved,Phone,13.63,24,1,3
TKT-02898,74,12,2025-08-18 09:12:00,2025-08-18 17:18:36,Software,Application Crash,Medium,Resolved,Portal,8.11,24,1,4
TKT-02899,391,6,2025-04-02 19:28:00,2025-04-03 04:57:24,Software,Microsoft 365 Issue,Medium,Resolved,Email,9.49,24,1,3
TKT-02900,357,12,2026-03-02 08:21:00,2026-03-02 20:40:48,Software,Software Installation,Medium,Resolved,Email,12.33,24,1,5
TKT-02901,164,5,2025-01-17 09:20:00,2025-01-17 17:14:00,Hardware,Battery/Power,Medium,Resolved,Email,7.90,24,1,4
TKT-02902,376,4,2025-10-07 13:26:00,2025-10-07 19:13:24,Network,Wi-Fi Connectivity,Low,Resolved,Email,5.79,48,1,5
TKT-02903,449,4,2026-03-30 11:51:00,2026-03-31 00:31:48,Hardware,Battery/Power,High,Closed,Phone,12.68,8,0,2
TKT-02904,137,8,2025-09-01 09:50:00,2025-09-01 14:45:12,Network,No Internet Access,High,Resolved,Portal,4.92,8,1,5
TKT-02905,155,2,2026-04-23 11:37:00,2026-04-23 14:47:12,Account Access,Password Reset,Medium,Resolved,Email,3.17,24,1,5
TKT-02906,349,12,2025-09-15 15:38:00,2025-09-15 18:10:24,Account Access,MFA Issue,High,Resolved,Portal,2.54,8,1,5
TKT-02907,487,4,2026-07-30 09:10:00,2026-07-30 23:52:00,Software,Microsoft 365 Issue,Low,Resolved,Phone,14.70,48,1,4
TKT-02908,245,3,2025-01-24 14:40:00,2025-01-26 15:08:12,Account Access,Password Reset,Medium,Resolved,Email,48.47,24,0,2
TKT-02909,458,2,2026-01-29 12:43:00,2026-01-30 08:55:36,Network,VPN Connection,Medium,Resolved,Email,20.21,24,1,5
TKT-02910,307,4,2026-03-06 13:31:00,2026-03-06 18:25:00,Hardware,Docking Station,High,Resolved,Portal,4.90,8,1,3
TKT-02911,291,4,2025-11-04 15:45:00,2025-11-04 21:24:00,Security,Phishing Report,High,Closed,Portal,5.65,8,1,5
TKT-02912,417,4,2025-11-12 09:17:00,2025-11-13 22:47:36,Hardware,Monitor Issue,Medium,Resolved,Phone,37.51,24,0,1
TKT-02913,74,10,2026-02-26 13:44:00,2026-02-27 15:45:48,Software,Browser Issue,Medium,Resolved,Portal,26.03,24,0,3
TKT-02914,22,2,2025-06-18 15:40:00,2025-06-20 18:44:48,Network,Wi-Fi Connectivity,Medium,Resolved,Email,51.08,24,0,3
TKT-02915,277,9,2026-02-11 10:36:00,2026-02-11 11:29:24,Account Access,Password Reset,Medium,Closed,Portal,0.89,24,1,5
TKT-02916,65,1,2026-02-13 14:10:00,2026-02-14 04:52:36,Printing,Printer Offline,Low,Resolved,Email,14.71,48,1,5
TKT-02917,147,6,2026-07-20 16:24:00,2026-07-20 22:58:48,Security,Suspicious Email,Critical,Resolved,Email,6.58,4,0,2
TKT-02918,113,5,2026-03-09 14:17:00,2026-03-09 20:04:24,Hardware,Docking Station,Medium,Closed,Email,5.79,24,1,5
TKT-02919,250,5,2025-02-14 10:40:00,2025-02-14 22:38:12,Software,Application Access,Medium,Closed,Portal,11.97,24,1,5
TKT-02920,409,12,2025-08-13 13:52:00,2025-08-13 23:11:48,Software,Application Crash,Medium,Resolved,Portal,9.33,24,1,5
TKT-02921,455,2,2025-09-08 15:18:00,2025-09-10 02:57:36,Hardware,Laptop Performance,Medium,Resolved,Portal,35.66,24,0,1
TKT-02922,477,11,2025-01-07 15:24:00,2025-01-09 15:39:00,Account Access,Password Reset,Medium,Resolved,Phone,48.25,24,0,4
TKT-02923,331,5,2025-03-06 09:22:00,2025-03-07 13:55:00,Software,Microsoft 365 Issue,Medium,Resolved,Portal,28.55,24,0,1
TKT-02924,20,10,2025-03-20 08:30:00,2025-03-20 13:37:48,Security,Suspicious Email,High,Resolved,Portal,5.13,8,1,5
TKT-02925,70,1,2026-05-29 08:12:00,2026-05-29 16:33:00,Account Access,Locked Account,High,Resolved,Portal,8.35,8,0,2
TKT-02926,325,4,2026-04-01 14:25:00,2026-04-02 02:14:48,Software,Browser Issue,Low,Closed,Portal,11.83,48,1,4
TKT-02927,93,11,2025-03-10 17:05:00,2025-03-11 09:59:36,Account Access,MFA Issue,Low,Resolved,Email,16.91,48,1,4
TKT-02928,336,1,2025-11-03 09:43:00,2025-11-03 12:09:24,Software,Application Access,High,Resolved,Portal,2.44,8,1,4
TKT-02929,357,6,2026-02-12 12:09:00,2026-02-12 13:24:00,Account Access,Password Reset,High,Resolved,Portal,1.25,8,1,5
TKT-02930,449,4,2025-01-14 11:40:00,2025-01-15 19:28:00,Software,Microsoft 365 Issue,Medium,Resolved,Walk-up,31.80,24,0,3
TKT-02931,480,10,2026-04-01 09:38:00,2026-04-01 19:08:36,Network,Wi-Fi Connectivity,High,Resolved,Portal,9.51,8,0,2
TKT-02932,259,6,2026-01-22 08:04:00,2026-01-22 10:27:24,Software,Software Installation,High,Closed,Phone,2.39,8,1,4
TKT-02933,206,8,2026-02-11 13:11:00,2026-02-11 23:49:24,Account Access,Permissions Request,Medium,Resolved,Portal,10.64,24,1,4
TKT-02934,43,11,2025-11-03 07:10:00,2025-11-03 08:58:36,Network,Wi-Fi Connectivity,High,Resolved,Portal,1.81,8,1,3
TKT-02935,499,12,2026-06-05 14:41:00,2026-06-05 19:00:12,Account Access,Locked Account,Medium,Closed,Portal,4.32,24,1,4
TKT-02936,22,9,2026-03-16 10:56:00,2026-03-17 05:36:48,Network,DNS Resolution,High,Resolved,Phone,18.68,8,0,4
TKT-02937,338,1,2025-09-30 11:06:00,2025-10-02 20:40:48,Account Access,Locked Account,Low,Resolved,Portal,57.58,48,0,2
TKT-02938,273,9,2025-01-02 10:33:00,2025-01-02 19:06:00,Security,Suspicious Email,High,Closed,Email,8.55,8,0,2
TKT-02939,115,10,2026-02-18 13:09:00,2026-02-20 02:59:24,Network,VPN Connection,Medium,Closed,Email,37.84,24,0,2
TKT-02940,492,2,2026-02-04 11:13:00,2026-02-05 01:41:48,Network,Wi-Fi Connectivity,Medium,Resolved,Portal,14.48,24,1,5
TKT-02941,497,11,2025-07-10 09:59:00,2025-07-10 11:18:48,Account Access,Password Reset,High,Resolved,Phone,1.33,8,1,5
TKT-02942,252,5,2026-08-10 10:55:00,2026-08-10 18:54:24,Software,Application Crash,Medium,Resolved,Portal,7.99,24,1,4
TKT-02943,117,4,2025-03-18 15:02:00,2025-03-18 20:17:36,Account Access,MFA Issue,High,Resolved,Phone,5.26,8,1,5
TKT-02944,279,11,2025-12-26 18:07:00,2025-12-28 10:38:48,Software,Microsoft 365 Issue,Medium,Closed,Portal,40.53,24,0,3
TKT-02945,290,11,2026-07-28 16:58:00,2026-07-29 02:20:12,Security,Phishing Report,Medium,Resolved,Phone,9.37,24,1,5
TKT-02946,376,9,2026-01-19 13:23:00,2026-01-19 17:14:00,Hardware,Laptop Won't Start,High,Resolved,Portal,3.85,8,1,5
TKT-02947,347,3,2025-01-14 11:27:00,2025-01-15 02:07:12,Account Access,Locked Account,Low,Resolved,Walk-up,14.67,48,1,4
TKT-02948,4,9,2025-05-30 10:52:00,2025-05-31 01:53:48,Account Access,MFA Issue,Low,Resolved,Phone,15.03,48,1,3
TKT-02949,405,2,2025-07-22 17:52:00,2025-07-23 01:58:36,Software,Application Crash,High,Closed,Walk-up,8.11,8,0,2
TKT-02950,301,1,2025-01-08 12:33:00,2025-01-08 18:37:48,Network,Slow Network,High,Resolved,Email,6.08,8,1,4
TKT-02951,459,2,2026-04-14 10:44:00,2026-04-14 14:19:24,Network,Slow Network,Critical,Resolved,Email,3.59,4,1,5
TKT-02952,293,11,2026-02-17 15:48:00,2026-02-18 07:30:00,Hardware,Monitor Issue,Medium,Resolved,Portal,15.70,24,1,5
TKT-02953,26,12,2025-09-19 08:59:00,2025-09-19 11:05:36,Account Access,Password Reset,Medium,Closed,Portal,2.11,24,1,5
TKT-02954,386,1,2026-08-18 09:13:00,2026-08-18 18:18:24,Hardware,Laptop Performance,High,Resolved,Portal,9.09,8,0,2
TKT-02955,449,12,2025-07-28 14:04:00,2025-07-28 19:56:48,Hardware,Laptop Won't Start,Medium,Resolved,Email,5.88,24,1,5
TKT-02956,499,12,2025-07-22 12:25:00,2025-07-23 17:35:12,Hardware,Laptop Won't Start,Medium,Resolved,Portal,29.17,24,0,2
TKT-02957,60,6,2025-11-12 14:24:00,2025-11-15 03:30:00,Account Access,Password Reset,Low,Resolved,Portal,61.10,48,0,4
TKT-02958,494,1,2025-06-10 08:54:00,2025-06-10 20:33:00,Network,DNS Resolution,Medium,Resolved,Email,11.65,24,1,4
TKT-02959,141,6,2025-08-21 10:04:00,2025-08-21 14:32:48,Printing,Print Queue Stuck,Medium,Resolved,Portal,4.48,24,1,5
TKT-02960,71,7,2026-08-20 15:16:00,2026-08-20 18:25:00,Account Access,Locked Account,Medium,Closed,Portal,3.15,24,1,5
TKT-02961,385,10,2025-03-10 16:09:00,2025-03-10 20:01:48,Hardware,Keyboard/Mouse,High,Closed,Phone,3.88,8,1,5
TKT-02962,302,12,2025-01-13 15:58:00,2025-01-13 17:29:12,Account Access,Permissions Request,Medium,Resolved,Email,1.52,24,1,4
TKT-02963,303,1,2025-09-22 09:41:00,2025-09-23 06:05:36,Hardware,Laptop Performance,Medium,Resolved,Portal,20.41,24,1,5
TKT-02964,401,6,2026-08-04 17:53:00,2026-08-05 01:17:36,Software,Application Crash,Medium,Closed,Portal,7.41,24,1,5
TKT-02965,465,9,2026-05-12 15:42:00,2026-05-13 18:00:00,Software,Application Access,Medium,Closed,Email,26.30,24,0,3
TKT-02966,224,3,2026-01-16 10:50:00,2026-01-17 21:39:12,Network,Wi-Fi Connectivity,Medium,Resolved,Portal,34.82,24,0,1
TKT-02967,458,6,2025-05-01 19:37:00,2025-05-02 09:46:00,Security,Malware Alert,High,Resolved,Portal,14.15,8,0,1
TKT-02968,342,3,2025-02-18 10:32:00,2025-02-18 19:25:24,Security,Suspicious Email,High,Closed,Portal,8.89,8,0,3
TKT-02969,202,8,2025-10-06 12:17:00,2025-10-06 13:36:12,Account Access,Password Reset,Medium,Resolved,Phone,1.32,24,1,4
TKT-02970,280,10,2026-04-23 10:17:00,2026-04-23 11:43:24,Account Access,Password Reset,Medium,Closed,Portal,1.44,24,1,4
TKT-02971,160,7,2025-07-03 12:18:00,2025-07-04 08:37:12,Network,No Internet Access,Low,Resolved,Portal,20.32,48,1,4
TKT-02972,472,6,2025-08-26 09:56:00,2025-08-26 15:17:00,Network,Slow Network,Critical,Resolved,Portal,5.35,4,0,2
TKT-02973,35,10,2025-12-29 08:43:00,2025-12-30 00:41:48,Network,VPN Connection,Medium,Resolved,Portal,15.98,24,1,4
TKT-02974,355,7,2026-08-13 16:54:00,2026-08-13 20:39:36,Software,Microsoft 365 Issue,High,Resolved,Portal,3.76,8,1,5
TKT-02975,23,10,2026-01-30 14:14:00,2026-01-30 17:15:48,Network,No Internet Access,High,Resolved,Phone,3.03,8,1,4
TKT-02976,275,10,2025-01-08 13:30:00,2025-01-08 15:48:00,Security,Malware Alert,Critical,Closed,Walk-up,2.30,4,1,4
TKT-02977,107,9,2025-09-05 10:51:00,2025-09-05 13:47:24,Software,Application Access,High,Resolved,Phone,2.94,8,1,4
TKT-02978,356,8,2025-05-13 12:25:00,2025-05-14 03:44:48,Software,Browser Issue,Low,Resolved,Portal,15.33,48,1,5
TKT-02979,268,6,2025-06-03 11:22:00,2025-06-04 03:13:36,Network,VPN Connection,Medium,Closed,Portal,15.86,24,1,4
TKT-02980,211,2,2025-12-24 16:56:00,2025-12-24 22:26:00,Network,No Internet Access,High,Resolved,Email,5.50,8,1,5
TKT-02981,63,6,2026-06-24 09:21:00,2026-06-24 22:27:00,Hardware,Docking Station,Medium,Resolved,Phone,13.10,24,1,5
TKT-02982,439,1,2026-03-04 08:46:00,2026-03-04 18:08:12,Printing,Print Queue Stuck,Medium,Closed,Phone,9.37,24,1,5
TKT-02983,460,6,2025-02-21 12:13:00,2025-02-23 06:02:12,Software,Software Installation,Medium,Closed,Email,41.82,24,0,2
TKT-02984,342,4,2025-01-14 19:03:00,2025-01-14 22:02:24,Software,Microsoft 365 Issue,Medium,Resolved,Portal,2.99,24,1,4
TKT-02985,66,5,2025-01-23 13:10:00,2025-01-24 11:39:24,Hardware,Monitor Issue,Medium,Resolved,Portal,22.49,24,1,4
TKT-02986,207,1,2025-10-17 11:40:00,2025-10-17 16:42:24,Network,VPN Connection,High,Closed,Email,5.04,8,1,5
TKT-02987,90,4,2026-02-11 13:26:00,2026-02-11 14:56:00,Account Access,Password Reset,Medium,Resolved,Portal,1.50,24,1,5
TKT-02988,391,2,2025-02-27 12:45:00,2025-02-27 19:47:24,Hardware,Docking Station,High,Resolved,Email,7.04,8,1,5
TKT-02989,243,9,2025-11-24 09:19:00,2025-11-24 12:17:12,Software,Software Installation,High,Resolved,Email,2.97,8,1,5
TKT-02990,189,9,2025-05-07 18:00:00,2025-05-08 08:30:00,Network,VPN Connection,Medium,Resolved,Portal,14.50,24,1,5
TKT-02991,4,10,2025-04-24 17:25:00,2025-04-24 19:22:36,Account Access,MFA Issue,High,Closed,Portal,1.96,8,1,4
TKT-02992,170,1,2025-09-01 13:55:00,2025-09-01 16:14:12,Network,No Internet Access,Critical,Closed,Email,2.32,4,1,4
TKT-02993,193,8,2025-07-08 17:07:00,2025-07-09 19:52:00,Software,Application Access,Medium,Resolved,Portal,26.75,24,0,1
TKT-02994,199,6,2025-05-22 19:27:00,2025-05-23 05:01:12,Software,Application Crash,Low,Closed,Phone,9.57,48,1,5
TKT-02995,364,11,2026-08-03 10:58:00,2026-08-03 23:11:12,Network,No Internet Access,Medium,Resolved,Portal,12.22,24,1,4
TKT-02996,398,7,2026-08-14 13:05:00,2026-08-14 15:56:36,Software,Application Crash,High,Resolved,Phone,2.86,8,1,4
TKT-02997,456,4,2026-08-12 08:12:00,2026-08-12 11:15:00,Account Access,Password Reset,Medium,Closed,Portal,3.05,24,1,5
TKT-02998,240,1,2026-04-15 10:37:00,2026-04-15 17:59:12,Account Access,Permissions Request,Low,Resolved,Portal,7.37,48,1,4
TKT-02999,317,1,2026-01-13 15:01:00,2026-01-13 18:31:00,Security,Lost/Stolen Device,High,Resolved,Portal,3.50,8,1,5
TKT-03000,397,9,2026-03-02 12:27:00,2026-03-02 12:51:36,Account Access,Password Reset,Medium,Resolved,Portal,0.41,24,1,5
TKT-03001,351,1,2025-11-13 09:56:00,2025-11-14 19:24:48,Security,Unauthorized Access Concern,Medium,Resolved,Email,33.48,24,0,3
TKT-03002,57,2,2026-02-18 11:44:00,2026-02-18 21:23:00,Account Access,MFA Issue,Low,Resolved,Portal,9.65,48,1,5
TKT-03003,42,10,2026-02-20 07:56:00,2026-02-20 09:57:48,Software,Application Crash,Critical,Resolved,Phone,2.03,4,1,5
TKT-03004,328,9,2025-03-12 09:48:00,2025-03-12 18:06:36,Network,VPN Connection,High,Resolved,Phone,8.31,8,0,1
TKT-03005,368,9,2025-07-09 13:02:00,2025-07-10 00:08:00,Printing,Printer Offline,Medium,Resolved,Phone,11.10,24,1,5
TKT-03006,489,12,2026-07-14 14:50:00,2026-07-15 08:26:36,Software,Browser Issue,Medium,Closed,Portal,17.61,24,1,4
TKT-03007,235,12,2025-03-20 09:03:00,2025-03-21 13:44:24,Hardware,Battery/Power,High,Resolved,Portal,28.69,8,0,4
TKT-03008,58,12,2025-11-20 13:45:00,2025-11-22 12:54:36,Software,Application Crash,Low,Resolved,Portal,47.16,48,1,5
TKT-03009,140,4,2026-07-03 13:36:00,2026-07-04 01:15:00,Hardware,Laptop Performance,Medium,Closed,Walk-up,11.65,24,1,5
TKT-03010,273,11,2025-04-04 10:48:00,2025-04-04 20:32:24,Software,Application Access,Medium,Resolved,Portal,9.74,24,1,3
TKT-03011,275,1,2026-05-11 18:28:00,2026-05-11 21:29:48,Security,Unauthorized Access Concern,Critical,Resolved,Phone,3.03,4,1,5
TKT-03012,374,8,2026-02-13 13:07:00,2026-02-14 06:04:00,Security,Lost/Stolen Device,Medium,Closed,Email,16.95,24,1,4
TKT-03013,339,8,2026-07-27 09:40:00,2026-07-28 03:13:00,Account Access,Permissions Request,Low,Resolved,Phone,17.55,48,1,5
TKT-03014,225,12,2025-08-29 19:05:00,2025-09-01 04:24:12,Software,Software Installation,Low,Resolved,Email,57.32,48,0,4
TKT-03015,204,10,2025-03-27 15:02:00,2025-03-27 18:02:00,Network,No Internet Access,Critical,Resolved,Email,3.00,4,1,5
TKT-03016,82,4,2026-08-07 12:20:00,2026-08-09 14:52:24,Software,Application Access,Low,Closed,Walk-up,50.54,48,0,3
TKT-03017,325,8,2025-10-24 09:48:00,2025-10-24 16:39:36,Security,Malware Alert,High,Resolved,Portal,6.86,8,1,4
TKT-03018,280,2,2025-08-12 15:03:00,2025-08-12 18:24:00,Software,Browser Issue,High,Resolved,Portal,3.35,8,1,4
TKT-03019,415,6,2025-06-27 14:00:00,2025-06-27 22:04:12,Software,Application Access,Critical,Resolved,Email,8.07,4,0,2
TKT-03020,391,7,2026-03-27 09:27:00,2026-03-27 16:40:12,Network,Slow Network,Medium,Closed,Portal,7.22,24,1,5
TKT-03021,80,3,2026-01-06 11:07:00,2026-01-06 17:19:36,Network,Wi-Fi Connectivity,Medium,Resolved,Portal,6.21,24,1,4
TKT-03022,222,6,2026-07-02 09:10:00,2026-07-02 13:35:48,Account Access,Locked Account,High,Resolved,Portal,4.43,8,1,5
TKT-03023,272,3,2026-07-24 16:29:00,2026-07-25 21:01:24,Software,Software Installation,Low,Resolved,Email,28.54,48,1,5
TKT-03024,116,11,2025-04-30 14:42:00,2025-05-01 14:22:12,Network,VPN Connection,High,Resolved,Email,23.67,8,0,1
TKT-03025,55,5,2025-05-29 15:38:00,2025-05-30 02:24:48,Account Access,Password Reset,Low,Resolved,Portal,10.78,48,1,4
TKT-03026,87,4,2025-07-28 14:43:00,2025-07-30 12:34:00,Network,VPN Connection,Medium,Resolved,Portal,45.85,24,0,3
TKT-03027,100,5,2026-06-19 14:40:00,2026-06-19 21:08:12,Security,Unauthorized Access Concern,High,Resolved,Portal,6.47,8,1,4
TKT-03028,297,4,2025-12-30 14:57:00,2025-12-31 22:54:00,Software,Application Crash,Medium,Resolved,Walk-up,31.95,24,0,3
TKT-03029,266,10,2025-08-26 14:33:00,2025-08-26 20:26:24,Printing,Printer Offline,Medium,Resolved,Email,5.89,24,1,4
TKT-03030,294,6,2025-01-08 09:59:00,2025-01-10 05:14:00,Security,Suspicious Email,Medium,Resolved,Email,43.25,24,0,1
TKT-03031,469,12,2025-02-25 15:54:00,2025-02-26 05:39:00,Hardware,Laptop Won't Start,Medium,Resolved,Email,13.75,24,1,5
TKT-03032,346,9,2025-10-23 07:16:00,2025-10-23 14:34:36,Printing,Printer Permissions,Medium,Resolved,Walk-up,7.31,24,1,4
TKT-03033,432,12,2026-01-14 14:32:00,2026-01-16 01:09:48,Software,Application Crash,Medium,Closed,Portal,34.63,24,0,1
TKT-03034,445,6,2026-04-02 08:36:00,2026-04-02 23:39:36,Network,Wi-Fi Connectivity,High,Resolved,Portal,15.06,8,0,2
TKT-03035,382,11,2026-07-14 11:44:00,2026-07-17 21:34:24,Network,No Internet Access,Low,Resolved,Portal,81.84,48,0,1
TKT-03036,95,7,2025-07-04 15:52:00,2025-07-04 19:37:00,Account Access,Password Reset,Medium,Resolved,Portal,3.75,24,1,5
TKT-03037,157,8,2025-02-27 16:45:00,2025-02-27 18:39:00,Software,Application Access,Critical,Resolved,Email,1.90,4,1,4
TKT-03038,162,4,2025-12-01 12:40:00,2025-12-01 15:43:36,Software,Microsoft 365 Issue,Medium,Resolved,Portal,3.06,24,1,5
TKT-03039,250,11,2025-02-18 13:49:00,2025-02-19 16:25:36,Network,VPN Connection,High,Resolved,Email,26.61,8,0,2
TKT-03040,35,8,2025-04-25 14:38:00,2025-04-25 16:38:00,Account Access,Password Reset,Medium,Resolved,Email,2.00,24,1,4
TKT-03041,249,9,2026-04-10 16:29:00,2026-04-10 20:08:00,Security,Suspicious Email,High,Closed,Email,3.65,8,1,4
TKT-03042,353,5,2025-12-15 09:47:00,2025-12-15 13:12:12,Software,Application Crash,Medium,Closed,Email,3.42,24,1,4
TKT-03043,43,2,2025-07-30 15:53:00,2025-08-01 21:30:12,Network,VPN Connection,Medium,Resolved,Walk-up,53.62,24,0,2
TKT-03044,99,9,2025-06-12 18:25:00,2025-06-13 12:58:36,Hardware,Laptop Performance,High,Resolved,Portal,18.56,8,0,2
TKT-03045,400,12,2025-03-14 08:13:00,2025-03-14 21:10:00,Software,Application Access,Low,Closed,Portal,12.95,48,1,5
TKT-03046,101,7,2026-01-15 14:22:00,2026-01-17 16:44:48,Network,Wi-Fi Connectivity,Medium,Resolved,Portal,50.38,24,0,3
TKT-03047,208,5,2025-12-23 16:59:00,2025-12-23 20:48:48,Network,No Internet Access,High,Closed,Walk-up,3.83,8,1,5
TKT-03048,49,6,2026-05-06 10:38:00,2026-05-06 21:18:12,Security,Malware Alert,Medium,Resolved,Walk-up,10.67,24,1,3
TKT-03049,346,5,2025-09-10 12:37:00,2025-09-11 10:15:24,Network,Slow Network,Medium,Resolved,Phone,21.64,24,1,4
TKT-03050,468,1,2026-05-19 13:30:00,2026-05-19 18:11:24,Security,Phishing Report,High,Closed,Portal,4.69,8,1,5
TKT-03051,130,6,2026-08-27 13:33:00,2026-08-27 16:40:48,Account Access,Locked Account,High,Closed,Portal,3.13,8,1,4
TKT-03052,180,6,2025-04-22 10:34:00,2025-04-22 15:46:36,Software,Software Installation,Medium,Resolved,Phone,5.21,24,1,4
TKT-03053,254,11,2025-12-04 16:10:00,2025-12-04 19:44:48,Software,Microsoft 365 Issue,High,Resolved,Email,3.58,8,1,5
TKT-03054,39,1,2026-06-12 08:45:00,2026-06-12 18:55:48,Security,Phishing Report,High,Resolved,Email,10.18,8,0,2
TKT-03055,408,12,2025-02-04 09:32:00,2025-02-04 16:39:48,Network,No Internet Access,Medium,Closed,Walk-up,7.13,24,1,5
TKT-03056,56,4,2025-09-25 12:47:00,2025-09-26 06:29:00,Network,No Internet Access,High,Resolved,Phone,17.70,8,0,3
TKT-03057,12,3,2025-01-15 18:00:00,2025-01-16 02:46:12,Printing,Print Queue Stuck,Medium,Resolved,Portal,8.77,24,1,3
TKT-03058,101,2,2026-02-04 08:27:00,2026-02-04 11:55:48,Account Access,Locked Account,Medium,Resolved,Email,3.48,24,1,4
TKT-03059,41,1,2025-08-20 09:26:00,2025-08-20 18:26:00,Network,No Internet Access,High,Resolved,Portal,9.00,8,0,2
TKT-03060,470,10,2025-05-05 11:32:00,2025-05-08 17:48:48,Hardware,Laptop Won't Start,Low,Closed,Email,78.28,48,0,4
TKT-03061,432,11,2025-12-15 16:58:00,2025-12-15 19:25:00,Account Access,MFA Issue,High,Resolved,Phone,2.45,8,1,5
TKT-03062,395,8,2026-06-03 10:37:00,2026-06-04 10:02:12,Account Access,Locked Account,Medium,Resolved,Walk-up,23.42,24,1,3
TKT-03063,339,11,2025-12-17 15:46:00,2025-12-18 12:48:24,Software,Microsoft 365 Issue,Low,Resolved,Portal,21.04,48,1,4
TKT-03064,259,10,2025-12-22 14:00:00,2025-12-23 22:03:36,Software,Microsoft 365 Issue,Medium,Resolved,Email,32.06,24,0,3
TKT-03065,302,11,2026-01-07 14:13:00,2026-01-08 03:59:12,Hardware,Laptop Performance,Low,Closed,Portal,13.77,48,1,3
TKT-03066,364,4,2025-07-23 09:50:00,2025-07-23 23:06:48,Hardware,Keyboard/Mouse,Low,Resolved,Portal,13.28,48,1,5
TKT-03067,70,9,2025-06-23 11:50:00,2025-06-23 16:39:12,Account Access,Locked Account,Medium,Resolved,Portal,4.82,24,1,4
TKT-03068,287,2,2026-08-13 18:29:00,2026-08-15 07:29:36,Printing,Printer Offline,Low,Closed,Phone,37.01,48,1,4
TKT-03069,291,11,2025-09-09 09:45:00,2025-09-09 13:57:36,Hardware,Laptop Won't Start,High,Resolved,Portal,4.21,8,1,4
TKT-03070,225,11,2025-04-04 10:03:00,2025-04-04 13:14:24,Software,Browser Issue,High,Resolved,Portal,3.19,8,1,3
TKT-03071,260,7,2025-11-07 09:57:00,2025-11-07 23:37:12,Security,Suspicious Email,Medium,Closed,Email,13.67,24,1,3
TKT-03072,42,11,2026-02-13 12:21:00,2026-02-13 16:40:48,Network,Wi-Fi Connectivity,Critical,Resolved,Email,4.33,4,0,2
TKT-03073,258,3,2026-08-25 14:55:00,2026-08-25 23:07:00,Hardware,Monitor Issue,Medium,Closed,Walk-up,8.20,24,1,4
TKT-03074,441,9,2025-11-18 12:41:00,2025-11-18 14:38:00,Account Access,Password Reset,Medium,Resolved,Portal,1.95,24,1,5
TKT-03075,382,7,2025-10-27 19:30:00,2025-10-28 02:59:24,Printing,Printer Offline,Medium,Resolved,Email,7.49,24,1,4
TKT-03076,348,3,2025-02-21 17:51:00,2025-02-22 14:21:36,Software,Application Crash,Low,Resolved,Portal,20.51,48,1,4
TKT-03077,399,1,2025-10-01 18:31:00,2025-10-04 11:10:36,Network,Wi-Fi Connectivity,Medium,Resolved,Portal,64.66,24,0,3
TKT-03078,266,10,2025-05-16 13:31:00,2025-05-16 14:29:12,Security,Phishing Report,Critical,Resolved,Portal,0.97,4,1,5
TKT-03079,468,3,2025-12-04 13:56:00,2025-12-04 15:45:48,Account Access,Locked Account,High,Resolved,Walk-up,1.83,8,1,3
TKT-03080,263,2,2026-04-14 12:49:00,2026-04-14 17:54:24,Account Access,MFA Issue,Medium,Resolved,Email,5.09,24,1,4
TKT-03081,28,6,2026-02-27 11:54:00,2026-02-27 18:09:36,Printing,Print Queue Stuck,Low,Resolved,Portal,6.26,48,1,3
TKT-03082,428,9,2025-05-27 15:46:00,2025-05-28 04:34:00,Security,Suspicious Email,Medium,Resolved,Email,12.80,24,1,5
TKT-03083,133,2,2025-03-26 13:46:00,2025-03-28 09:59:48,Network,Wi-Fi Connectivity,Medium,Resolved,Portal,44.23,24,0,2
TKT-03084,284,7,2025-02-05 08:04:00,2025-02-05 14:53:48,Account Access,Locked Account,High,Resolved,Portal,6.83,8,1,5
TKT-03085,100,9,2025-09-24 10:09:00,2025-09-25 21:33:00,Software,Software Installation,Medium,Resolved,Walk-up,35.40,24,0,1
TKT-03086,489,11,2025-06-02 17:14:00,2025-06-04 03:21:48,Hardware,Keyboard/Mouse,Medium,Closed,Email,34.13,24,0,2
TKT-03087,115,4,2026-07-13 10:10:00,2026-07-14 17:56:48,Software,Application Crash,Low,Closed,Email,31.78,48,1,4
TKT-03088,128,2,2026-05-25 11:31:00,2026-05-25 14:09:24,Account Access,Password Reset,Medium,Resolved,Email,2.64,24,1,3
TKT-03089,39,11,2025-12-02 17:16:00,2025-12-03 08:59:48,Hardware,Laptop Performance,Low,Resolved,Email,15.73,48,1,4
TKT-03090,336,11,2026-03-24 11:10:00,2026-03-25 05:53:12,Printing,Printer Permissions,Medium,Resolved,Portal,18.72,24,1,5
TKT-03091,309,2,2025-10-13 10:26:00,2025-10-13 15:04:24,Account Access,Password Reset,Medium,Resolved,Phone,4.64,24,1,4
TKT-03092,222,5,2026-07-13 10:40:00,2026-07-14 02:38:48,Software,Application Crash,Medium,Resolved,Email,15.98,24,1,4
TKT-03093,27,7,2026-07-06 19:09:00,2026-07-07 22:34:48,Hardware,Laptop Performance,Medium,Resolved,Portal,27.43,24,0,2
TKT-03094,410,12,2026-04-02 11:57:00,2026-04-03 12:06:00,Hardware,Laptop Won't Start,Medium,Closed,Email,24.15,24,0,2
TKT-03095,144,10,2025-01-15 15:57:00,2025-01-17 04:26:24,Network,VPN Connection,Medium,Resolved,Portal,36.49,24,0,1
TKT-03096,157,10,2025-03-24 17:44:00,2025-03-26 11:42:48,Software,Application Crash,Medium,Resolved,Portal,41.98,24,0,3
TKT-03097,359,1,2025-10-08 15:51:00,2025-10-08 23:54:00,Network,VPN Connection,Medium,Resolved,Walk-up,8.05,24,1,5
TKT-03098,70,9,2025-10-30 09:59:00,2025-10-30 16:07:24,Network,Wi-Fi Connectivity,Medium,Closed,Phone,6.14,24,1,5
TKT-03099,185,3,2026-03-26 13:30:00,2026-03-26 15:51:36,Security,Phishing Report,Medium,Resolved,Email,2.36,24,1,5
TKT-03100,96,12,2025-02-19 10:47:00,2025-02-21 07:30:48,Hardware,Battery/Power,Low,Resolved,Portal,44.73,48,1,5
TKT-03101,492,8,2025-09-16 16:00:00,2025-09-17 00:22:12,Hardware,Monitor Issue,Low,Resolved,Portal,8.37,48,1,5
TKT-03102,402,6,2026-06-18 16:06:00,2026-06-18 22:09:00,Account Access,Locked Account,Medium,Resolved,Email,6.05,24,1,4
TKT-03103,24,6,2026-01-30 08:22:00,2026-01-30 11:21:24,Account Access,MFA Issue,Medium,Resolved,Portal,2.99,24,1,5
TKT-03104,453,1,2026-06-22 10:51:00,2026-06-22 12:24:00,Security,Phishing Report,High,Resolved,Portal,1.55,8,1,4
TKT-03105,427,6,2025-12-17 16:46:00,2025-12-17 19:29:12,Network,Wi-Fi Connectivity,High,Resolved,Portal,2.72,8,1,5
TKT-03106,500,3,2025-05-21 15:09:00,2025-05-22 01:30:36,Account Access,Locked Account,Medium,Resolved,Portal,10.36,24,1,4
TKT-03107,348,2,2026-07-23 16:06:00,2026-07-24 18:55:12,Network,Slow Network,Medium,Resolved,Email,26.82,24,0,4
TKT-03108,425,1,2025-11-12 12:52:00,2025-11-12 16:42:24,Network,Wi-Fi Connectivity,High,Resolved,Phone,3.84,8,1,4
TKT-03109,3,3,2026-08-19 18:29:00,2026-08-19 20:14:00,Network,No Internet Access,High,Resolved,Portal,1.75,8,1,4
TKT-03110,54,7,2026-06-19 16:35:00,2026-06-19 22:06:48,Account Access,MFA Issue,Medium,Resolved,Portal,5.53,24,1,5
TKT-03111,422,12,2025-05-14 08:21:00,2025-05-15 05:07:12,Hardware,Laptop Performance,High,Closed,Email,20.77,8,0,2
TKT-03112,124,1,2026-07-09 15:11:00,2026-07-11 09:50:36,Network,VPN Connection,Medium,Resolved,Portal,42.66,24,0,2
TKT-03113,385,12,2026-07-22 16:23:00,2026-07-23 06:44:00,Printing,Print Queue Stuck,Low,Closed,Portal,14.35,48,1,5
TKT-03114,18,5,2026-03-26 11:06:00,2026-03-26 14:04:48,Account Access,Password Reset,Medium,Resolved,Portal,2.98,24,1,5
TKT-03115,148,5,2025-09-26 09:58:00,2025-09-26 12:41:12,Security,Phishing Report,Medium,Closed,Phone,2.72,24,1,3
TKT-03116,374,2,2026-06-08 14:16:00,2026-06-09 08:40:36,Hardware,Keyboard/Mouse,Medium,Resolved,Walk-up,18.41,24,1,4
TKT-03117,239,5,2025-11-11 08:57:00,2025-11-11 17:33:00,Printing,Driver Issue,Medium,Resolved,Portal,8.60,24,1,4
TKT-03118,373,5,2025-04-10 18:05:00,2025-04-11 10:09:48,Hardware,Keyboard/Mouse,Low,Resolved,Phone,16.08,48,1,5
TKT-03119,392,11,2026-02-10 13:05:00,2026-02-10 22:24:12,Hardware,Laptop Won't Start,Medium,Resolved,Portal,9.32,24,1,4
TKT-03120,97,4,2026-06-03 12:34:00,2026-06-03 15:49:36,Account Access,Password Reset,Medium,Closed,Portal,3.26,24,1,5
TKT-03121,164,10,2025-08-14 10:57:00,2025-08-14 14:13:48,Account Access,Password Reset,Medium,Resolved,Portal,3.28,24,1,5
TKT-03122,39,11,2026-03-11 17:46:00,2026-03-11 20:26:48,Printing,Print Queue Stuck,High,Closed,Email,2.68,8,1,4
TKT-03123,489,4,2026-08-11 12:46:00,2026-08-13 17:05:48,Software,Application Access,Medium,Resolved,Portal,52.33,24,0,2
TKT-03124,196,4,2025-06-27 17:57:00,2025-06-28 16:20:24,Network,VPN Connection,High,Resolved,Email,22.39,8,0,1
TKT-03125,336,7,2026-06-19 16:45:00,2026-06-19 20:22:12,Account Access,Password Reset,Medium,Resolved,Email,3.62,24,1,5
TKT-03126,84,8,2025-10-09 11:33:00,2025-10-09 18:24:36,Account Access,Permissions Request,Medium,Resolved,Portal,6.86,24,1,5
TKT-03127,212,9,2025-11-03 13:19:00,2025-11-03 14:46:00,Software,Microsoft 365 Issue,High,Resolved,Portal,1.45,8,1,5
TKT-03128,18,10,2025-09-15 17:53:00,2025-09-15 21:54:48,Printing,Driver Issue,Low,Closed,Email,4.03,48,1,5
TKT-03129,498,8,2025-01-07 11:42:00,2025-01-07 12:36:00,Software,Microsoft 365 Issue,Critical,Resolved,Portal,0.90,4,1,4
TKT-03130,266,10,2026-07-14 11:36:00,2026-07-14 18:06:00,Printing,Print Queue Stuck,Medium,Resolved,Phone,6.50,24,1,5
TKT-03131,341,1,2025-08-06 11:04:00,2025-08-06 19:48:24,Account Access,Locked Account,Medium,Closed,Portal,8.74,24,1,5
TKT-03132,68,9,2026-01-15 11:23:00,2026-01-15 13:35:36,Account Access,Password Reset,Medium,Resolved,Email,2.21,24,1,4
TKT-03133,450,12,2026-04-28 09:26:00,2026-04-28 22:15:48,Hardware,Battery/Power,Medium,Resolved,Portal,12.83,24,1,5
TKT-03134,379,8,2025-01-17 10:33:00,2025-01-17 17:11:24,Account Access,Locked Account,Medium,Closed,Email,6.64,24,1,3
TKT-03135,470,6,2025-01-22 08:25:00,2025-01-23 00:08:12,Network,VPN Connection,High,Closed,Portal,15.72,8,0,1
TKT-03136,288,2,2026-06-01 13:37:00,2026-06-01 15:16:00,Account Access,Password Reset,Medium,Resolved,Email,1.65,24,1,3
TKT-03137,396,2,2025-11-18 09:45:00,2025-11-19 01:04:48,Printing,Printer Offline,Low,Resolved,Phone,15.33,48,1,5
TKT-03138,417,7,2025-05-16 14:23:00,2025-05-16 17:46:24,Network,VPN Connection,High,Resolved,Email,3.39,8,1,5
TKT-03139,156,6,2026-06-01 13:46:00,2026-06-02 01:08:48,Account Access,Locked Account,Medium,Closed,Portal,11.38,24,1,4
TKT-03140,318,1,2025-10-21 13:31:00,2025-10-21 18:08:12,Account Access,Locked Account,Medium,Resolved,Email,4.62,24,1,5
TKT-03141,11,4,2026-02-12 12:53:00,2026-02-12 22:40:24,Software,Microsoft 365 Issue,High,Closed,Walk-up,9.79,8,0,1
TKT-03142,302,1,2026-03-05 08:51:00,2026-03-05 12:36:00,Account Access,Password Reset,Medium,Resolved,Walk-up,3.75,24,1,5
TKT-03143,453,1,2026-02-09 15:23:00,2026-02-09 21:30:48,Account Access,MFA Issue,Medium,Resolved,Portal,6.13,24,1,5
TKT-03144,182,12,2026-08-24 14:20:00,2026-08-24 22:36:48,Software,Application Crash,Medium,Resolved,Portal,8.28,24,1,5
TKT-03145,117,3,2026-08-03 18:51:00,2026-08-04 02:42:36,Network,VPN Connection,High,Resolved,Email,7.86,8,1,4
TKT-03146,110,7,2025-09-23 16:09:00,2025-09-24 05:54:36,Software,Software Installation,Medium,Resolved,Email,13.76,24,1,5
TKT-03147,329,8,2025-09-09 13:19:00,2025-09-09 17:27:24,Account Access,Permissions Request,High,Resolved,Portal,4.14,8,1,4
TKT-03148,58,11,2026-08-06 16:44:00,2026-08-06 18:56:36,Network,Slow Network,High,Resolved,Email,2.21,8,1,4
TKT-03149,128,11,2025-10-10 09:24:00,2025-10-10 14:25:48,Network,VPN Connection,High,Resolved,Portal,5.03,8,1,5
TKT-03150,142,4,2025-06-09 11:37:00,2025-06-09 12:59:12,Account Access,Password Reset,Medium,Resolved,Phone,1.37,24,1,5
TKT-03151,118,4,2025-11-14 19:58:00,2025-11-15 02:34:36,Software,Browser Issue,Medium,Resolved,Email,6.61,24,1,5
TKT-03152,187,3,2026-08-11 12:07:00,2026-08-12 05:33:24,Software,Application Crash,Medium,Resolved,Portal,17.44,24,1,5
TKT-03153,154,6,2026-01-09 16:35:00,2026-01-11 06:32:36,Hardware,Laptop Performance,Medium,Resolved,Email,37.96,24,0,2
TKT-03154,56,3,2025-06-13 13:00:00,2025-06-14 08:48:00,Network,VPN Connection,High,Closed,Portal,19.80,8,0,3
TKT-03155,134,7,2025-09-23 14:08:00,2025-09-24 21:30:12,Network,Wi-Fi Connectivity,Medium,Resolved,Email,31.37,24,0,2
TKT-03156,468,2,2025-07-11 16:09:00,2025-07-12 10:40:48,Printing,Driver Issue,Medium,Resolved,Walk-up,18.53,24,1,5
TKT-03157,383,3,2026-05-06 13:07:00,2026-05-06 14:38:12,Security,Suspicious Email,High,Closed,Portal,1.52,8,1,5
TKT-03158,267,10,2026-08-19 12:47:00,2026-08-20 12:21:48,Hardware,Laptop Performance,Low,Resolved,Portal,23.58,48,1,5
TKT-03159,61,8,2025-12-26 09:15:00,2025-12-26 17:01:48,Security,Malware Alert,High,Resolved,Walk-up,7.78,8,1,4
TKT-03160,199,12,2025-03-31 14:16:00,2025-04-01 02:18:24,Network,VPN Connection,High,Resolved,Email,12.04,8,0,2
TKT-03161,145,1,2025-08-11 10:58:00,2025-08-11 15:08:12,Account Access,Password Reset,Low,Resolved,Email,4.17,48,1,4
TKT-03162,266,11,2025-12-16 16:52:00,2025-12-19 06:29:12,Software,Software Installation,Low,Resolved,Portal,61.62,48,0,3
TKT-03163,216,4,2025-10-21 11:59:00,2025-10-21 13:16:24,Account Access,Password Reset,Medium,Resolved,Walk-up,1.29,24,1,4
TKT-03164,408,5,2026-02-25 10:48:00,2026-02-26 01:42:00,Hardware,Battery/Power,Medium,Resolved,Walk-up,14.90,24,1,5
TKT-03165,17,6,2026-07-17 19:41:00,2026-07-18 05:45:48,Account Access,Locked Account,Medium,Resolved,Portal,10.08,24,1,5
TKT-03166,100,10,2026-04-24 14:59:00,2026-04-25 02:58:24,Security,Phishing Report,Medium,Resolved,Portal,11.99,24,1,5
TKT-03167,184,12,2026-04-03 08:50:00,2026-04-03 11:08:36,Security,Lost/Stolen Device,High,Closed,Portal,2.31,8,1,4
TKT-03168,325,5,2025-04-21 12:00:00,2025-04-21 14:00:00,Account Access,Permissions Request,Medium,Resolved,Phone,2.00,24,1,5
TKT-03169,155,1,2026-01-07 16:42:00,2026-01-08 03:23:24,Account Access,Locked Account,Medium,Resolved,Email,10.69,24,1,5
TKT-03170,176,8,2025-08-04 15:32:00,2025-08-04 17:27:48,Printing,Driver Issue,High,Resolved,Email,1.93,8,1,3
TKT-03171,375,12,2025-09-12 10:01:00,2025-09-12 18:04:36,Hardware,Battery/Power,High,Resolved,Portal,8.06,8,0,2
TKT-03172,110,1,2026-03-10 13:14:00,2026-03-10 15:25:24,Security,Unauthorized Access Concern,Critical,Resolved,Phone,2.19,4,1,5
TKT-03173,132,11,2025-07-25 18:52:00,2025-07-25 21:17:12,Software,Application Access,High,Resolved,Phone,2.42,8,1,4
TKT-03174,188,6,2025-10-01 12:17:00,2025-10-02 23:39:12,Software,Application Crash,Medium,Resolved,Walk-up,35.37,24,0,2
TKT-03175,403,2,2025-07-29 17:54:00,2025-07-29 18:38:24,Account Access,Password Reset,Medium,Resolved,Email,0.74,24,1,5
TKT-03176,239,7,2025-11-04 10:33:00,2025-11-04 12:47:24,Security,Suspicious Email,Medium,Closed,Email,2.24,24,1,5
TKT-03177,368,7,2025-11-20 10:06:00,2025-11-21 00:30:00,Software,Browser Issue,Low,Resolved,Email,14.40,48,1,3
TKT-03178,322,2,2025-04-10 14:37:00,2025-04-10 18:00:24,Software,Microsoft 365 Issue,High,Resolved,Portal,3.39,8,1,5
TKT-03179,100,7,2026-06-25 12:04:00,2026-06-26 04:21:24,Software,Browser Issue,Medium,Resolved,Portal,16.29,24,1,4
TKT-03180,322,4,2025-05-14 13:34:00,2025-05-14 17:10:36,Software,Microsoft 365 Issue,High,Closed,Walk-up,3.61,8,1,5
TKT-03181,452,1,2025-10-27 17:16:00,2025-10-28 00:08:12,Software,Application Crash,Medium,Closed,Portal,6.87,24,1,4
TKT-03182,473,12,2026-03-23 10:51:00,2026-03-23 14:05:24,Printing,Printer Offline,Medium,Resolved,Portal,3.24,24,1,5
TKT-03183,469,4,2025-07-29 13:46:00,2025-07-29 21:10:00,Software,Software Installation,Medium,Resolved,Portal,7.40,24,1,5
TKT-03184,358,1,2026-01-23 15:37:00,2026-01-23 21:08:48,Software,Application Access,Medium,Closed,Email,5.53,24,1,5
TKT-03185,219,8,2026-03-11 12:14:00,2026-03-11 13:47:36,Account Access,Password Reset,High,Resolved,Portal,1.56,8,1,4
TKT-03186,304,9,2026-05-29 11:53:00,2026-05-31 15:14:00,Network,VPN Connection,Medium,Closed,Portal,51.35,24,0,3
TKT-03187,305,3,2025-06-03 13:38:00,2025-06-03 15:16:24,Network,Slow Network,Critical,Closed,Email,1.64,4,1,5
TKT-03188,225,5,2025-01-29 13:40:00,2025-01-29 14:58:00,Account Access,Password Reset,High,Resolved,Email,1.30,8,1,3
TKT-03189,241,2,2025-06-12 13:00:00,2025-06-14 19:16:12,Software,Application Access,Medium,Resolved,Walk-up,54.27,24,0,1
TKT-03190,334,10,2025-04-08 07:43:00,2025-04-08 09:23:12,Account Access,MFA Issue,High,Resolved,Portal,1.67,8,1,5
TKT-03191,477,10,2026-04-03 16:58:00,2026-04-03 21:10:00,Account Access,Password Reset,Medium,Resolved,Portal,4.20,24,1,5
TKT-03192,303,3,2025-05-15 09:12:00,2025-05-15 14:43:48,Software,Application Crash,Medium,Resolved,Email,5.53,24,1,5
TKT-03193,39,8,2025-12-08 09:23:00,2025-12-08 14:41:00,Security,Suspicious Email,Critical,Resolved,Walk-up,5.30,4,0,2
TKT-03194,206,4,2026-04-22 10:45:00,2026-04-22 17:34:12,Software,Software Installation,Medium,Resolved,Email,6.82,24,1,5
TKT-03195,232,10,2026-01-09 11:51:00,2026-01-10 03:06:00,Hardware,Keyboard/Mouse,High,Resolved,Phone,15.25,8,0,3
TKT-03196,284,8,2026-07-15 11:36:00,2026-07-15 23:41:24,Account Access,MFA Issue,Medium,Resolved,Email,12.09,24,1,4
TKT-03197,141,2,2025-12-29 11:44:00,2025-12-30 00:48:12,Software,Application Access,High,Resolved,Portal,13.07,8,0,3
TKT-03198,164,3,2025-03-10 13:22:00,2025-03-11 07:47:12,Network,VPN Connection,High,Resolved,Portal,18.42,8,0,2
TKT-03199,158,4,2025-01-27 12:15:00,2025-01-27 13:42:00,Account Access,Password Reset,Medium,Closed,Phone,1.45,24,1,5
TKT-03200,7,2,2026-08-14 17:00:00,2026-08-15 01:46:12,Network,VPN Connection,High,Resolved,Email,8.77,8,0,4
TKT-03201,420,4,2025-06-25 17:00:00,2025-06-27 14:42:00,Printing,Print Queue Stuck,Medium,Resolved,Portal,45.70,24,0,2
TKT-03202,206,4,2026-05-29 15:13:00,2026-05-29 16:31:00,Security,Suspicious Email,Critical,Resolved,Email,1.30,4,1,4
TKT-03203,21,2,2026-06-04 16:32:00,2026-06-06 23:32:00,Software,Application Access,Medium,Resolved,Email,55.00,24,0,2
TKT-03204,419,12,2025-05-01 12:41:00,2025-05-01 19:08:36,Security,Unauthorized Access Concern,High,Resolved,Email,6.46,8,1,4
TKT-03205,346,12,2025-08-25 17:32:00,2025-08-25 20:34:24,Account Access,Password Reset,Medium,Resolved,Email,3.04,24,1,5
TKT-03206,414,5,2026-03-03 09:34:00,2026-03-04 03:33:24,Security,Suspicious Email,High,Closed,Portal,17.99,8,0,1
TKT-03207,332,2,2025-07-08 09:46:00,2025-07-10 07:37:36,Software,Application Access,Medium,Resolved,Portal,45.86,24,0,3
TKT-03208,315,3,2025-10-02 12:02:00,2025-10-02 13:08:00,Account Access,Password Reset,Medium,Resolved,Phone,1.10,24,1,3
TKT-03209,114,10,2025-11-21 12:52:00,2025-11-22 02:10:36,Account Access,Locked Account,Medium,Resolved,Phone,13.31,24,1,4
TKT-03210,258,6,2026-01-08 10:28:00,2026-01-08 14:18:24,Security,Phishing Report,Medium,Resolved,Portal,3.84,24,1,5
TKT-03211,318,3,2025-12-22 09:15:00,2025-12-22 12:01:48,Software,Microsoft 365 Issue,High,Resolved,Walk-up,2.78,8,1,4
TKT-03212,288,1,2026-06-25 11:51:00,2026-06-25 17:39:00,Software,Software Installation,Medium,Resolved,Email,5.80,24,1,3
TKT-03213,211,6,2026-05-25 14:57:00,2026-05-25 17:36:36,Account Access,Locked Account,High,Resolved,Email,2.66,8,1,3
TKT-03214,400,6,2026-01-06 16:38:00,2026-01-06 19:13:24,Software,Software Installation,Medium,Closed,Phone,2.59,24,1,5
TKT-03215,170,3,2025-12-17 09:36:00,2025-12-17 21:12:36,Network,No Internet Access,High,Closed,Email,11.61,8,0,2
TKT-03216,394,10,2026-01-28 09:16:00,2026-01-29 13:38:48,Software,Application Crash,Low,Resolved,Portal,28.38,48,1,3
TKT-03217,411,8,2026-01-06 13:33:00,2026-01-07 08:27:36,Account Access,MFA Issue,High,Closed,Portal,18.91,8,0,3
TKT-03218,15,9,2025-07-22 14:26:00,2025-07-22 15:08:36,Account Access,MFA Issue,High,Resolved,Walk-up,0.71,8,1,4
TKT-03219,45,7,2025-09-02 16:20:00,2025-09-04 13:46:24,Network,Wi-Fi Connectivity,Low,Resolved,Email,45.44,48,1,5
TKT-03220,1,2,2025-02-10 07:41:00,2025-02-11 18:48:48,Account Access,Permissions Request,Medium,Closed,Portal,35.13,24,0,2
TKT-03221,396,1,2026-05-06 14:22:00,2026-05-06 21:43:36,Software,Microsoft 365 Issue,Medium,Closed,Walk-up,7.36,24,1,4
TKT-03222,445,11,2026-02-10 15:24:00,2026-02-11 01:58:12,Account Access,Permissions Request,Medium,Closed,Portal,10.57,24,1,5
TKT-03223,198,2,2025-05-01 16:25:00,2025-05-02 03:38:48,Hardware,Laptop Performance,Medium,Resolved,Portal,11.23,24,1,5
TKT-03224,489,5,2026-04-01 10:54:00,2026-04-02 17:33:36,Printing,Print Queue Stuck,Medium,Closed,Email,30.66,24,0,1
TKT-03225,262,1,2025-02-17 12:51:00,2025-02-18 11:50:24,Hardware,Laptop Performance,Medium,Resolved,Email,22.99,24,1,5
TKT-03226,378,12,2026-06-30 19:35:00,2026-07-01 02:34:24,Software,Software Installation,Medium,Resolved,Phone,6.99,24,1,5
TKT-03227,338,2,2026-06-18 08:41:00,2026-06-18 17:25:24,Network,DNS Resolution,High,Closed,Portal,8.74,8,0,1
TKT-03228,66,7,2025-06-12 14:42:00,2025-06-13 02:33:00,Network,VPN Connection,High,Closed,Portal,11.85,8,0,1
TKT-03229,182,4,2025-09-18 14:21:00,2025-09-18 17:10:48,Hardware,Keyboard/Mouse,High,Resolved,Email,2.83,8,1,5
TKT-03230,389,8,2025-04-17 12:31:00,2025-04-17 18:53:12,Security,Phishing Report,High,Closed,Email,6.37,8,1,4
TKT-03231,164,2,2025-10-21 13:33:00,2025-10-21 23:39:00,Hardware,Laptop Performance,Low,Resolved,Phone,10.10,48,1,5
TKT-03232,397,4,2025-04-22 16:41:00,2025-04-22 20:21:48,Hardware,Monitor Issue,High,Closed,Email,3.68,8,1,4
TKT-03233,38,2,2025-06-23 10:32:00,2025-06-23 13:03:12,Account Access,Password Reset,Low,Resolved,Email,2.52,48,1,5
TKT-03234,423,12,2026-08-10 10:01:00,2026-08-11 20:16:36,Network,No Internet Access,Medium,Resolved,Portal,34.26,24,0,3
TKT-03235,176,6,2026-06-01 12:58:00,2026-06-02 05:44:48,Software,Software Installation,Medium,Closed,Walk-up,16.78,24,1,4
TKT-03236,66,3,2026-06-19 16:58:00,2026-06-20 05:37:00,Network,DNS Resolution,Medium,Closed,Portal,12.65,24,1,4
TKT-03237,2,1,2025-06-10 17:06:00,2025-06-11 09:00:36,Network,VPN Connection,Medium,Resolved,Portal,15.91,24,1,5
TKT-03238,205,9,2025-11-11 18:24:00,2025-11-11 21:00:00,Network,Wi-Fi Connectivity,High,Resolved,Email,2.60,8,1,4
TKT-03239,401,9,2026-02-03 12:39:00,2026-02-04 04:42:00,Network,VPN Connection,High,Resolved,Portal,16.05,8,0,2
TKT-03240,141,10,2025-10-15 17:12:00,2025-10-16 11:25:48,Hardware,Battery/Power,Medium,Resolved,Portal,18.23,24,1,3
TKT-03241,359,9,2025-02-18 11:35:00,2025-02-18 17:28:24,Software,Microsoft 365 Issue,High,Closed,Portal,5.89,8,1,4
TKT-03242,272,10,2025-06-09 13:33:00,2025-06-09 17:21:36,Network,Wi-Fi Connectivity,High,Resolved,Phone,3.81,8,1,5
TKT-03243,203,2,2025-07-29 14:30:00,2025-07-30 03:42:36,Hardware,Docking Station,Medium,Resolved,Phone,13.21,24,1,5
TKT-03244,495,1,2025-11-04 09:32:00,2025-11-04 17:28:24,Security,Unauthorized Access Concern,Medium,Resolved,Portal,7.94,24,1,3
TKT-03245,37,6,2026-03-04 12:15:00,2026-03-04 14:49:12,Account Access,Password Reset,Medium,Resolved,Email,2.57,24,1,5
TKT-03246,123,3,2025-05-07 14:24:00,2025-05-07 17:43:48,Account Access,Password Reset,Medium,Closed,Phone,3.33,24,1,4
TKT-03247,464,2,2026-03-03 11:55:00,2026-03-03 17:59:48,Network,DNS Resolution,Medium,Resolved,Portal,6.08,24,1,5
TKT-03248,377,7,2025-02-25 15:21:00,2025-02-25 23:06:00,Software,Application Access,Medium,Resolved,Portal,7.75,24,1,5
TKT-03249,400,6,2025-07-11 17:03:00,2025-07-12 04:53:24,Network,VPN Connection,High,Resolved,Portal,11.84,8,0,1
TKT-03250,11,1,2025-05-26 14:48:00,2025-05-28 23:40:12,Network,Wi-Fi Connectivity,Medium,Resolved,Email,56.87,24,0,1
TKT-03251,260,6,2026-07-24 08:03:00,2026-07-24 09:21:36,Software,Microsoft 365 Issue,High,Resolved,Portal,1.31,8,1,5
TKT-03252,38,11,2025-07-31 07:35:00,2025-08-01 02:00:48,Software,Microsoft 365 Issue,Low,Resolved,Email,18.43,48,1,5
TKT-03253,295,11,2026-03-18 11:41:00,2026-03-18 12:56:00,Account Access,Password Reset,Medium,Resolved,Email,1.25,24,1,4
TKT-03254,282,2,2025-01-01 15:27:00,2025-01-02 17:30:00,Hardware,Monitor Issue,Medium,Resolved,Portal,26.05,24,0,3
TKT-03255,47,3,2025-10-14 08:02:00,2025-10-14 16:16:24,Software,Application Crash,Medium,Resolved,Phone,8.24,24,1,4
TKT-03256,450,4,2025-01-28 19:50:00,2025-01-31 03:13:24,Network,Wi-Fi Connectivity,Low,Resolved,Portal,55.39,48,0,1
TKT-03257,339,9,2025-10-24 19:33:00,2025-10-25 07:48:00,Network,VPN Connection,Medium,Resolved,Portal,12.25,24,1,3
TKT-03258,253,4,2025-11-14 14:41:00,2025-11-14 23:49:24,Network,No Internet Access,High,Closed,Email,9.14,8,0,2
TKT-03259,494,10,2025-06-19 11:27:00,2025-06-20 07:59:24,Network,VPN Connection,Medium,Resolved,Portal,20.54,24,1,4
TKT-03260,149,3,2025-08-21 15:49:00,2025-08-22 07:07:36,Hardware,Laptop Performance,Medium,Closed,Portal,15.31,24,1,4
TKT-03261,300,10,2026-06-09 15:11:00,2026-06-09 23:51:48,Network,VPN Connection,High,Closed,Email,8.68,8,0,3
TKT-03262,167,11,2025-07-18 13:10:00,2025-07-18 18:47:12,Printing,Driver Issue,Medium,Resolved,Portal,5.62,24,1,4
TKT-03263,286,6,2025-10-10 09:34:00,2025-10-11 18:20:12,Printing,Printer Offline,Low,Closed,Portal,32.77,48,1,5
TKT-03264,280,1,2025-12-30 11:09:00,2025-12-30 14:09:00,Security,Phishing Report,High,Resolved,Portal,3.00,8,1,5
TKT-03265,238,12,2025-07-22 13:02:00,2025-07-22 14:23:00,Printing,Printer Offline,High,Closed,Email,1.35,8,1,4
TKT-03266,185,2,2025-01-15 14:22:00,2025-01-15 17:14:12,Hardware,Monitor Issue,High,Resolved,Portal,2.87,8,1,5
TKT-03267,161,6,2026-03-03 12:48:00,2026-03-04 06:15:00,Software,Software Installation,Medium,Resolved,Portal,17.45,24,1,4
TKT-03268,182,6,2025-12-24 11:33:00,2025-12-24 17:37:12,Network,Wi-Fi Connectivity,High,Resolved,Portal,6.07,8,1,5
TKT-03269,422,10,2026-07-30 08:32:00,2026-07-30 14:48:48,Software,Microsoft 365 Issue,High,Resolved,Phone,6.28,8,1,4
TKT-03270,312,3,2025-10-14 19:43:00,2025-10-15 20:04:00,Printing,Printer Permissions,Low,Resolved,Email,24.35,48,1,5
TKT-03271,189,7,2025-03-28 16:57:00,2025-03-29 00:55:12,Network,VPN Connection,Medium,Resolved,Portal,7.97,24,1,5
TKT-03272,38,8,2026-02-20 10:43:00,2026-02-20 14:01:00,Account Access,Permissions Request,High,Resolved,Portal,3.30,8,1,4
TKT-03273,59,9,2026-06-12 11:55:00,2026-06-12 12:49:36,Security,Unauthorized Access Concern,Critical,Closed,Email,0.91,4,1,3
TKT-03274,144,8,2026-08-25 16:40:00,2026-08-25 19:30:24,Account Access,Password Reset,Medium,Resolved,Phone,2.84,24,1,5
TKT-03275,448,12,2026-04-03 13:39:00,2026-04-04 18:04:12,Hardware,Laptop Won't Start,Medium,Resolved,Phone,28.42,24,0,1
TKT-03276,262,1,2026-01-21 14:04:00,2026-01-21 15:21:24,Account Access,Password Reset,Medium,Resolved,Phone,1.29,24,1,4
TKT-03277,315,6,2025-11-04 13:20:00,2025-11-05 05:43:24,Hardware,Docking Station,Medium,Resolved,Portal,16.39,24,1,4
TKT-03278,111,10,2026-06-08 09:15:00,2026-06-08 12:46:48,Software,Microsoft 365 Issue,High,Resolved,Portal,3.53,8,1,5
TKT-03279,140,5,2025-01-24 15:52:00,2025-01-25 01:07:00,Security,Suspicious Email,High,Resolved,Phone,9.25,8,0,3
TKT-03280,38,1,2026-06-26 09:05:00,2026-06-26 16:01:24,Network,No Internet Access,Medium,Resolved,Email,6.94,24,1,4
TKT-03281,380,12,2025-07-16 12:59:00,2025-07-16 15:47:36,Hardware,Docking Station,High,Resolved,Portal,2.81,8,1,4
TKT-03282,199,4,2025-05-30 09:52:00,2025-05-30 13:23:12,Security,Phishing Report,High,Resolved,Portal,3.52,8,1,3
TKT-03283,126,4,2025-09-26 10:59:00,2025-09-27 07:27:12,Security,Phishing Report,Medium,Resolved,Portal,20.47,24,1,4
TKT-03284,296,10,2025-06-05 13:32:00,2025-06-05 15:53:36,Software,Microsoft 365 Issue,Medium,Resolved,Portal,2.36,24,1,4
TKT-03285,6,6,2025-10-23 14:23:00,2025-10-24 01:10:24,Printing,Driver Issue,Low,Resolved,Portal,10.79,48,1,4
TKT-03286,88,3,2026-05-13 12:37:00,2026-05-14 00:02:48,Network,VPN Connection,Medium,Closed,Walk-up,11.43,24,1,3
TKT-03287,190,2,2025-08-06 10:01:00,2025-08-08 13:59:12,Printing,Driver Issue,Medium,Resolved,Portal,51.97,24,0,3
TKT-03288,430,8,2026-02-05 13:24:00,2026-02-06 06:33:00,Hardware,Monitor Issue,Low,Resolved,Walk-up,17.15,48,1,3
TKT-03289,142,5,2025-02-17 18:12:00,2025-02-17 23:34:48,Account Access,MFA Issue,Medium,Resolved,Email,5.38,24,1,5
TKT-03290,145,8,2026-07-17 08:31:00,2026-07-17 10:45:24,Software,Software Installation,High,Resolved,Portal,2.24,8,1,4
TKT-03291,107,1,2025-01-10 09:55:00,2025-01-10 16:23:12,Software,Browser Issue,Medium,Resolved,Portal,6.47,24,1,5
TKT-03292,57,5,2025-11-10 12:16:00,2025-11-10 23:35:48,Software,Software Installation,Medium,Resolved,Portal,11.33,24,1,4
TKT-03293,5,9,2025-07-02 12:38:00,2025-07-02 14:29:36,Software,Application Crash,Medium,Resolved,Email,1.86,24,1,5
TKT-03294,484,7,2026-03-10 12:08:00,2026-03-10 18:55:24,Software,Software Installation,Medium,Resolved,Portal,6.79,24,1,5
TKT-03295,172,1,2026-02-05 13:31:00,2026-02-05 15:40:36,Hardware,Keyboard/Mouse,High,Resolved,Portal,2.16,8,1,5
TKT-03296,68,11,2025-01-16 10:58:00,2025-01-16 13:57:24,Account Access,Password Reset,Medium,Resolved,Portal,2.99,24,1,4
TKT-03297,344,4,2025-07-08 17:43:00,2025-07-09 07:45:24,Network,DNS Resolution,High,Resolved,Email,14.04,8,0,3
TKT-03298,180,5,2025-08-08 13:07:00,2025-08-08 14:38:12,Account Access,Locked Account,High,Resolved,Portal,1.52,8,1,5
TKT-03299,287,9,2025-08-08 15:10:00,2025-08-08 22:26:12,Account Access,Password Reset,Low,Closed,Email,7.27,48,1,5
TKT-03300,280,11,2025-11-25 11:19:00,2025-11-25 22:21:24,Software,Software Installation,Medium,Closed,Portal,11.04,24,1,5
TKT-03301,8,6,2026-07-08 14:20:00,2026-07-08 19:18:48,Account Access,MFA Issue,Medium,Closed,Walk-up,4.98,24,1,4
TKT-03302,223,11,2025-09-22 08:18:00,2025-09-24 11:49:48,Hardware,Monitor Issue,Medium,Resolved,Phone,51.53,24,0,3
TKT-03303,234,4,2025-04-14 11:50:00,2025-04-16 12:06:48,Network,Wi-Fi Connectivity,Medium,Closed,Email,48.28,24,0,3
TKT-03304,303,11,2025-05-01 09:07:00,2025-05-01 11:47:12,Account Access,Permissions Request,Medium,Closed,Email,2.67,24,1,4
TKT-03305,455,1,2025-06-20 15:46:00,2025-06-21 01:34:00,Software,Browser Issue,High,Resolved,Portal,9.80,8,0,1
TKT-03306,278,9,2026-03-04 13:56:00,2026-03-04 20:36:48,Account Access,MFA Issue,Medium,Resolved,Portal,6.68,24,1,5
TKT-03307,449,11,2026-07-09 12:17:00,2026-07-11 03:15:48,Hardware,Monitor Issue,Medium,Resolved,Portal,38.98,24,0,3
TKT-03308,427,11,2025-10-27 12:30:00,2025-10-28 05:28:48,Hardware,Battery/Power,Low,Closed,Portal,16.98,48,1,5
TKT-03309,170,1,2025-05-21 16:38:00,2025-05-21 19:43:24,Hardware,Laptop Performance,High,Closed,Email,3.09,8,1,4
TKT-03310,295,6,2026-02-27 17:57:00,2026-02-27 19:11:24,Hardware,Monitor Issue,High,Resolved,Portal,1.24,8,1,4
TKT-03311,177,9,2026-05-18 16:39:00,2026-05-19 23:33:00,Software,Microsoft 365 Issue,Medium,Resolved,Portal,30.90,24,0,2
TKT-03312,307,9,2026-07-09 14:55:00,2026-07-10 01:55:36,Account Access,Locked Account,Medium,Closed,Portal,11.01,24,1,4
TKT-03313,205,4,2025-07-08 10:09:00,2025-07-09 04:48:36,Printing,Printer Permissions,High,Closed,Portal,18.66,8,0,2
TKT-03314,213,11,2025-03-20 19:45:00,2025-03-21 02:34:12,Software,Microsoft 365 Issue,Medium,Resolved,Email,6.82,24,1,5
TKT-03315,293,6,2025-02-28 11:24:00,2025-02-28 15:39:36,Network,Slow Network,High,Resolved,Phone,4.26,8,1,5
TKT-03316,62,7,2025-07-01 07:04:00,2025-07-01 11:22:00,Account Access,MFA Issue,Medium,Closed,Portal,4.30,24,1,3
TKT-03317,436,9,2025-12-29 10:09:00,2025-12-29 15:00:36,Network,Wi-Fi Connectivity,Critical,Resolved,Email,4.86,4,0,2
TKT-03318,20,1,2026-05-06 16:45:00,2026-05-07 00:04:12,Printing,Print Queue Stuck,Medium,Resolved,Walk-up,7.32,24,1,5
TKT-03319,372,4,2026-03-04 16:37:00,2026-03-04 20:13:36,Account Access,Permissions Request,Medium,Resolved,Walk-up,3.61,24,1,5
TKT-03320,27,4,2025-04-07 17:17:00,2025-04-09 14:01:24,Hardware,Laptop Won't Start,Medium,Resolved,Portal,44.74,24,0,2
TKT-03321,224,7,2025-12-08 15:52:00,2025-12-09 07:34:36,Software,Microsoft 365 Issue,High,Resolved,Email,15.71,8,0,2
TKT-03322,292,4,2025-06-11 12:46:00,2025-06-12 15:49:00,Network,Wi-Fi Connectivity,Low,Resolved,Portal,27.05,48,1,4
TKT-03323,470,7,2026-03-10 10:28:00,2026-03-13 16:26:12,Hardware,Keyboard/Mouse,Low,Resolved,Phone,77.97,48,0,4
TKT-03324,171,11,2026-01-13 13:22:00,2026-01-13 15:07:00,Account Access,Password Reset,High,Resolved,Phone,1.75,8,1,4
TKT-03325,338,6,2026-06-17 14:33:00,2026-06-17 19:18:00,Account Access,Permissions Request,Medium,Closed,Phone,4.75,24,1,5
TKT-03326,226,7,2025-08-14 15:52:00,2025-08-14 21:04:00,Security,Phishing Report,High,Closed,Email,5.20,8,1,5
TKT-03327,335,5,2026-03-27 13:31:00,2026-03-27 14:01:00,Account Access,Password Reset,High,Resolved,Email,0.50,8,1,5
TKT-03328,144,1,2026-03-18 16:15:00,2026-03-19 21:30:00,Account Access,Locked Account,Medium,Resolved,Email,29.25,24,0,1
TKT-03329,399,1,2026-04-22 09:12:00,2026-04-22 13:48:00,Account Access,Locked Account,Medium,Resolved,Portal,4.60,24,1,4
TKT-03330,499,3,2026-08-26 12:22:00,2026-08-26 18:22:36,Security,Phishing Report,Critical,Closed,Portal,6.01,4,0,1
TKT-03331,413,11,2025-01-13 13:59:00,2025-01-13 19:31:24,Printing,Print Queue Stuck,Medium,Resolved,Portal,5.54,24,1,5
TKT-03332,276,6,2025-06-18 11:23:00,2025-06-18 15:54:12,Software,Application Access,Medium,Resolved,Portal,4.52,24,1,3
TKT-03333,136,9,2026-06-30 19:52:00,2026-06-30 23:17:12,Account Access,Password Reset,Medium,Resolved,Portal,3.42,24,1,5
TKT-03334,352,11,2025-08-22 11:46:00,2025-08-22 15:05:48,Account Access,MFA Issue,Medium,Resolved,Portal,3.33,24,1,5
TKT-03335,340,5,2025-09-01 11:55:00,2025-09-02 16:46:00,Network,VPN Connection,Medium,Resolved,Email,28.85,24,0,1
TKT-03336,77,6,2025-01-02 10:00:00,2025-01-02 13:54:36,Network,Slow Network,Medium,Resolved,Email,3.91,24,1,5
TKT-03337,97,9,2026-02-25 14:36:00,2026-02-26 08:36:00,Network,VPN Connection,High,Resolved,Email,18.00,8,0,3
TKT-03338,314,7,2025-08-01 14:03:00,2025-08-02 17:11:24,Network,VPN Connection,High,Resolved,Phone,27.14,8,0,3
TKT-03339,403,4,2026-01-16 16:00:00,2026-01-16 21:06:00,Software,Software Installation,High,Resolved,Portal,5.10,8,1,3
TKT-03340,70,7,2026-01-20 14:08:00,2026-01-20 18:42:48,Network,Wi-Fi Connectivity,Medium,Resolved,Email,4.58,24,1,3
TKT-03341,142,4,2025-02-03 09:21:00,2025-02-03 12:45:36,Network,Wi-Fi Connectivity,Medium,Closed,Phone,3.41,24,1,5
TKT-03342,296,1,2025-09-30 09:57:00,2025-09-30 18:09:36,Network,Slow Network,Medium,Resolved,Phone,8.21,24,1,5
TKT-03343,17,1,2026-03-12 11:45:00,2026-03-12 15:30:00,Account Access,Locked Account,Medium,Resolved,Email,3.75,24,1,4
TKT-03344,268,9,2026-08-04 11:22:00,2026-08-06 02:49:00,Account Access,Permissions Request,Medium,Closed,Email,39.45,24,0,1
TKT-03345,107,9,2026-07-29 08:42:00,2026-07-29 13:27:36,Security,Suspicious Email,High,Resolved,Portal,4.76,8,1,5
TKT-03346,86,10,2026-03-03 13:30:00,2026-03-05 06:42:36,Network,Wi-Fi Connectivity,Medium,Resolved,Walk-up,41.21,24,0,1
TKT-03347,205,6,2026-08-04 18:21:00,2026-08-05 01:43:12,Account Access,Password Reset,Medium,Resolved,Portal,7.37,24,1,3
TKT-03348,148,3,2025-07-17 12:35:00,2025-07-17 17:51:48,Network,Slow Network,High,Resolved,Portal,5.28,8,1,5
TKT-03349,438,2,2026-06-04 18:54:00,2026-06-05 01:13:48,Hardware,Monitor Issue,High,Closed,Portal,6.33,8,1,5
TKT-03350,185,5,2025-12-04 15:07:00,2025-12-04 16:34:36,Hardware,Keyboard/Mouse,High,Closed,Email,1.46,8,1,5
TKT-03351,112,7,2026-04-28 08:35:00,2026-04-28 10:51:12,Account Access,Password Reset,Low,Resolved,Email,2.27,48,1,5
TKT-03352,19,5,2026-01-28 17:25:00,2026-01-28 23:56:12,Account Access,Locked Account,Medium,Resolved,Portal,6.52,24,1,3
TKT-03353,482,12,2025-11-05 10:22:00,2025-11-06 12:28:00,Account Access,Locked Account,Low,Resolved,Email,26.10,48,1,4
TKT-03354,187,1,2026-01-26 13:57:00,2026-01-26 21:23:24,Hardware,Battery/Power,Medium,Closed,Email,7.44,24,1,4
TKT-03355,396,2,2025-05-09 16:43:00,2025-05-10 23:56:12,Security,Suspicious Email,Medium,Resolved,Portal,31.22,24,0,3
TKT-03356,337,9,2025-11-05 10:50:00,2025-11-06 16:51:48,Security,Suspicious Email,Medium,Resolved,Walk-up,30.03,24,0,3
TKT-03357,195,3,2025-01-10 12:55:00,2025-01-10 14:07:36,Software,Application Crash,High,Resolved,Email,1.21,8,1,4
TKT-03358,241,12,2025-03-18 12:00:00,2025-03-18 13:27:00,Account Access,Locked Account,High,Resolved,Portal,1.45,8,1,5
TKT-03359,494,3,2026-07-03 14:20:00,2026-07-04 00:03:12,Account Access,Locked Account,High,Resolved,Phone,9.72,8,0,2
TKT-03360,24,4,2025-02-26 11:37:00,2025-03-02 19:08:12,Hardware,Monitor Issue,Low,Resolved,Email,103.52,48,0,3
TKT-03361,8,8,2025-06-02 09:06:00,2025-06-04 12:07:48,Software,Microsoft 365 Issue,Medium,Resolved,Portal,51.03,24,0,1
TKT-03362,54,12,2025-11-25 13:44:00,2025-11-26 00:36:12,Hardware,Docking Station,Medium,Closed,Portal,10.87,24,1,5
TKT-03363,70,10,2025-01-10 11:58:00,2025-01-10 21:07:36,Software,Microsoft 365 Issue,Medium,Resolved,Portal,9.16,24,1,4
TKT-03364,102,2,2025-06-17 10:59:00,2025-06-18 07:00:48,Security,Suspicious Email,High,Closed,Walk-up,20.03,8,0,1
TKT-03365,230,5,2025-09-30 14:42:00,2025-10-02 17:46:48,Network,VPN Connection,Medium,Resolved,Portal,51.08,24,0,2
TKT-03366,259,9,2025-04-22 12:01:00,2025-04-22 16:11:48,Printing,Print Queue Stuck,Medium,Resolved,Phone,4.18,24,1,4
TKT-03367,357,10,2026-01-13 14:32:00,2026-01-14 19:32:00,Printing,Driver Issue,Low,Resolved,Portal,29.00,48,1,4
TKT-03368,134,8,2026-04-07 11:57:00,2026-04-07 17:55:12,Software,Browser Issue,High,Resolved,Portal,5.97,8,1,4
TKT-03369,222,7,2025-11-03 11:07:00,2025-11-04 01:07:36,Software,Software Installation,Medium,Resolved,Phone,14.01,24,1,5
TKT-03370,46,4,2025-12-12 16:57:00,2025-12-12 19:51:00,Network,Wi-Fi Connectivity,High,Resolved,Portal,2.90,8,1,4
TKT-03371,20,2,2025-03-26 12:58:00,2025-03-26 19:11:12,Account Access,Permissions Request,Medium,Resolved,Portal,6.22,24,1,4
TKT-03372,483,12,2026-06-15 17:17:00,2026-06-15 19:14:36,Security,Suspicious Email,High,Closed,Email,1.96,8,1,3
TKT-03373,381,7,2025-09-17 13:16:00,2025-09-17 14:58:36,Account Access,Password Reset,Medium,Resolved,Portal,1.71,24,1,4
TKT-03374,386,5,2026-07-16 10:10:00,2026-07-17 18:08:12,Software,Application Access,Medium,Resolved,Portal,31.97,24,0,2
TKT-03375,53,10,2026-07-22 12:39:00,2026-07-22 15:52:12,Account Access,Permissions Request,High,Resolved,Portal,3.22,8,1,5
TKT-03376,209,5,2025-04-24 14:51:00,2025-04-24 16:08:24,Printing,Printer Offline,High,Resolved,Walk-up,1.29,8,1,4
TKT-03377,140,4,2025-06-26 11:40:00,2025-06-26 19:16:00,Software,Software Installation,Medium,Closed,Portal,7.60,24,1,4
TKT-03378,222,11,2026-04-10 08:40:00,2026-04-10 12:38:12,Software,Application Crash,Medium,Resolved,Email,3.97,24,1,5
TKT-03379,82,6,2025-04-04 09:29:00,2025-04-06 15:20:00,Network,VPN Connection,Medium,Closed,Portal,53.85,24,0,4
TKT-03380,222,3,2025-05-27 12:50:00,2025-05-27 15:41:36,Account Access,Password Reset,Low,Resolved,Phone,2.86,48,1,4
TKT-03381,345,6,2025-02-18 11:15:00,2025-02-18 22:07:12,Network,Slow Network,High,Resolved,Phone,10.87,8,0,3
TKT-03382,344,4,2026-05-29 11:10:00,2026-05-30 06:59:48,Hardware,Laptop Won't Start,Medium,Resolved,Portal,19.83,24,1,5
TKT-03383,310,4,2025-10-14 15:42:00,2025-10-14 21:34:48,Account Access,Locked Account,Medium,Resolved,Email,5.88,24,1,5
TKT-03384,123,8,2026-01-13 14:03:00,2026-01-13 18:44:24,Software,Microsoft 365 Issue,Medium,Resolved,Email,4.69,24,1,5
TKT-03385,269,9,2025-08-11 09:58:00,2025-08-11 14:16:36,Account Access,Locked Account,Medium,Resolved,Portal,4.31,24,1,5
TKT-03386,229,5,2025-11-13 14:01:00,2025-11-13 18:59:48,Software,Application Access,Medium,Resolved,Portal,4.98,24,1,3
TKT-03387,159,6,2026-04-17 10:10:00,2026-04-17 12:38:48,Security,Malware Alert,High,Resolved,Email,2.48,8,1,5
TKT-03388,277,10,2026-05-13 11:41:00,2026-05-13 12:37:24,Account Access,Permissions Request,High,Resolved,Walk-up,0.94,8,1,4
TKT-03389,51,3,2025-06-05 14:57:00,2025-06-06 05:26:24,Hardware,Laptop Performance,Medium,Closed,Email,14.49,24,1,5
TKT-03390,120,1,2025-02-21 12:36:00,2025-02-22 15:39:36,Security,Malware Alert,Medium,Resolved,Portal,27.06,24,0,2
TKT-03391,329,2,2025-01-02 09:47:00,2025-01-02 20:09:48,Printing,Printer Offline,Low,Closed,Portal,10.38,48,1,5
TKT-03392,248,4,2025-09-09 10:53:00,2025-09-10 01:21:48,Printing,Print Queue Stuck,High,Resolved,Walk-up,14.48,8,0,1
TKT-03393,363,5,2026-04-06 08:50:00,2026-04-06 15:22:24,Hardware,Monitor Issue,Medium,Resolved,Portal,6.54,24,1,4
TKT-03394,11,1,2025-03-07 11:55:00,2025-03-07 21:47:12,Hardware,Monitor Issue,High,Resolved,Portal,9.87,8,0,1
TKT-03395,345,6,2026-02-10 17:26:00,2026-02-12 05:19:24,Software,Application Access,Medium,Resolved,Portal,35.89,24,0,3
TKT-03396,269,1,2025-01-09 13:29:00,2025-01-09 21:37:24,Hardware,Battery/Power,Medium,Resolved,Walk-up,8.14,24,1,4
TKT-03397,48,4,2025-10-01 16:34:00,2025-10-01 19:03:24,Account Access,Password Reset,Medium,Resolved,Portal,2.49,24,1,4
TKT-03398,94,1,2026-05-27 18:38:00,2026-05-28 09:51:12,Software,Microsoft 365 Issue,Medium,Resolved,Portal,15.22,24,1,4
TKT-03399,498,9,2025-12-09 10:38:00,2025-12-09 12:00:48,Account Access,Password Reset,High,Resolved,Phone,1.38,8,1,4
TKT-03400,39,9,2025-07-15 08:25:00,2025-07-15 20:30:24,Hardware,Keyboard/Mouse,High,Resolved,Email,12.09,8,0,3
TKT-03401,253,6,2025-08-29 16:41:00,2025-08-29 19:17:36,Security,Suspicious Email,Critical,Resolved,Walk-up,2.61,4,1,4
TKT-03402,59,7,2026-06-05 14:07:00,2026-06-05 18:03:24,Hardware,Battery/Power,High,Resolved,Walk-up,3.94,8,1,3
TKT-03403,150,2,2026-04-06 09:41:00,2026-04-06 16:18:12,Printing,Printer Offline,Medium,Resolved,Walk-up,6.62,24,1,3
TKT-03404,292,10,2025-02-17 10:54:00,2025-02-17 14:07:12,Hardware,Monitor Issue,High,Resolved,Phone,3.22,8,1,4
TKT-03405,233,10,2025-02-14 10:25:00,2025-02-14 16:29:12,Software,Application Crash,Medium,Closed,Phone,6.07,24,1,5
TKT-03406,159,8,2025-10-08 09:42:00,2025-10-08 14:26:24,Hardware,Keyboard/Mouse,Critical,Resolved,Phone,4.74,4,0,1
TKT-03407,284,4,2026-06-15 10:02:00,2026-06-16 23:58:24,Software,Software Installation,Low,Closed,Email,37.94,48,1,4
TKT-03408,377,10,2025-08-11 10:57:00,2025-08-11 20:46:48,Network,Wi-Fi Connectivity,Medium,Resolved,Portal,9.83,24,1,4
TKT-03409,56,1,2026-04-08 13:41:00,2026-04-08 20:47:36,Hardware,Laptop Performance,High,Resolved,Phone,7.11,8,1,4
TKT-03410,205,3,2026-03-25 13:24:00,2026-03-25 19:49:48,Hardware,Monitor Issue,Medium,Resolved,Phone,6.43,24,1,5
TKT-03411,235,8,2026-03-30 09:05:00,2026-03-31 13:28:24,Account Access,Password Reset,Medium,Resolved,Portal,28.39,24,0,2
TKT-03412,87,4,2025-01-15 14:30:00,2025-01-15 18:39:36,Account Access,Password Reset,Medium,Resolved,Phone,4.16,24,1,4
TKT-03413,43,7,2026-06-01 15:44:00,2026-06-02 02:43:24,Software,Microsoft 365 Issue,Medium,Closed,Walk-up,10.99,24,1,5
TKT-03414,200,2,2025-11-21 07:50:00,2025-11-21 22:16:24,Printing,Driver Issue,Medium,Resolved,Portal,14.44,24,1,4
TKT-03415,269,10,2026-01-26 10:27:00,2026-01-26 11:03:36,Account Access,Password Reset,High,Resolved,Email,0.61,8,1,5
TKT-03416,471,2,2025-12-23 19:04:00,2025-12-24 03:23:48,Network,Wi-Fi Connectivity,High,Closed,Phone,8.33,8,0,3
TKT-03417,367,8,2025-10-27 13:27:00,2025-10-28 13:29:24,Software,Application Crash,Low,Resolved,Portal,24.04,48,1,4
TKT-03418,377,5,2025-12-16 08:26:00,2025-12-16 13:51:12,Account Access,Permissions Request,Medium,Resolved,Portal,5.42,24,1,4
TKT-03419,368,1,2026-07-22 15:10:00,2026-07-22 18:24:24,Account Access,MFA Issue,Medium,Resolved,Portal,3.24,24,1,3
TKT-03420,249,9,2025-03-04 09:44:00,2025-03-04 14:30:12,Hardware,Keyboard/Mouse,High,Resolved,Phone,4.77,8,1,4
TKT-03421,194,11,2026-06-04 16:24:00,2026-06-04 23:05:24,Account Access,Locked Account,Medium,Resolved,Portal,6.69,24,1,3
TKT-03422,407,4,2025-04-28 09:00:00,2025-04-28 12:09:36,Hardware,Docking Station,High,Resolved,Portal,3.16,8,1,4
TKT-03423,93,11,2025-07-09 12:23:00,2025-07-09 17:02:00,Software,Software Installation,High,Resolved,Portal,4.65,8,1,5
TKT-03424,387,6,2025-10-28 15:01:00,2025-10-28 17:45:24,Account Access,Password Reset,Medium,Resolved,Walk-up,2.74,24,1,5
TKT-03425,460,12,2025-12-24 10:15:00,2025-12-24 22:56:24,Software,Software Installation,Medium,Closed,Email,12.69,24,1,4
TKT-03426,218,11,2025-10-03 11:22:00,2025-10-03 12:23:12,Account Access,Password Reset,High,Resolved,Portal,1.02,8,1,4
TKT-03427,104,4,2025-02-03 08:48:00,2025-02-03 13:54:00,Account Access,Locked Account,Medium,Resolved,Portal,5.10,24,1,3
TKT-03428,108,9,2025-12-24 18:36:00,2025-12-24 23:19:12,Printing,Printer Permissions,High,Resolved,Phone,4.72,8,1,5
TKT-03429,243,1,2025-07-30 10:37:00,2025-08-01 08:59:12,Account Access,MFA Issue,Medium,Closed,Portal,46.37,24,0,2
TKT-03430,371,11,2026-02-09 14:41:00,2026-02-09 17:45:12,Software,Application Crash,High,Resolved,Portal,3.07,8,1,5
TKT-03431,335,2,2026-05-01 09:19:00,2026-05-01 12:48:24,Software,Application Crash,Critical,Closed,Phone,3.49,4,1,5
TKT-03432,72,4,2026-08-25 08:05:00,2026-08-27 06:46:24,Network,VPN Connection,Medium,Resolved,Email,46.69,24,0,4
TKT-03433,183,1,2026-03-12 11:58:00,2026-03-12 14:58:00,Account Access,MFA Issue,High,Resolved,Phone,3.00,8,1,5
TKT-03434,235,1,2025-12-03 18:46:00,2025-12-03 22:28:36,Security,Suspicious Email,High,Resolved,Phone,3.71,8,1,4
TKT-03435,103,4,2025-08-06 11:08:00,2025-08-07 00:05:36,Software,Application Crash,Low,Resolved,Portal,12.96,48,1,4
TKT-03436,118,12,2026-06-03 18:18:00,2026-06-04 00:59:24,Hardware,Docking Station,Medium,Closed,Portal,6.69,24,1,5
TKT-03437,76,5,2026-08-27 12:51:00,2026-08-28 01:16:12,Software,Application Crash,Medium,Resolved,Portal,12.42,24,1,5
TKT-03438,98,9,2026-08-19 11:47:00,2026-08-19 16:18:12,Account Access,MFA Issue,Medium,Resolved,Portal,4.52,24,1,5
TKT-03439,325,5,2025-07-22 17:39:00,2025-07-23 00:02:24,Security,Phishing Report,Medium,Resolved,Phone,6.39,24,1,4
TKT-03440,299,3,2026-08-13 12:00:00,2026-08-13 23:01:48,Printing,Driver Issue,Low,Closed,Portal,11.03,48,1,5
TKT-03441,173,1,2026-04-15 12:51:00,2026-04-17 02:14:24,Software,Microsoft 365 Issue,Medium,Resolved,Email,37.39,24,0,1
TKT-03442,238,7,2025-05-19 16:48:00,2025-05-19 21:01:48,Security,Unauthorized Access Concern,Critical,Resolved,Walk-up,4.23,4,0,3
TKT-03443,109,6,2026-02-05 16:54:00,2026-02-06 02:24:00,Network,DNS Resolution,High,Closed,Phone,9.50,8,0,1
TKT-03444,209,7,2026-03-20 15:42:00,2026-03-20 16:51:36,Account Access,MFA Issue,High,Resolved,Portal,1.16,8,1,4
TKT-03445,400,1,2026-08-04 09:28:00,2026-08-05 20:14:48,Printing,Print Queue Stuck,Medium,Resolved,Portal,34.78,24,0,2
TKT-03446,76,9,2025-07-29 09:55:00,2025-07-30 19:29:12,Network,No Internet Access,Low,Resolved,Email,33.57,48,1,5
TKT-03447,378,10,2026-06-09 12:02:00,2026-06-11 16:58:24,Network,Wi-Fi Connectivity,Medium,Resolved,Email,52.94,24,0,2
TKT-03448,364,2,2025-02-11 11:45:00,2025-02-11 21:45:36,Hardware,Laptop Performance,Medium,Resolved,Email,10.01,24,1,4
TKT-03449,321,4,2025-03-17 17:00:00,2025-03-18 04:01:48,Network,Wi-Fi Connectivity,Medium,Resolved,Phone,11.03,24,1,5
TKT-03450,496,5,2025-06-06 16:31:00,2025-06-06 18:38:12,Account Access,MFA Issue,Medium,Resolved,Phone,2.12,24,1,5
TKT-03451,335,1,2025-08-18 11:17:00,2025-08-18 12:24:48,Account Access,Password Reset,Medium,Resolved,Portal,1.13,24,1,5
TKT-03452,213,9,2026-07-13 18:09:00,2026-07-13 20:57:36,Account Access,Locked Account,Medium,Resolved,Phone,2.81,24,1,5
TKT-03453,497,2,2026-04-09 09:09:00,2026-04-09 12:21:36,Hardware,Battery/Power,Medium,Resolved,Phone,3.21,24,1,5
TKT-03454,205,3,2025-02-13 13:22:00,2025-02-13 14:17:12,Account Access,Permissions Request,High,Resolved,Portal,0.92,8,1,4
TKT-03455,433,1,2026-03-12 11:35:00,2026-03-12 16:40:24,Account Access,Permissions Request,Medium,Resolved,Email,5.09,24,1,5
TKT-03456,304,3,2026-02-04 12:53:00,2026-02-04 18:06:48,Account Access,Permissions Request,Medium,Resolved,Email,5.23,24,1,4
TKT-03457,463,5,2026-07-17 09:00:00,2026-07-17 09:16:48,Account Access,Password Reset,High,Resolved,Email,0.28,8,1,5
TKT-03458,381,6,2025-02-13 15:00:00,2025-02-14 00:33:00,Hardware,Laptop Performance,High,Resolved,Portal,9.55,8,0,1
TKT-03459,15,6,2026-07-22 11:12:00,2026-07-22 17:11:24,Software,Application Crash,High,Resolved,Phone,5.99,8,1,5
TKT-03460,268,5,2026-01-02 13:37:00,2026-01-02 17:03:24,Security,Suspicious Email,Critical,Resolved,Phone,3.44,4,1,5
TKT-03461,353,11,2025-03-17 10:54:00,2025-03-17 15:49:48,Account Access,MFA Issue,Medium,Closed,Portal,4.93,24,1,5
TKT-03462,275,9,2025-08-21 15:46:00,2025-08-21 17:20:48,Account Access,Password Reset,Medium,Resolved,Portal,1.58,24,1,3
TKT-03463,221,1,2025-06-27 18:32:00,2025-06-28 19:26:00,Network,VPN Connection,High,Closed,Phone,24.90,8,0,2
TKT-03464,493,12,2025-03-24 10:00:00,2025-03-24 20:49:48,Account Access,Permissions Request,Low,Resolved,Phone,10.83,48,1,4
TKT-03465,369,3,2026-03-24 09:23:00,2026-03-24 12:07:24,Software,Browser Issue,High,Resolved,Portal,2.74,8,1,3
TKT-03466,87,12,2025-05-05 14:42:00,2025-05-07 04:25:12,Printing,Printer Offline,Medium,Resolved,Portal,37.72,24,0,2
TKT-03467,313,8,2025-06-23 09:37:00,2025-06-23 14:46:36,Security,Suspicious Email,Medium,Resolved,Email,5.16,24,1,5
TKT-03468,270,11,2025-02-10 15:17:00,2025-02-10 17:15:48,Software,Microsoft 365 Issue,High,Resolved,Portal,1.98,8,1,3
TKT-03469,390,4,2025-11-11 12:18:00,2025-11-11 17:12:36,Hardware,Keyboard/Mouse,High,Resolved,Email,4.91,8,1,5
TKT-03470,315,11,2025-12-15 16:33:00,2025-12-15 22:11:24,Account Access,Permissions Request,Medium,Resolved,Email,5.64,24,1,4
TKT-03471,455,6,2025-07-17 12:53:00,2025-07-17 15:44:36,Hardware,Docking Station,Critical,Closed,Portal,2.86,4,1,5
TKT-03472,429,1,2026-08-04 10:49:00,2026-08-04 12:59:12,Hardware,Laptop Performance,High,Resolved,Portal,2.17,8,1,3
TKT-03473,422,4,2025-10-14 13:54:00,2025-10-14 18:54:36,Account Access,Password Reset,Medium,Resolved,Phone,5.01,24,1,5
TKT-03474,235,7,2025-02-03 19:36:00,2025-02-04 21:45:00,Hardware,Keyboard/Mouse,Medium,Resolved,Walk-up,26.15,24,0,1
TKT-03475,286,5,2025-08-21 07:49:00,2025-08-21 13:40:36,Account Access,Locked Account,Medium,Resolved,Email,5.86,24,1,4
TKT-03476,50,7,2025-02-14 12:10:00,2025-02-15 09:52:00,Software,Microsoft 365 Issue,Medium,Resolved,Portal,21.70,24,1,4
TKT-03477,24,4,2026-03-10 14:05:00,2026-03-10 20:23:00,Account Access,Permissions Request,Medium,Closed,Portal,6.30,24,1,3
TKT-03478,275,6,2025-02-19 10:46:00,2025-02-19 16:11:48,Software,Software Installation,High,Resolved,Phone,5.43,8,1,5
TKT-03479,458,10,2025-07-30 12:43:00,2025-07-30 14:46:00,Account Access,Permissions Request,High,Resolved,Portal,2.05,8,1,5
TKT-03480,276,8,2025-11-14 08:55:00,2025-11-18 21:34:00,Hardware,Monitor Issue,Low,Resolved,Walk-up,108.65,48,0,2
TKT-03481,385,9,2026-04-09 11:35:00,2026-04-09 23:32:00,Software,Application Crash,Medium,Resolved,Email,11.95,24,1,5
TKT-03482,465,12,2025-09-01 13:18:00,2025-09-01 18:30:36,Account Access,Permissions Request,High,Resolved,Email,5.21,8,1,4
TKT-03483,15,7,2025-11-06 11:17:00,2025-11-06 23:26:36,Printing,Driver Issue,Low,Resolved,Portal,12.16,48,1,4
TKT-03484,459,12,2025-08-05 17:02:00,2025-08-05 19:25:24,Account Access,Password Reset,Low,Resolved,Email,2.39,48,1,3
TKT-03485,32,8,2025-07-30 15:18:00,2025-07-30 18:21:36,Account Access,Password Reset,Low,Resolved,Phone,3.06,48,1,4
TKT-03486,86,6,2025-05-27 08:41:00,2025-05-27 16:45:12,Network,Wi-Fi Connectivity,Medium,Resolved,Walk-up,8.07,24,1,3
TKT-03487,458,6,2026-03-31 09:06:00,2026-03-31 19:35:24,Software,Microsoft 365 Issue,High,Resolved,Email,10.49,8,0,4
TKT-03488,406,9,2026-05-21 14:26:00,2026-05-21 20:09:48,Security,Suspicious Email,High,Resolved,Portal,5.73,8,1,3
TKT-03489,33,9,2026-02-12 14:50:00,2026-02-12 21:49:24,Account Access,Password Reset,Critical,Resolved,Email,6.99,4,0,1
TKT-03490,303,11,2026-01-07 08:25:00,2026-01-07 11:19:36,Account Access,Locked Account,High,Closed,Phone,2.91,8,1,4
TKT-03491,252,2,2026-05-19 10:27:00,2026-05-21 02:48:36,Security,Suspicious Email,Low,Resolved,Walk-up,40.36,48,1,5
TKT-03492,380,10,2025-02-06 13:37:00,2025-02-07 15:06:24,Hardware,Monitor Issue,Low,Resolved,Email,25.49,48,1,5
TKT-03493,360,3,2025-03-21 14:48:00,2025-03-22 04:04:12,Hardware,Monitor Issue,Medium,Resolved,Phone,13.27,24,1,5
TKT-03494,130,9,2025-04-04 14:59:00,2025-04-05 06:50:36,Network,VPN Connection,Medium,Resolved,Email,15.86,24,1,3
TKT-03495,94,11,2025-02-25 16:44:00,2025-02-25 20:21:48,Software,Browser Issue,High,Resolved,Portal,3.63,8,1,4
TKT-03496,358,1,2025-03-03 11:01:00,2025-03-03 16:34:36,Hardware,Keyboard/Mouse,Medium,Closed,Phone,5.56,24,1,4
TKT-03497,459,8,2026-02-18 11:28:00,2026-02-18 12:08:48,Account Access,Password Reset,High,Closed,Portal,0.68,8,1,4
TKT-03498,44,8,2026-07-03 18:59:00,2026-07-04 07:55:24,Software,Browser Issue,Medium,Resolved,Email,12.94,24,1,5
TKT-03499,4,6,2025-02-07 16:54:00,2025-02-08 01:23:24,Account Access,Password Reset,Low,Resolved,Phone,8.49,48,1,4
TKT-03500,489,12,2025-09-04 14:56:00,2025-09-06 11:30:48,Network,No Internet Access,Low,Closed,Phone,44.58,48,1,4
TKT-03501,209,1,2025-09-23 16:06:00,2025-09-23 23:38:24,Hardware,Docking Station,Medium,Resolved,Portal,7.54,24,1,5
TKT-03502,297,10,2026-03-16 14:30:00,2026-03-16 15:15:36,Security,Unauthorized Access Concern,Critical,Resolved,Portal,0.76,4,1,4
TKT-03503,74,10,2026-07-31 09:37:00,2026-08-01 11:13:00,Hardware,Laptop Won't Start,Medium,Resolved,Phone,25.60,24,0,2
TKT-03504,154,11,2025-04-17 10:51:00,2025-04-17 11:37:12,Account Access,Password Reset,High,Resolved,Portal,0.77,8,1,5
TKT-03505,115,4,2025-05-15 16:36:00,2025-05-15 18:34:12,Software,Application Access,Critical,Resolved,Portal,1.97,4,1,4
TKT-03506,67,1,2025-07-31 17:27:00,2025-08-01 00:49:48,Software,Application Crash,Medium,Resolved,Phone,7.38,24,1,5
TKT-03507,366,3,2025-05-30 13:36:00,2025-05-30 16:51:36,Account Access,MFA Issue,High,Resolved,Email,3.26,8,1,4
TKT-03508,135,1,2025-06-04 09:12:00,2025-06-05 04:44:24,Network,No Internet Access,High,Closed,Portal,19.54,8,0,3
TKT-03509,102,12,2026-02-12 12:13:00,2026-02-13 05:53:48,Hardware,Laptop Performance,Medium,Resolved,Portal,17.68,24,1,3
TKT-03510,368,2,2026-03-30 11:05:00,2026-03-30 14:36:12,Account Access,Password Reset,Medium,Resolved,Email,3.52,24,1,4
TKT-03511,267,9,2025-02-27 16:56:00,2025-02-27 18:30:48,Account Access,Password Reset,Low,Resolved,Portal,1.58,48,1,5
TKT-03512,187,9,2026-08-06 09:58:00,2026-08-06 18:01:00,Account Access,Locked Account,Medium,Closed,Email,8.05,24,1,4
TKT-03513,27,1,2025-08-18 10:47:00,2025-08-20 02:54:48,Software,Application Crash,Medium,Resolved,Portal,40.13,24,0,3
TKT-03514,188,12,2026-06-04 10:59:00,2026-06-04 19:00:12,Hardware,Laptop Performance,Medium,Resolved,Portal,8.02,24,1,4
TKT-03515,198,7,2025-07-22 14:24:00,2025-07-23 15:49:48,Hardware,Keyboard/Mouse,Low,Resolved,Phone,25.43,48,1,4
TKT-03516,400,10,2025-01-28 13:13:00,2025-01-28 19:53:48,Network,No Internet Access,High,Resolved,Walk-up,6.68,8,1,5
TKT-03517,31,4,2025-06-23 09:40:00,2025-06-23 16:41:48,Account Access,Permissions Request,Low,Resolved,Portal,7.03,48,1,4
TKT-03518,83,3,2026-01-29 12:19:00,2026-01-31 13:59:12,Hardware,Laptop Performance,Low,Closed,Portal,49.67,48,0,3
TKT-03519,122,9,2025-04-18 15:41:00,2025-04-20 08:02:36,Network,VPN Connection,Medium,Resolved,Email,40.36,24,0,3
TKT-03520,471,3,2026-04-22 09:58:00,2026-04-23 19:22:36,Hardware,Laptop Won't Start,Medium,Closed,Email,33.41,24,0,2
TKT-03521,28,6,2025-04-01 15:27:00,2025-04-01 21:09:00,Network,Wi-Fi Connectivity,High,Closed,Portal,5.70,8,1,4
TKT-03522,204,6,2026-06-08 13:33:00,2026-06-08 17:12:36,Network,Wi-Fi Connectivity,High,Resolved,Email,3.66,8,1,5
TKT-03523,194,11,2025-04-11 09:13:00,2025-04-12 02:37:36,Software,Software Installation,Medium,Resolved,Portal,17.41,24,1,5
TKT-03524,426,11,2025-03-13 16:01:00,2025-03-14 05:52:36,Software,Software Installation,Medium,Resolved,Email,13.86,24,1,4
TKT-03525,459,1,2026-02-12 19:05:00,2026-02-13 04:21:12,Software,Browser Issue,High,Resolved,Email,9.27,8,0,2
TKT-03526,72,6,2026-02-18 10:58:00,2026-02-19 00:44:12,Software,Application Crash,Medium,Resolved,Portal,13.77,24,1,5
TKT-03527,175,4,2025-10-06 12:56:00,2025-10-06 18:40:24,Network,No Internet Access,Medium,Resolved,Email,5.74,24,1,3
TKT-03528,112,9,2025-01-09 16:09:00,2025-01-10 08:23:24,Network,Wi-Fi Connectivity,Medium,Closed,Portal,16.24,24,1,5
TKT-03529,200,3,2026-03-09 13:43:00,2026-03-09 16:59:48,Account Access,MFA Issue,High,Resolved,Portal,3.28,8,1,4
TKT-03530,490,8,2025-07-23 15:20:00,2025-07-24 06:10:24,Network,Wi-Fi Connectivity,Medium,Closed,Email,14.84,24,1,4
TKT-03531,358,7,2026-01-07 16:52:00,2026-01-07 22:00:24,Account Access,Password Reset,Low,Resolved,Portal,5.14,48,1,5
TKT-03532,168,12,2025-06-20 16:14:00,2025-06-22 01:21:12,Account Access,Password Reset,Medium,Resolved,Portal,33.12,24,0,2
TKT-03533,418,5,2026-07-07 17:20:00,2026-07-08 00:29:36,Software,Application Crash,Medium,Resolved,Phone,7.16,24,1,4
TKT-03534,116,12,2025-12-29 15:40:00,2025-12-30 11:47:48,Printing,Printer Permissions,Low,Closed,Phone,20.13,48,1,3
TKT-03535,431,5,2025-06-09 11:40:00,2025-06-09 13:53:48,Account Access,Locked Account,Medium,Resolved,Portal,2.23,24,1,5
TKT-03536,392,1,2026-08-14 07:14:00,2026-08-16 05:35:00,Hardware,Keyboard/Mouse,Medium,Resolved,Email,46.35,24,0,2
TKT-03537,134,4,2026-06-19 09:41:00,2026-06-20 02:21:48,Account Access,MFA Issue,Medium,Resolved,Email,16.68,24,1,5
TKT-03538,430,2,2025-06-25 18:27:00,2025-06-25 23:01:48,Account Access,Locked Account,Medium,Resolved,Email,4.58,24,1,5
TKT-03539,332,2,2026-07-22 11:17:00,2026-07-23 02:23:00,Hardware,Keyboard/Mouse,Medium,Resolved,Email,15.10,24,1,5
TKT-03540,458,7,2025-06-26 08:01:00,2025-06-26 11:40:00,Software,Software Installation,Critical,Resolved,Email,3.65,4,1,5
TKT-03541,394,1,2026-01-15 13:40:00,2026-01-15 18:53:48,Software,Browser Issue,Medium,Resolved,Portal,5.23,24,1,5
TKT-03542,383,1,2025-12-01 15:34:00,2025-12-01 20:26:12,Network,Wi-Fi Connectivity,Critical,Closed,Portal,4.87,4,0,3
TKT-03543,252,2,2026-06-01 19:00:00,2026-06-02 07:27:00,Printing,Driver Issue,Low,Resolved,Phone,12.45,48,1,4
TKT-03544,245,2,2025-02-19 12:19:00,2025-02-19 13:53:48,Hardware,Laptop Performance,Medium,Resolved,Portal,1.58,24,1,5
TKT-03545,254,7,2025-08-06 11:34:00,2025-08-06 14:06:24,Account Access,MFA Issue,Medium,Closed,Portal,2.54,24,1,4
TKT-03546,447,10,2025-06-10 08:20:00,2025-06-13 05:32:36,Hardware,Battery/Power,Low,Closed,Portal,69.21,48,0,3
TKT-03547,77,4,2026-04-29 15:20:00,2026-04-30 23:53:00,Network,VPN Connection,Medium,Closed,Email,32.55,24,0,2
TKT-03548,2,1,2025-06-23 09:59:00,2025-06-23 12:41:00,Printing,Printer Permissions,High,Resolved,Email,2.70,8,1,4
TKT-03549,347,11,2025-10-29 16:02:00,2025-11-02 13:25:24,Account Access,MFA Issue,Low,Closed,Phone,93.39,48,0,1
TKT-03550,91,12,2025-09-26 11:15:00,2025-09-28 05:37:48,Software,Software Installation,Medium,Resolved,Portal,42.38,24,0,2
TKT-03551,465,7,2025-10-28 08:16:00,2025-10-28 13:13:00,Hardware,Battery/Power,High,Resolved,Portal,4.95,8,1,4
TKT-03552,253,10,2025-03-07 12:59:00,2025-03-09 17:02:00,Network,Wi-Fi Connectivity,Low,Resolved,Email,52.05,48,0,1
TKT-03553,418,2,2026-01-23 10:29:00,2026-01-24 00:12:12,Account Access,Locked Account,Low,Resolved,Email,13.72,48,1,5
TKT-03554,69,11,2026-01-28 09:48:00,2026-01-28 11:15:36,Account Access,Password Reset,Medium,Resolved,Walk-up,1.46,24,1,5
TKT-03555,494,7,2025-01-08 12:11:00,2025-01-09 13:02:36,Network,No Internet Access,Medium,Resolved,Email,24.86,24,0,2
TKT-03556,137,1,2026-05-07 17:56:00,2026-05-08 03:33:48,Network,Slow Network,Medium,Closed,Portal,9.63,24,1,4
TKT-03557,302,11,2026-03-25 13:26:00,2026-03-25 21:46:24,Network,No Internet Access,High,Resolved,Email,8.34,8,0,2
TKT-03558,58,1,2025-11-25 12:47:00,2025-11-27 09:44:00,Account Access,MFA Issue,Low,Resolved,Phone,44.95,48,1,5
TKT-03559,415,9,2026-03-31 18:40:00,2026-03-31 20:27:24,Account Access,Password Reset,Medium,Resolved,Email,1.79,24,1,5
TKT-03560,446,5,2026-04-09 11:50:00,2026-04-10 08:09:12,Network,No Internet Access,Medium,Resolved,Email,20.32,24,1,4
TKT-03561,21,2,2025-08-08 16:06:00,2025-08-09 18:12:36,Hardware,Laptop Performance,Medium,Resolved,Phone,26.11,24,0,4
TKT-03562,359,10,2026-07-17 13:38:00,2026-07-17 22:47:00,Security,Malware Alert,High,Resolved,Walk-up,9.15,8,0,3
TKT-03563,349,9,2025-09-10 10:36:00,2025-09-11 12:20:24,Security,Malware Alert,Medium,Closed,Portal,25.74,24,0,3
TKT-03564,273,8,2026-07-13 17:12:00,2026-07-14 16:06:36,Software,Application Crash,Medium,Resolved,Phone,22.91,24,1,4
TKT-03565,198,12,2025-10-21 15:16:00,2025-10-23 22:12:24,Network,DNS Resolution,Medium,Resolved,Email,54.94,24,0,2
TKT-03566,121,8,2025-11-24 09:38:00,2025-11-24 12:04:24,Account Access,MFA Issue,Medium,Closed,Email,2.44,24,1,3
TKT-03567,290,4,2026-07-31 13:31:00,2026-08-01 02:18:24,Account Access,Permissions Request,Low,Closed,Walk-up,12.79,48,1,5
TKT-03568,178,4,2026-02-18 10:34:00,2026-02-18 17:29:12,Hardware,Keyboard/Mouse,High,Resolved,Phone,6.92,8,1,5
TKT-03569,259,10,2025-06-16 10:15:00,2025-06-17 03:28:12,Software,Application Crash,Low,Resolved,Email,17.22,48,1,5
TKT-03570,449,11,2025-05-14 14:22:00,2025-05-15 17:08:48,Hardware,Laptop Performance,Low,Resolved,Phone,26.78,48,1,3
TKT-03571,412,6,2026-01-26 12:44:00,2026-01-26 15:00:12,Account Access,Password Reset,Medium,Closed,Portal,2.27,24,1,5
TKT-03572,343,10,2025-01-22 11:37:00,2025-01-22 13:33:24,Software,Application Crash,High,Closed,Phone,1.94,8,1,4
TKT-03573,420,11,2025-07-22 09:19:00,2025-07-23 02:17:12,Printing,Print Queue Stuck,Medium,Resolved,Email,16.97,24,1,3
TKT-03574,15,8,2026-08-04 15:58:00,2026-08-04 16:23:12,Account Access,Permissions Request,High,Resolved,Portal,0.42,8,1,5
TKT-03575,341,4,2025-12-01 13:21:00,2025-12-01 17:55:12,Security,Suspicious Email,High,Resolved,Phone,4.57,8,1,5
TKT-03576,157,7,2026-01-21 10:01:00,2026-01-21 20:14:12,Printing,Print Queue Stuck,Low,Resolved,Email,10.22,48,1,5
TKT-03577,51,10,2026-01-08 08:28:00,2026-01-08 18:53:12,Software,Browser Issue,Medium,Resolved,Portal,10.42,24,1,5
TKT-03578,50,2,2025-06-06 15:34:00,2025-06-07 04:34:36,Hardware,Laptop Performance,Medium,Resolved,Phone,13.01,24,1,3
TKT-03579,172,8,2025-12-09 13:16:00,2025-12-10 13:03:24,Network,Wi-Fi Connectivity,Medium,Closed,Walk-up,23.79,24,1,4
TKT-03580,224,4,2025-11-20 11:05:00,2025-11-20 21:14:00,Account Access,MFA Issue,High,Closed,Portal,10.15,8,0,3
TKT-03581,434,6,2026-05-25 15:44:00,2026-05-25 21:08:36,Security,Suspicious Email,High,Closed,Walk-up,5.41,8,1,4
TKT-03582,53,4,2026-04-01 09:22:00,2026-04-01 11:10:00,Software,Application Access,High,Resolved,Phone,1.80,8,1,4
TKT-03583,253,9,2025-10-29 12:25:00,2025-10-29 19:04:00,Software,Software Installation,High,Resolved,Portal,6.65,8,1,4
TKT-03584,499,8,2025-08-18 17:18:00,2025-08-20 23:49:12,Network,Wi-Fi Connectivity,Medium,Closed,Email,54.52,24,0,1
TKT-03585,260,7,2025-02-28 11:49:00,2025-03-01 07:05:12,Software,Microsoft 365 Issue,Medium,Closed,Portal,19.27,24,1,4
TKT-03586,177,5,2025-11-03 13:03:00,2025-11-03 13:24:36,Account Access,Password Reset,High,Resolved,Portal,0.36,8,1,4
TKT-03587,297,4,2025-02-24 12:57:00,2025-02-26 01:24:00,Network,Wi-Fi Connectivity,Medium,Closed,Email,36.45,24,0,1
TKT-03588,398,11,2026-05-15 14:16:00,2026-05-15 17:58:36,Software,Microsoft 365 Issue,High,Resolved,Portal,3.71,8,1,4
TKT-03589,107,4,2026-08-24 15:07:00,2026-08-24 16:50:48,Account Access,Password Reset,Medium,Resolved,Email,1.73,24,1,3
TKT-03590,8,3,2025-09-25 09:37:00,2025-09-26 04:31:00,Hardware,Battery/Power,Medium,Resolved,Email,18.90,24,1,5
TKT-03591,232,1,2026-04-21 14:14:00,2026-04-23 01:25:24,Network,Slow Network,Medium,Closed,Portal,35.19,24,0,2
TKT-03592,61,1,2026-02-26 15:43:00,2026-02-27 05:57:24,Security,Malware Alert,High,Resolved,Email,14.24,8,0,1
TKT-03593,492,11,2025-05-26 13:27:00,2025-05-26 15:15:00,Network,Wi-Fi Connectivity,Critical,Resolved,Portal,1.80,4,1,5
TKT-03594,72,7,2025-11-24 17:03:00,2025-11-24 21:43:48,Security,Suspicious Email,High,Closed,Email,4.68,8,1,5
TKT-03595,383,12,2025-09-10 12:51:00,2025-09-11 15:02:24,Security,Malware Alert,Medium,Resolved,Portal,26.19,24,0,2
TKT-03596,472,6,2026-01-02 18:57:00,2026-01-05 17:04:12,Software,Microsoft 365 Issue,Low,Resolved,Portal,70.12,48,0,3
TKT-03597,119,7,2026-05-21 12:37:00,2026-05-22 01:35:12,Hardware,Laptop Won't Start,High,Resolved,Phone,12.97,8,0,2
TKT-03598,417,1,2025-02-24 11:41:00,2025-02-24 12:54:12,Account Access,MFA Issue,High,Resolved,Email,1.22,8,1,3
TKT-03599,407,2,2026-05-12 07:14:00,2026-05-12 15:04:24,Printing,Printer Permissions,Medium,Resolved,Email,7.84,24,1,4
TKT-03600,259,9,2025-08-11 14:49:00,2025-08-11 20:19:00,Security,Phishing Report,High,Resolved,Phone,5.50,8,1,3
TKT-03601,102,5,2025-05-30 12:28:00,2025-05-31 03:00:24,Account Access,Password Reset,High,Resolved,Portal,14.54,8,0,3
TKT-03602,478,4,2025-06-23 13:37:00,2025-06-23 23:07:00,Security,Phishing Report,High,Resolved,Portal,9.50,8,0,1
TKT-03603,330,6,2026-04-30 10:15:00,2026-05-02 04:44:24,Software,Application Crash,Medium,Resolved,Portal,42.49,24,0,2
TKT-03604,395,12,2025-01-13 12:58:00,2025-01-13 17:46:00,Account Access,Permissions Request,Medium,Resolved,Portal,4.80,24,1,3
TKT-03605,458,2,2026-06-22 12:40:00,2026-06-22 21:58:36,Security,Suspicious Email,Medium,Resolved,Email,9.31,24,1,4
TKT-03606,273,2,2025-09-05 19:56:00,2025-09-06 07:19:24,Printing,Printer Offline,Medium,Resolved,Portal,11.39,24,1,4
TKT-03607,198,3,2025-11-18 16:13:00,2025-11-18 16:25:00,Account Access,Password Reset,Critical,Closed,Portal,0.20,4,1,5
TKT-03608,276,4,2025-05-23 13:05:00,2025-05-23 15:57:48,Network,DNS Resolution,High,Resolved,Email,2.88,8,1,4
TKT-03609,155,5,2026-05-01 09:12:00,2026-05-01 17:54:36,Software,Software Installation,Medium,Resolved,Walk-up,8.71,24,1,4
TKT-03610,81,9,2026-07-10 11:20:00,2026-07-10 20:06:12,Network,VPN Connection,High,Resolved,Email,8.77,8,0,1
TKT-03611,119,5,2025-04-30 10:15:00,2025-04-30 11:40:48,Account Access,Password Reset,Medium,Resolved,Portal,1.43,24,1,5
TKT-03612,231,12,2025-04-10 10:57:00,2025-04-14 05:12:36,Hardware,Battery/Power,Low,Closed,Email,90.26,48,0,3
TKT-03613,104,3,2026-08-18 18:47:00,2026-08-18 21:15:48,Software,Application Crash,High,Resolved,Portal,2.48,8,1,4
TKT-03614,190,9,2025-02-24 10:43:00,2025-02-24 15:06:24,Network,No Internet Access,Medium,Resolved,Portal,4.39,24,1,5
TKT-03615,276,4,2025-02-14 11:11:00,2025-02-14 12:31:24,Software,Browser Issue,High,Resolved,Phone,1.34,8,1,5
TKT-03616,443,4,2026-04-24 11:06:00,2026-04-25 19:57:00,Network,VPN Connection,Medium,Resolved,Phone,32.85,24,0,4
TKT-03617,110,9,2025-01-03 14:42:00,2025-01-03 15:15:36,Network,VPN Connection,Critical,Resolved,Portal,0.56,4,1,5
TKT-03618,12,12,2025-08-08 16:54:00,2025-08-09 03:24:00,Printing,Printer Offline,High,Resolved,Portal,10.50,8,0,3
TKT-03619,211,9,2025-01-20 08:56:00,2025-01-20 12:58:24,Account Access,Locked Account,Medium,Resolved,Portal,4.04,24,1,3
TKT-03620,488,1,2026-06-03 11:01:00,2026-06-03 23:45:24,Account Access,Locked Account,High,Resolved,Walk-up,12.74,8,0,2
TKT-03621,359,7,2025-02-07 14:40:00,2025-02-08 05:35:48,Software,Software Installation,Low,Resolved,Portal,14.93,48,1,5
TKT-03622,275,8,2025-03-11 18:26:00,2025-03-11 23:02:36,Security,Lost/Stolen Device,Critical,Closed,Portal,4.61,4,0,3
TKT-03623,273,10,2025-08-21 07:35:00,2025-08-22 08:48:48,Network,VPN Connection,High,Resolved,Walk-up,25.23,8,0,2
TKT-03624,150,8,2025-03-11 12:09:00,2025-03-12 03:34:12,Hardware,Docking Station,Medium,Resolved,Portal,15.42,24,1,5
TKT-03625,241,1,2026-06-09 16:23:00,2026-06-09 23:23:36,Hardware,Laptop Won't Start,High,Resolved,Portal,7.01,8,1,4
TKT-03626,386,2,2025-07-31 12:43:00,2025-08-01 03:46:00,Printing,Driver Issue,Low,Closed,Email,15.05,48,1,5
TKT-03627,27,6,2025-04-03 16:22:00,2025-04-03 21:04:36,Account Access,MFA Issue,Medium,Resolved,Portal,4.71,24,1,5
TKT-03628,97,2,2025-10-13 08:42:00,2025-10-15 03:02:24,Network,Wi-Fi Connectivity,Medium,Closed,Portal,42.34,24,0,2
TKT-03629,213,3,2025-12-22 12:26:00,2025-12-22 18:34:24,Software,Microsoft 365 Issue,Medium,Closed,Phone,6.14,24,1,5
TKT-03630,105,3,2025-11-20 08:10:00,2025-11-20 15:13:00,Software,Application Crash,Medium,Closed,Portal,7.05,24,1,4
TKT-03631,160,6,2025-02-25 12:09:00,2025-02-25 23:40:12,Network,VPN Connection,High,Resolved,Portal,11.52,8,0,2
TKT-03632,354,1,2026-01-07 09:23:00,2026-01-08 08:23:00,Software,Microsoft 365 Issue,Low,Resolved,Email,23.00,48,1,4
TKT-03633,430,4,2025-04-16 09:22:00,2025-04-16 10:41:12,Account Access,Password Reset,High,Resolved,Email,1.32,8,1,5
TKT-03634,208,8,2025-03-26 10:22:00,2025-03-26 17:10:00,Network,No Internet Access,Medium,Resolved,Email,6.80,24,1,4
TKT-03635,250,2,2025-03-17 19:41:00,2025-03-19 14:51:48,Network,VPN Connection,Medium,Resolved,Portal,43.18,24,0,2
TKT-03636,342,10,2025-03-13 17:34:00,2025-03-13 20:55:36,Network,DNS Resolution,Medium,Resolved,Portal,3.36,24,1,5
TKT-03637,15,10,2025-06-23 12:08:00,2025-06-23 21:48:48,Account Access,Password Reset,Medium,Resolved,Email,9.68,24,1,5
TKT-03638,302,6,2026-06-17 10:26:00,2026-06-18 09:15:12,Software,Microsoft 365 Issue,Low,Resolved,Portal,22.82,48,1,3
TKT-03639,122,11,2025-03-18 15:27:00,2025-03-18 19:46:12,Software,Software Installation,High,Resolved,Portal,4.32,8,1,5
TKT-03640,409,11,2025-05-21 15:35:00,2025-05-22 07:15:48,Network,Wi-Fi Connectivity,Medium,Resolved,Portal,15.68,24,1,4
TKT-03641,392,12,2026-08-12 09:15:00,2026-08-12 12:47:24,Account Access,MFA Issue,High,Resolved,Walk-up,3.54,8,1,4
TKT-03642,32,4,2025-11-27 08:05:00,2025-11-27 22:49:24,Software,Application Access,Low,Resolved,Email,14.74,48,1,4
TKT-03643,431,1,2026-05-18 13:32:00,2026-05-19 08:19:24,Software,Microsoft 365 Issue,Medium,Resolved,Portal,18.79,24,1,4
TKT-03644,274,2,2026-03-12 09:31:00,2026-03-12 21:26:12,Security,Lost/Stolen Device,High,Resolved,Portal,11.92,8,0,2
TKT-03645,142,10,2026-05-07 12:05:00,2026-05-07 16:13:24,Software,Application Access,High,Closed,Portal,4.14,8,1,3
TKT-03646,240,1,2026-04-01 09:51:00,2026-04-02 02:58:12,Network,VPN Connection,High,Resolved,Phone,17.12,8,0,3
TKT-03647,141,2,2025-03-25 18:33:00,2025-03-25 23:37:48,Network,Slow Network,High,Resolved,Walk-up,5.08,8,1,5
TKT-03648,140,5,2025-02-06 18:01:00,2025-02-06 20:19:36,Software,Browser Issue,High,Resolved,Email,2.31,8,1,5
TKT-03649,116,5,2025-10-31 17:29:00,2025-11-01 01:40:24,Software,Microsoft 365 Issue,High,Closed,Portal,8.19,8,0,2
TKT-03650,484,9,2026-04-06 17:52:00,2026-04-07 21:26:12,Security,Suspicious Email,Medium,Closed,Portal,27.57,24,0,1
TKT-03651,278,12,2025-05-30 18:06:00,2025-05-30 20:52:12,Network,VPN Connection,High,Resolved,Portal,2.77,8,1,5
TKT-03652,116,2,2026-06-25 19:39:00,2026-06-26 17:19:48,Hardware,Keyboard/Mouse,Medium,Closed,Portal,21.68,24,1,4
TKT-03653,106,4,2025-12-09 08:38:00,2025-12-09 10:19:24,Security,Phishing Report,Critical,Closed,Phone,1.69,4,1,4
TKT-03654,256,6,2026-07-14 11:59:00,2026-07-15 05:41:00,Security,Phishing Report,High,Resolved,Portal,17.70,8,0,1
TKT-03655,83,1,2026-02-09 16:39:00,2026-02-12 02:34:12,Network,DNS Resolution,Low,Resolved,Email,57.92,48,0,2
TKT-03656,410,7,2026-03-12 11:02:00,2026-03-12 12:24:48,Hardware,Monitor Issue,High,Resolved,Portal,1.38,8,1,4
TKT-03657,441,7,2026-01-30 18:30:00,2026-01-30 22:12:36,Account Access,MFA Issue,High,Resolved,Phone,3.71,8,1,5
TKT-03658,489,6,2026-04-09 11:52:00,2026-04-09 20:05:12,Network,No Internet Access,High,Resolved,Portal,8.22,8,0,2
TKT-03659,227,8,2026-03-02 15:57:00,2026-03-02 18:57:00,Security,Phishing Report,Medium,Resolved,Portal,3.00,24,1,5
TKT-03660,252,6,2025-10-14 13:09:00,2025-10-16 05:37:48,Network,VPN Connection,Medium,Resolved,Email,40.48,24,0,2
TKT-03661,170,10,2025-07-31 13:55:00,2025-08-01 05:55:00,Printing,Printer Offline,Low,Resolved,Portal,16.00,48,1,5
TKT-03662,419,5,2025-02-21 13:27:00,2025-02-21 15:46:12,Network,DNS Resolution,High,Resolved,Portal,2.32,8,1,5
TKT-03663,304,6,2025-03-25 18:47:00,2025-03-26 13:24:12,Hardware,Laptop Won't Start,Medium,Resolved,Phone,18.62,24,1,5
TKT-03664,39,5,2025-12-31 15:35:00,2025-12-31 22:57:12,Security,Suspicious Email,High,Closed,Phone,7.37,8,1,5
TKT-03665,306,9,2026-08-04 09:08:00,2026-08-04 15:23:00,Network,Wi-Fi Connectivity,Medium,Resolved,Phone,6.25,24,1,5
TKT-03666,307,12,2026-06-03 18:48:00,2026-06-04 19:57:36,Account Access,Permissions Request,Low,Resolved,Email,25.16,48,1,4
TKT-03667,328,5,2025-11-11 12:21:00,2025-11-11 23:22:48,Printing,Printer Offline,Medium,Resolved,Email,11.03,24,1,3
TKT-03668,457,7,2026-01-06 09:32:00,2026-01-06 17:06:12,Account Access,MFA Issue,Medium,Closed,Email,7.57,24,1,3
TKT-03669,2,11,2026-05-07 15:19:00,2026-05-07 23:21:24,Software,Microsoft 365 Issue,Medium,Resolved,Portal,8.04,24,1,4
TKT-03670,431,5,2025-12-15 11:39:00,2025-12-15 18:22:12,Security,Phishing Report,Medium,Closed,Portal,6.72,24,1,4
TKT-03671,76,1,2025-06-16 08:41:00,2025-06-16 09:53:00,Security,Unauthorized Access Concern,Critical,Closed,Phone,1.20,4,1,5
TKT-03672,76,10,2026-04-09 12:58:00,2026-04-09 15:40:36,Account Access,Password Reset,High,Resolved,Portal,2.71,8,1,4
TKT-03673,163,2,2025-05-15 11:10:00,2025-05-15 16:51:24,Network,Wi-Fi Connectivity,High,Resolved,Phone,5.69,8,1,4
TKT-03674,376,4,2026-01-21 08:13:00,2026-01-21 15:54:24,Security,Unauthorized Access Concern,High,Resolved,Phone,7.69,8,1,4
TKT-03675,248,12,2026-02-03 09:30:00,2026-02-04 00:21:00,Printing,Print Queue Stuck,Medium,Resolved,Phone,14.85,24,1,3
TKT-03676,250,4,2026-07-06 12:27:00,2026-07-06 15:23:24,Network,Wi-Fi Connectivity,Critical,Resolved,Portal,2.94,4,1,4
TKT-03677,265,10,2025-08-08 10:43:00,2025-08-08 13:11:48,Network,Slow Network,High,Resolved,Walk-up,2.48,8,1,5
TKT-03678,147,1,2026-07-23 08:41:00,2026-07-24 23:11:00,Software,Application Access,Medium,Resolved,Phone,38.50,24,0,4
TKT-03679,341,4,2026-05-19 10:20:00,2026-05-19 14:56:36,Printing,Driver Issue,Medium,Resolved,Walk-up,4.61,24,1,5
TKT-03680,94,3,2025-07-03 12:27:00,2025-07-03 17:38:24,Network,VPN Connection,High,Resolved,Portal,5.19,8,1,5
TKT-03681,273,4,2025-10-08 18:59:00,2025-10-08 21:24:12,Account Access,Locked Account,High,Closed,Phone,2.42,8,1,5
TKT-03682,496,5,2025-03-17 14:03:00,2025-03-18 23:57:36,Network,Slow Network,Medium,Resolved,Walk-up,33.91,24,0,3
TKT-03683,206,1,2025-07-16 16:05:00,2025-07-17 00:46:24,Security,Lost/Stolen Device,High,Closed,Phone,8.69,8,0,3
TKT-03684,136,10,2026-05-05 17:37:00,2026-05-05 18:58:36,Account Access,Password Reset,High,Closed,Email,1.36,8,1,5
TKT-03685,165,9,2025-03-19 11:32:00,2025-03-19 21:25:24,Software,Browser Issue,Low,Resolved,Phone,9.89,48,1,4
TKT-03686,111,8,2025-10-27 08:05:00,2025-10-28 02:20:36,Network,VPN Connection,High,Closed,Email,18.26,8,0,1
TKT-03687,39,9,2026-03-10 19:59:00,2026-03-12 06:30:48,Software,Application Access,Medium,Resolved,Phone,34.53,24,0,1
TKT-03688,372,10,2025-02-11 09:41:00,2025-02-11 21:17:36,Network,Wi-Fi Connectivity,Critical,Resolved,Walk-up,11.61,4,0,2
TKT-03689,496,3,2025-11-07 14:00:00,2025-11-07 19:29:24,Printing,Printer Offline,High,Resolved,Portal,5.49,8,1,5
TKT-03690,312,1,2025-01-01 09:47:00,2025-01-01 13:03:12,Software,Browser Issue,High,Resolved,Phone,3.27,8,1,5
TKT-03691,392,8,2026-07-13 11:26:00,2026-07-13 18:45:12,Hardware,Laptop Performance,High,Resolved,Portal,7.32,8,1,5
TKT-03692,255,1,2025-01-29 11:59:00,2025-01-29 21:24:12,Printing,Printer Offline,High,Resolved,Phone,9.42,8,0,4
TKT-03693,308,12,2025-10-10 17:15:00,2025-10-11 01:49:48,Software,Microsoft 365 Issue,Medium,Resolved,Phone,8.58,24,1,4
TKT-03694,306,3,2025-12-02 14:12:00,2025-12-03 05:06:36,Network,No Internet Access,High,Resolved,Phone,14.91,8,0,2
TKT-03695,234,8,2025-07-04 16:21:00,2025-07-04 21:15:00,Security,Lost/Stolen Device,High,Resolved,Email,4.90,8,1,4
TKT-03696,106,6,2026-02-16 09:27:00,2026-02-16 10:43:12,Security,Unauthorized Access Concern,High,Closed,Phone,1.27,8,1,5
TKT-03697,307,5,2025-09-10 10:16:00,2025-09-10 11:41:12,Security,Phishing Report,Critical,Resolved,Phone,1.42,4,1,4
TKT-03698,315,1,2025-08-07 12:20:00,2025-08-07 23:10:24,Printing,Print Queue Stuck,Medium,Resolved,Email,10.84,24,1,4
TKT-03699,99,8,2026-01-27 12:54:00,2026-01-27 17:38:24,Network,Slow Network,Medium,Resolved,Walk-up,4.74,24,1,5
TKT-03700,168,7,2026-04-22 07:57:00,2026-04-22 10:55:48,Account Access,Password Reset,Medium,Resolved,Email,2.98,24,1,5
TKT-03701,221,4,2026-02-17 17:38:00,2026-02-18 10:09:48,Network,VPN Connection,High,Resolved,Portal,16.53,8,0,4
TKT-03702,382,7,2026-06-22 10:43:00,2026-06-22 21:36:24,Network,Wi-Fi Connectivity,Medium,Resolved,Portal,10.89,24,1,5
TKT-03703,105,7,2026-04-24 09:12:00,2026-04-24 13:18:00,Printing,Printer Offline,Medium,Resolved,Portal,4.10,24,1,4
TKT-03704,357,7,2025-11-26 13:50:00,2025-11-26 15:04:24,Account Access,Password Reset,High,Closed,Email,1.24,8,1,4
TKT-03705,83,11,2025-05-20 14:29:00,2025-05-20 21:18:12,Software,Microsoft 365 Issue,Medium,Resolved,Email,6.82,24,1,3
TKT-03706,408,3,2025-08-12 12:50:00,2025-08-12 15:27:48,Software,Browser Issue,High,Resolved,Portal,2.63,8,1,5
TKT-03707,167,4,2026-08-05 16:02:00,2026-08-06 05:45:48,Network,Wi-Fi Connectivity,High,Resolved,Email,13.73,8,0,2
TKT-03708,55,1,2025-07-30 18:26:00,2025-08-01 00:38:00,Security,Unauthorized Access Concern,Low,Resolved,Email,30.20,48,1,4
TKT-03709,162,6,2025-05-01 18:31:00,2025-05-02 03:13:00,Software,Software Installation,Medium,Resolved,Email,8.70,24,1,4
TKT-03710,212,1,2025-12-11 14:13:00,2025-12-13 16:53:12,Hardware,Keyboard/Mouse,Low,Resolved,Phone,50.67,48,0,1
TKT-03711,280,1,2025-10-10 09:00:00,2025-10-11 03:51:36,Software,Application Crash,Medium,Resolved,Portal,18.86,24,1,5
TKT-03712,93,10,2025-06-25 12:39:00,2025-06-25 21:03:36,Account Access,MFA Issue,Critical,Closed,Email,8.41,4,0,2
TKT-03713,129,10,2026-06-26 10:22:00,2026-06-26 11:40:36,Account Access,Password Reset,Medium,Closed,Walk-up,1.31,24,1,5
TKT-03714,248,4,2026-06-08 14:07:00,2026-06-08 21:52:36,Network,Wi-Fi Connectivity,High,Resolved,Walk-up,7.76,8,1,4
TKT-03715,455,10,2025-10-08 12:06:00,2025-10-08 16:29:24,Printing,Printer Offline,Medium,Closed,Email,4.39,24,1,5
TKT-03716,281,9,2025-03-26 09:48:00,2025-03-26 11:13:12,Security,Phishing Report,High,Resolved,Phone,1.42,8,1,4
TKT-03717,446,1,2025-06-10 15:19:00,2025-06-11 07:16:36,Network,VPN Connection,Medium,Closed,Phone,15.96,24,1,5
TKT-03718,187,10,2025-07-11 15:19:00,2025-07-13 03:17:48,Network,Slow Network,Low,Resolved,Email,35.98,48,1,4
TKT-03719,70,5,2026-04-13 11:25:00,2026-04-14 04:26:12,Software,Microsoft 365 Issue,High,Resolved,Email,17.02,8,0,1
TKT-03720,170,1,2025-01-28 11:39:00,2025-01-28 19:00:00,Account Access,MFA Issue,Low,Resolved,Portal,7.35,48,1,5
TKT-03721,24,5,2026-05-13 10:46:00,2026-05-13 15:43:36,Network,DNS Resolution,Medium,Resolved,Portal,4.96,24,1,5
TKT-03722,113,6,2026-03-16 07:21:00,2026-03-16 14:34:12,Software,Application Crash,High,Resolved,Email,7.22,8,1,4
TKT-03723,80,5,2025-07-04 15:53:00,2025-07-04 18:38:00,Account Access,Permissions Request,Medium,Resolved,Email,2.75,24,1,5
TKT-03724,242,11,2025-03-12 17:07:00,2025-03-13 06:50:12,Network,VPN Connection,High,Resolved,Portal,13.72,8,0,2
TKT-03725,41,10,2025-01-20 13:02:00,2025-01-20 15:00:12,Software,Application Crash,High,Resolved,Portal,1.97,8,1,5
TKT-03726,356,10,2025-03-28 07:55:00,2025-03-28 10:19:36,Software,Application Crash,High,Resolved,Portal,2.41,8,1,4
TKT-03727,150,12,2026-06-05 16:36:00,2026-06-07 06:21:00,Network,VPN Connection,Low,Resolved,Walk-up,37.75,48,1,4
TKT-03728,273,4,2025-02-13 17:20:00,2025-02-14 01:17:36,Security,Phishing Report,Medium,Closed,Portal,7.96,24,1,4
TKT-03729,414,9,2026-03-25 18:20:00,2026-03-25 20:12:48,Account Access,Password Reset,Medium,Resolved,Portal,1.88,24,1,4
TKT-03730,262,1,2025-09-03 15:44:00,2025-09-03 20:10:24,Hardware,Monitor Issue,Medium,Resolved,Portal,4.44,24,1,5
TKT-03731,62,10,2025-07-03 16:09:00,2025-07-04 06:55:12,Software,Application Access,Medium,Closed,Portal,14.77,24,1,5
TKT-03732,436,2,2025-09-02 12:21:00,2025-09-03 04:04:12,Network,Wi-Fi Connectivity,Medium,Resolved,Walk-up,15.72,24,1,4
TKT-03733,468,3,2025-10-29 08:31:00,2025-10-30 06:29:48,Hardware,Keyboard/Mouse,Medium,Closed,Portal,21.98,24,1,4
TKT-03734,349,5,2025-01-08 11:01:00,2025-01-08 13:52:00,Security,Suspicious Email,High,Closed,Portal,2.85,8,1,4
TKT-03735,26,4,2025-11-03 17:37:00,2025-11-03 19:23:48,Security,Phishing Report,High,Resolved,Portal,1.78,8,1,5
TKT-03736,212,9,2025-06-09 14:22:00,2025-06-09 21:50:12,Security,Phishing Report,High,Resolved,Phone,7.47,8,1,5
TKT-03737,28,3,2025-01-21 11:37:00,2025-01-21 13:11:48,Account Access,Password Reset,Medium,Resolved,Phone,1.58,24,1,4
TKT-03738,347,10,2025-02-04 10:51:00,2025-02-04 19:24:00,Hardware,Laptop Performance,Medium,Resolved,Email,8.55,24,1,4
TKT-03739,98,2,2026-07-01 10:59:00,2026-07-01 17:40:24,Printing,Printer Offline,Medium,Resolved,Portal,6.69,24,1,4
TKT-03740,76,10,2025-09-05 18:44:00,2025-09-06 00:21:48,Network,No Internet Access,Critical,Resolved,Portal,5.63,4,0,2
TKT-03741,316,1,2026-02-12 13:39:00,2026-02-13 05:27:36,Network,No Internet Access,Medium,Resolved,Walk-up,15.81,24,1,4
TKT-03742,241,9,2026-05-06 08:45:00,2026-05-06 19:42:00,Network,VPN Connection,High,Closed,Email,10.95,8,0,1
TKT-03743,170,1,2025-08-13 09:29:00,2025-08-13 18:56:00,Printing,Printer Offline,Medium,Resolved,Email,9.45,24,1,5
TKT-03744,303,7,2025-09-08 14:09:00,2025-09-09 21:13:48,Network,VPN Connection,Low,Closed,Email,31.08,48,1,5
TKT-03745,194,8,2025-03-10 10:24:00,2025-03-10 22:41:24,Hardware,Monitor Issue,Medium,Resolved,Portal,12.29,24,1,3
TKT-03746,83,1,2025-03-11 17:15:00,2025-03-12 10:12:00,Network,VPN Connection,High,Resolved,Phone,16.95,8,0,3
TKT-03747,20,4,2025-01-13 09:22:00,2025-01-15 04:48:24,Network,Wi-Fi Connectivity,Medium,Closed,Portal,43.44,24,0,1
TKT-03748,215,12,2025-10-22 10:19:00,2025-10-24 04:29:48,Network,Wi-Fi Connectivity,Medium,Resolved,Portal,42.18,24,0,2
TKT-03749,216,1,2026-08-11 09:14:00,2026-08-11 14:46:24,Printing,Printer Offline,Medium,Resolved,Email,5.54,24,1,5
TKT-03750,39,3,2025-09-26 16:31:00,2025-09-27 01:18:24,Security,Phishing Report,Medium,Resolved,Portal,8.79,24,1,5
TKT-03751,470,11,2025-07-02 12:19:00,2025-07-03 10:37:00,Network,Wi-Fi Connectivity,Medium,Resolved,Phone,22.30,24,1,3
TKT-03752,399,9,2026-07-06 09:58:00,2026-07-06 10:31:36,Account Access,Password Reset,Critical,Resolved,Walk-up,0.56,4,1,3
TKT-03753,32,7,2026-02-03 07:37:00,2026-02-05 14:36:24,Hardware,Battery/Power,Medium,Resolved,Phone,54.99,24,0,2
TKT-03754,101,11,2026-03-19 16:58:00,2026-03-20 02:45:24,Account Access,MFA Issue,Medium,Resolved,Phone,9.79,24,1,5
TKT-03755,45,9,2026-03-18 10:30:00,2026-03-19 01:25:48,Hardware,Laptop Performance,High,Resolved,Phone,14.93,8,0,3
TKT-03756,122,2,2025-04-08 09:51:00,2025-04-08 16:20:24,Hardware,Laptop Performance,Medium,Resolved,Portal,6.49,24,1,5
TKT-03757,357,11,2025-10-10 10:20:00,2025-10-10 11:24:12,Account Access,Password Reset,High,Resolved,Portal,1.07,8,1,5
TKT-03758,191,3,2026-04-30 10:57:00,2026-05-01 06:36:36,Security,Suspicious Email,Low,Resolved,Portal,19.66,48,1,3
TKT-03759,92,11,2025-02-12 14:00:00,2025-02-12 19:36:36,Network,VPN Connection,Critical,Resolved,Portal,5.61,4,0,1
TKT-03760,105,6,2026-08-27 12:28:00,2026-08-27 15:44:48,Account Access,Password Reset,Low,Resolved,Email,3.28,48,1,5
TKT-03761,459,11,2025-08-22 15:32:00,2025-08-22 21:05:36,Software,Software Installation,Medium,Resolved,Walk-up,5.56,24,1,5
TKT-03762,497,4,2026-02-16 07:54:00,2026-02-16 15:13:12,Network,No Internet Access,High,Resolved,Portal,7.32,8,1,4
TKT-03763,263,4,2025-08-21 14:09:00,2025-08-22 06:26:24,Software,Software Installation,Medium,Resolved,Portal,16.29,24,1,5
TKT-03764,21,1,2025-12-24 14:52:00,2025-12-24 15:19:00,Account Access,Password Reset,Medium,Resolved,Portal,0.45,24,1,4
TKT-03765,60,2,2026-01-29 15:27:00,2026-01-29 21:54:00,Software,Application Access,High,Resolved,Phone,6.45,8,1,4
TKT-03766,58,12,2025-03-06 16:02:00,2025-03-07 04:43:24,Security,Phishing Report,Medium,Resolved,Portal,12.69,24,1,5
TKT-03767,84,8,2025-04-16 09:15:00,2025-04-16 13:21:36,Software,Software Installation,High,Resolved,Walk-up,4.11,8,1,4
TKT-03768,341,4,2025-01-20 18:07:00,2025-01-21 05:16:36,Printing,Printer Offline,Medium,Resolved,Phone,11.16,24,1,4
TKT-03769,308,6,2026-03-09 16:02:00,2026-03-09 23:11:36,Network,No Internet Access,High,Resolved,Portal,7.16,8,1,4
TKT-03770,168,6,2025-06-19 07:08:00,2025-06-19 08:59:36,Printing,Printer Permissions,High,Closed,Portal,1.86,8,1,5
TKT-03771,407,11,2026-04-29 10:03:00,2026-04-30 14:18:00,Hardware,Monitor Issue,Medium,Resolved,Phone,28.25,24,0,2
TKT-03772,363,1,2026-01-06 11:20:00,2026-01-06 19:25:24,Security,Phishing Report,Medium,Closed,Walk-up,8.09,24,1,4
TKT-03773,413,8,2025-11-14 17:46:00,2025-11-15 10:55:00,Network,VPN Connection,Medium,Resolved,Portal,17.15,24,1,4
TKT-03774,145,10,2026-05-27 09:18:00,2026-05-28 08:53:24,Printing,Print Queue Stuck,Low,Closed,Phone,23.59,48,1,4
TKT-03775,312,10,2026-06-09 10:15:00,2026-06-09 11:12:00,Account Access,MFA Issue,High,Closed,Portal,0.95,8,1,3
TKT-03776,239,12,2026-06-05 15:55:00,2026-06-05 17:11:12,Software,Browser Issue,High,Resolved,Portal,1.27,8,1,4
TKT-03777,133,3,2025-05-05 09:42:00,2025-05-05 16:00:00,Hardware,Laptop Performance,High,Resolved,Email,6.30,8,1,4
TKT-03778,49,1,2025-01-29 09:26:00,2025-01-29 14:29:36,Account Access,Locked Account,Medium,Closed,Email,5.06,24,1,4
TKT-03779,39,11,2026-03-13 15:53:00,2026-03-16 11:42:12,Security,Suspicious Email,Medium,Resolved,Portal,67.82,24,0,3
TKT-03780,221,8,2026-07-20 16:47:00,2026-07-21 06:57:12,Printing,Driver Issue,Medium,Closed,Portal,14.17,24,1,5
TKT-03781,440,2,2025-03-19 13:57:00,2025-03-20 01:45:36,Network,Wi-Fi Connectivity,High,Resolved,Email,11.81,8,0,2
TKT-03782,173,2,2025-03-18 17:38:00,2025-03-18 23:03:48,Security,Phishing Report,High,Resolved,Email,5.43,8,1,5
TKT-03783,207,2,2026-04-17 17:54:00,2026-04-18 07:01:12,Software,Software Installation,Medium,Resolved,Portal,13.12,24,1,5
TKT-03784,383,1,2026-05-18 16:19:00,2026-05-19 03:37:00,Software,Application Crash,Medium,Closed,Portal,11.30,24,1,4
TKT-03785,155,6,2026-03-06 11:36:00,2026-03-06 22:07:48,Network,VPN Connection,High,Resolved,Portal,10.53,8,0,2
TKT-03786,461,9,2026-05-07 11:11:00,2026-05-07 17:57:12,Software,Browser Issue,Medium,Resolved,Email,6.77,24,1,5
TKT-03787,465,1,2025-06-09 11:51:00,2025-06-09 23:09:36,Network,Wi-Fi Connectivity,Medium,Closed,Email,11.31,24,1,4
TKT-03788,39,12,2025-07-24 11:32:00,2025-07-24 22:54:12,Hardware,Laptop Performance,Low,Resolved,Email,11.37,48,1,3
TKT-03789,117,6,2026-05-20 18:38:00,2026-05-20 19:32:36,Account Access,Locked Account,High,Resolved,Phone,0.91,8,1,4
TKT-03790,26,8,2025-07-08 08:28:00,2025-07-08 20:07:36,Software,Microsoft 365 Issue,Medium,Closed,Portal,11.66,24,1,5
TKT-03791,108,3,2026-04-03 17:53:00,2026-04-04 15:46:24,Printing,Printer Offline,Low,Closed,Phone,21.89,48,1,3
TKT-03792,122,11,2025-12-29 13:06:00,2025-12-29 22:13:48,Account Access,Locked Account,Low,Resolved,Phone,9.13,48,1,3
TKT-03793,109,10,2025-07-02 17:52:00,2025-07-02 22:11:12,Account Access,Locked Account,Medium,Resolved,Portal,4.32,24,1,4
TKT-03794,312,6,2025-03-03 11:52:00,2025-03-03 20:05:48,Security,Phishing Report,Medium,Resolved,Email,8.23,24,1,4
TKT-03795,412,1,2025-02-06 17:57:00,2025-02-07 02:12:36,Network,Wi-Fi Connectivity,Medium,Resolved,Portal,8.26,24,1,5
TKT-03796,39,11,2026-03-16 18:45:00,2026-03-17 16:18:36,Account Access,MFA Issue,Medium,Resolved,Email,21.56,24,1,5
TKT-03797,330,1,2025-06-02 10:38:00,2025-06-02 18:32:36,Software,Application Crash,High,Closed,Portal,7.91,8,1,5
TKT-03798,182,9,2026-06-04 12:29:00,2026-06-04 19:43:24,Printing,Print Queue Stuck,Medium,Resolved,Walk-up,7.24,24,1,3
TKT-03799,189,10,2025-07-14 11:13:00,2025-07-14 13:36:24,Account Access,MFA Issue,High,Resolved,Phone,2.39,8,1,4
TKT-03800,179,10,2025-06-10 17:26:00,2025-06-10 20:19:24,Security,Suspicious Email,High,Closed,Phone,2.89,8,1,3
TKT-03801,347,4,2025-01-01 16:07:00,2025-01-01 20:13:36,Network,Wi-Fi Connectivity,High,Resolved,Email,4.11,8,1,5
TKT-03802,153,11,2026-01-07 13:30:00,2026-01-07 17:23:24,Network,Wi-Fi Connectivity,High,Resolved,Portal,3.89,8,1,4
TKT-03803,37,1,2025-03-17 08:06:00,2025-03-17 20:45:36,Network,Wi-Fi Connectivity,Medium,Closed,Walk-up,12.66,24,1,3
TKT-03804,274,10,2025-09-05 16:04:00,2025-09-05 18:39:24,Account Access,Password Reset,Medium,Resolved,Email,2.59,24,1,3
TKT-03805,114,7,2025-03-04 08:03:00,2025-03-05 11:57:36,Software,Microsoft 365 Issue,Medium,Resolved,Portal,27.91,24,0,4
TKT-03806,15,11,2025-09-15 11:15:00,2025-09-16 00:49:12,Software,Application Crash,Medium,Resolved,Portal,13.57,24,1,4
TKT-03807,245,7,2025-05-20 08:59:00,2025-05-21 23:49:24,Network,DNS Resolution,Medium,Resolved,Portal,38.84,24,0,1
TKT-03808,394,10,2026-05-04 16:34:00,2026-05-04 19:12:24,Software,Application Crash,High,Resolved,Portal,2.64,8,1,4
TKT-03809,299,1,2026-01-16 14:55:00,2026-01-18 03:13:00,Software,Microsoft 365 Issue,Medium,Resolved,Email,36.30,24,0,2
TKT-03810,347,5,2025-12-05 16:54:00,2025-12-06 04:33:00,Printing,Driver Issue,Medium,Resolved,Portal,11.65,24,1,4
TKT-03811,120,3,2025-05-02 14:01:00,2025-05-02 19:43:36,Security,Unauthorized Access Concern,Medium,Closed,Phone,5.71,24,1,5
TKT-03812,392,7,2026-04-24 08:38:00,2026-04-24 14:47:36,Hardware,Laptop Performance,Medium,Resolved,Portal,6.16,24,1,5
TKT-03813,408,10,2026-04-08 15:58:00,2026-04-09 12:05:48,Network,Wi-Fi Connectivity,Medium,Closed,Phone,20.13,24,1,5
TKT-03814,311,2,2025-11-26 07:35:00,2025-11-26 16:21:48,Network,No Internet Access,High,Resolved,Walk-up,8.78,8,0,2
TKT-03815,198,4,2025-01-27 18:36:00,2025-01-27 19:22:12,Hardware,Docking Station,High,Resolved,Portal,0.77,8,1,4
TKT-03816,96,12,2026-01-16 12:00:00,2026-01-16 13:39:36,Network,Wi-Fi Connectivity,High,Resolved,Phone,1.66,8,1,5
TKT-03817,264,8,2025-10-31 18:15:00,2025-10-31 23:53:24,Account Access,Permissions Request,Medium,Resolved,Email,5.64,24,1,5
TKT-03818,489,9,2025-05-15 18:31:00,2025-05-16 04:42:24,Network,DNS Resolution,High,Closed,Portal,10.19,8,0,2
TKT-03819,40,2,2025-10-14 12:34:00,2025-10-15 05:26:48,Hardware,Docking Station,Medium,Resolved,Portal,16.88,24,1,5
TKT-03820,244,12,2025-04-30 17:37:00,2025-05-01 00:43:00,Hardware,Laptop Performance,High,Resolved,Email,7.10,8,1,3
TKT-03821,476,7,2025-08-07 13:51:00,2025-08-07 22:07:48,Account Access,Permissions Request,Low,Closed,Portal,8.28,48,1,5
TKT-03822,257,8,2025-04-24 12:58:00,2025-04-25 04:44:48,Network,No Internet Access,Medium,Closed,Phone,15.78,24,1,5
TKT-03823,196,1,2025-04-17 11:27:00,2025-04-18 03:54:36,Software,Application Access,Medium,Resolved,Portal,16.46,24,1,5
TKT-03824,239,5,2025-04-16 11:29:00,2025-04-16 13:44:36,Account Access,Password Reset,High,Resolved,Email,2.26,8,1,5
TKT-03825,86,8,2026-04-17 15:21:00,2026-04-18 09:30:36,Network,Wi-Fi Connectivity,Medium,Closed,Portal,18.16,24,1,5
TKT-03826,434,7,2026-01-20 18:22:00,2026-01-20 19:52:00,Account Access,Password Reset,Medium,Resolved,Portal,1.50,24,1,5
TKT-03827,349,8,2025-07-03 13:49:00,2025-07-03 23:35:12,Software,Software Installation,Medium,Closed,Email,9.77,24,1,5
TKT-03828,42,2,2026-01-29 19:43:00,2026-01-30 12:31:36,Printing,Printer Permissions,Low,Resolved,Portal,16.81,48,1,3
TKT-03829,215,3,2025-11-03 15:27:00,2025-11-03 22:48:36,Software,Software Installation,Medium,Resolved,Portal,7.36,24,1,5
TKT-03830,346,8,2025-12-26 13:14:00,2025-12-26 14:29:00,Security,Phishing Report,Critical,Resolved,Phone,1.25,4,1,3
TKT-03831,292,8,2025-05-06 16:23:00,2025-05-06 21:05:36,Account Access,Password Reset,Medium,Resolved,Phone,4.71,24,1,5
TKT-03832,243,3,2025-10-23 11:50:00,2025-10-24 02:34:24,Hardware,Battery/Power,Medium,Closed,Portal,14.74,24,1,5
TKT-03833,62,12,2026-05-29 10:56:00,2026-05-31 17:49:24,Network,Wi-Fi Connectivity,Medium,Resolved,Portal,54.89,24,0,1
TKT-03834,279,3,2026-05-20 19:13:00,2026-05-21 21:45:24,Network,VPN Connection,Medium,Closed,Email,26.54,24,0,2
TKT-03835,104,8,2025-11-28 13:50:00,2025-11-29 16:06:48,Network,DNS Resolution,Medium,Closed,Portal,26.28,24,0,2
TKT-03836,16,5,2025-06-12 07:39:00,2025-06-12 16:02:24,Software,Software Installation,Low,Resolved,Portal,8.39,48,1,5
TKT-03837,36,12,2026-03-09 10:52:00,2026-03-09 13:36:24,Hardware,Laptop Performance,High,Resolved,Phone,2.74,8,1,5
TKT-03838,243,4,2025-10-10 09:45:00,2025-10-10 10:35:24,Account Access,Password Reset,Medium,Resolved,Phone,0.84,24,1,5
TKT-03839,446,11,2025-11-17 12:12:00,2025-11-17 16:10:12,Security,Phishing Report,High,Resolved,Portal,3.97,8,1,4
TKT-03840,95,4,2025-04-07 12:19:00,2025-04-08 09:06:24,Software,Application Access,Medium,Closed,Portal,20.79,24,1,3
TKT-03841,398,7,2025-11-11 10:04:00,2025-11-11 13:32:48,Software,Application Access,Critical,Closed,Email,3.48,4,1,4
TKT-03842,163,12,2025-03-04 11:01:00,2025-03-04 12:35:12,Security,Phishing Report,High,Resolved,Portal,1.57,8,1,5
TKT-03843,267,9,2025-12-25 14:24:00,2025-12-25 17:36:00,Software,Application Crash,High,Resolved,Email,3.20,8,1,4
TKT-03844,289,6,2025-04-29 13:02:00,2025-04-29 18:03:12,Network,No Internet Access,High,Resolved,Phone,5.02,8,1,5
TKT-03845,271,3,2025-05-19 13:58:00,2025-05-19 22:14:12,Network,No Internet Access,Medium,Resolved,Portal,8.27,24,1,4
TKT-03846,71,3,2025-09-11 13:51:00,2025-09-12 05:53:24,Network,Wi-Fi Connectivity,Medium,Closed,Phone,16.04,24,1,5
TKT-03847,269,12,2026-04-24 08:37:00,2026-04-24 13:50:48,Software,Application Crash,Medium,Resolved,Portal,5.23,24,1,3
TKT-03848,190,12,2025-09-18 08:56:00,2025-09-18 15:29:00,Software,Microsoft 365 Issue,Medium,Resolved,Portal,6.55,24,1,4
TKT-03849,51,2,2026-03-13 09:25:00,2026-03-13 18:50:12,Software,Application Crash,Low,Resolved,Email,9.42,48,1,4
TKT-03850,302,1,2025-10-14 12:20:00,2025-10-14 20:50:00,Network,VPN Connection,High,Resolved,Walk-up,8.50,8,0,2
TKT-03851,44,1,2025-02-26 14:42:00,2025-02-26 21:08:24,Network,No Internet Access,Medium,Resolved,Walk-up,6.44,24,1,5
TKT-03852,277,6,2025-12-08 10:11:00,2025-12-09 01:26:36,Printing,Print Queue Stuck,Low,Resolved,Phone,15.26,48,1,4
TKT-03853,294,4,2026-03-16 17:24:00,2026-03-17 03:33:00,Hardware,Laptop Won't Start,High,Resolved,Email,10.15,8,0,2
TKT-03854,308,8,2025-09-01 08:08:00,2025-09-01 15:58:24,Account Access,Password Reset,Low,Resolved,Portal,7.84,48,1,5
TKT-03855,284,10,2025-07-14 16:49:00,2025-07-15 07:05:48,Software,Browser Issue,Low,Resolved,Phone,14.28,48,1,5
TKT-03856,97,10,2025-01-23 14:34:00,2025-01-23 19:05:12,Software,Software Installation,Medium,Closed,Portal,4.52,24,1,5
TKT-03857,155,12,2025-03-03 11:15:00,2025-03-03 16:09:36,Account Access,Password Reset,Low,Closed,Phone,4.91,48,1,4
TKT-03858,362,7,2026-06-30 09:23:00,2026-06-30 20:45:48,Network,Wi-Fi Connectivity,Critical,Resolved,Walk-up,11.38,4,0,3
TKT-03859,414,10,2025-02-11 16:55:00,2025-02-12 10:22:00,Network,DNS Resolution,High,Resolved,Email,17.45,8,0,3
TKT-03860,117,3,2025-03-11 09:11:00,2025-03-11 21:45:12,Hardware,Laptop Won't Start,Medium,Resolved,Portal,12.57,24,1,4
TKT-03861,402,3,2025-08-28 14:46:00,2025-08-29 01:02:48,Account Access,Locked Account,Low,Resolved,Portal,10.28,48,1,5
TKT-03862,138,3,2025-04-08 09:30:00,2025-04-08 17:55:12,Network,VPN Connection,Medium,Resolved,Email,8.42,24,1,5
TKT-03863,198,10,2025-09-16 14:26:00,2025-09-16 17:19:24,Software,Software Installation,High,Closed,Phone,2.89,8,1,5
TKT-03864,377,2,2026-06-05 10:29:00,2026-06-06 21:18:12,Software,Application Crash,Medium,Resolved,Email,34.82,24,0,3
TKT-03865,246,3,2025-07-16 17:06:00,2025-07-18 19:44:24,Account Access,Locked Account,Low,Resolved,Portal,50.64,48,0,2
TKT-03866,27,5,2025-12-31 12:39:00,2025-12-31 20:55:12,Network,VPN Connection,High,Resolved,Phone,8.27,8,0,3
TKT-03867,250,9,2025-01-17 16:50:00,2025-01-17 17:42:12,Account Access,Password Reset,High,Resolved,Phone,0.87,8,1,4
TKT-03868,357,11,2026-02-05 11:00:00,2026-02-05 23:59:24,Printing,Printer Offline,Medium,Resolved,Portal,12.99,24,1,4
TKT-03869,234,1,2025-11-24 11:52:00,2025-11-26 18:12:24,Account Access,MFA Issue,Medium,Resolved,Walk-up,54.34,24,0,4
TKT-03870,418,12,2025-03-26 12:49:00,2025-03-26 16:40:36,Account Access,MFA Issue,Medium,Resolved,Portal,3.86,24,1,3
TKT-03871,317,2,2025-01-28 14:00:00,2025-01-28 23:04:12,Printing,Print Queue Stuck,Medium,Closed,Portal,9.07,24,1,4
TKT-03872,381,6,2025-12-05 12:21:00,2025-12-06 04:45:36,Hardware,Docking Station,Medium,Resolved,Phone,16.41,24,1,5
TKT-03873,120,5,2025-06-16 12:58:00,2025-06-16 15:10:00,Account Access,Password Reset,Medium,Closed,Phone,2.20,24,1,5
TKT-03874,204,9,2025-05-16 13:24:00,2025-05-17 22:22:48,Security,Phishing Report,Medium,Resolved,Phone,32.98,24,0,2
TKT-03875,305,3,2026-06-04 12:35:00,2026-06-06 17:33:12,Hardware,Laptop Performance,Medium,Resolved,Portal,52.97,24,0,2
TKT-03876,412,6,2025-04-10 16:01:00,2025-04-10 20:43:36,Network,VPN Connection,High,Resolved,Portal,4.71,8,1,4
TKT-03877,411,10,2026-05-12 15:59:00,2026-05-12 20:59:00,Security,Malware Alert,Critical,Resolved,Walk-up,5.00,4,0,1
TKT-03878,469,4,2025-08-05 08:17:00,2025-08-05 12:05:36,Security,Malware Alert,Critical,Closed,Walk-up,3.81,4,1,4
TKT-03879,57,11,2025-08-07 11:21:00,2025-08-07 15:19:48,Software,Browser Issue,High,Resolved,Portal,3.98,8,1,4
TKT-03880,356,3,2026-04-09 16:39:00,2026-04-10 03:26:24,Software,Application Crash,Medium,Resolved,Portal,10.79,24,1,4
TKT-03881,112,5,2025-04-17 11:17:00,2025-04-17 22:18:12,Printing,Driver Issue,High,Resolved,Portal,11.02,8,0,3
TKT-03882,490,7,2025-11-19 08:05:00,2025-11-20 00:09:12,Software,Software Installation,Medium,Resolved,Email,16.07,24,1,4
TKT-03883,474,11,2025-09-29 11:21:00,2025-09-29 12:42:36,Hardware,Laptop Performance,Critical,Resolved,Email,1.36,4,1,5
TKT-03884,314,7,2025-05-20 09:03:00,2025-05-20 16:30:36,Printing,Printer Offline,Medium,Resolved,Walk-up,7.46,24,1,5
TKT-03885,476,9,2025-03-13 18:11:00,2025-03-14 01:48:12,Software,Software Installation,High,Closed,Phone,7.62,8,1,3
TKT-03886,211,8,2025-05-02 15:10:00,2025-05-02 16:38:48,Account Access,Password Reset,Medium,Resolved,Portal,1.48,24,1,4
TKT-03887,69,7,2025-08-22 12:35:00,2025-08-23 10:09:48,Software,Software Installation,Low,Closed,Portal,21.58,48,1,5
TKT-03888,443,6,2025-03-13 14:00:00,2025-03-13 23:56:24,Account Access,Locked Account,Medium,Resolved,Walk-up,9.94,24,1,4
TKT-03889,33,8,2026-05-20 14:16:00,2026-05-22 15:29:48,Network,Slow Network,Medium,Closed,Portal,49.23,24,0,1
TKT-03890,435,5,2026-08-18 13:04:00,2026-08-18 17:21:24,Software,Microsoft 365 Issue,Medium,Resolved,Portal,4.29,24,1,5
TKT-03891,291,10,2025-01-06 08:14:00,2025-01-07 19:55:24,Printing,Printer Offline,Medium,Resolved,Phone,35.69,24,0,2
TKT-03892,161,1,2026-02-05 17:13:00,2026-02-06 02:44:48,Account Access,Password Reset,High,Resolved,Walk-up,9.53,8,0,1
TKT-03893,241,8,2025-03-11 17:55:00,2025-03-12 02:42:24,Network,No Internet Access,High,Closed,Email,8.79,8,0,2
TKT-03894,365,8,2025-02-17 11:21:00,2025-02-17 16:57:36,Security,Lost/Stolen Device,High,Closed,Phone,5.61,8,1,4
TKT-03895,140,7,2025-03-20 18:33:00,2025-03-20 19:30:36,Account Access,Password Reset,Medium,Closed,Portal,0.96,24,1,4
TKT-03896,312,8,2025-04-16 09:07:00,2025-04-18 06:02:12,Network,VPN Connection,Medium,Closed,Portal,44.92,24,0,2
TKT-03897,178,12,2025-12-23 14:57:00,2025-12-23 19:23:24,Account Access,Password Reset,Medium,Resolved,Portal,4.44,24,1,5
TKT-03898,387,11,2025-11-27 13:20:00,2025-11-27 17:30:12,Account Access,Password Reset,Low,Resolved,Phone,4.17,48,1,5
TKT-03899,475,5,2025-06-10 09:41:00,2025-06-10 12:38:36,Hardware,Battery/Power,High,Resolved,Email,2.96,8,1,3
TKT-03900,68,3,2025-02-10 13:34:00,2025-02-11 19:31:36,Printing,Printer Offline,Medium,Resolved,Phone,29.96,24,0,3
TKT-03901,210,4,2026-02-06 13:08:00,2026-02-06 21:50:00,Printing,Printer Offline,High,Resolved,Phone,8.70,8,0,3
TKT-03902,333,2,2025-05-02 10:37:00,2025-05-02 18:23:48,Printing,Printer Permissions,Medium,Closed,Email,7.78,24,1,5
TKT-03903,314,2,2025-05-14 12:46:00,2025-05-15 05:49:00,Network,Wi-Fi Connectivity,Medium,Resolved,Portal,17.05,24,1,5
TKT-03904,1,12,2025-05-13 14:39:00,2025-05-13 20:44:24,Software,Application Crash,Medium,Resolved,Portal,6.09,24,1,4
TKT-03905,368,7,2025-02-05 11:21:00,2025-02-05 22:52:12,Hardware,Laptop Won't Start,Low,Resolved,Email,11.52,48,1,5
TKT-03906,499,10,2026-07-02 10:07:00,2026-07-03 07:14:12,Account Access,MFA Issue,Medium,Resolved,Email,21.12,24,1,5
TKT-03907,320,1,2026-01-01 12:46:00,2026-01-01 22:16:00,Software,Software Installation,Medium,Closed,Portal,9.50,24,1,4
TKT-03908,182,6,2026-03-27 09:43:00,2026-03-28 18:55:00,Account Access,Locked Account,Medium,Resolved,Portal,33.20,24,0,2
TKT-03909,460,11,2025-12-22 09:13:00,2025-12-22 10:11:48,Account Access,Password Reset,Medium,Resolved,Portal,0.98,24,1,5
TKT-03910,172,8,2025-10-16 11:07:00,2025-10-17 04:00:24,Software,Software Installation,Medium,Resolved,Portal,16.89,24,1,4
TKT-03911,489,2,2025-07-29 16:32:00,2025-07-29 19:11:36,Account Access,MFA Issue,Medium,Resolved,Phone,2.66,24,1,5
TKT-03912,409,2,2025-09-05 10:17:00,2025-09-07 16:41:00,Network,VPN Connection,Medium,Closed,Portal,54.40,24,0,2
TKT-03913,112,1,2025-08-12 09:19:00,2025-08-12 12:49:36,Network,DNS Resolution,Critical,Closed,Email,3.51,4,1,5
TKT-03914,463,9,2025-08-13 12:01:00,2025-08-14 01:47:48,Network,No Internet Access,High,Resolved,Email,13.78,8,0,2
TKT-03915,330,2,2025-08-15 13:24:00,2025-08-15 18:33:36,Security,Suspicious Email,High,Closed,Portal,5.16,8,1,3
TKT-03916,250,3,2025-04-22 12:02:00,2025-04-22 22:36:12,Software,Browser Issue,High,Closed,Portal,10.57,8,0,2
TKT-03917,223,5,2025-04-23 13:27:00,2025-04-23 17:41:24,Software,Browser Issue,Medium,Resolved,Phone,4.24,24,1,5
TKT-03918,323,8,2025-03-21 12:03:00,2025-03-21 12:38:24,Account Access,Password Reset,High,Closed,Email,0.59,8,1,4
TKT-03919,245,1,2025-11-17 17:06:00,2025-11-18 05:55:12,Security,Suspicious Email,High,Resolved,Email,12.82,8,0,1
TKT-03920,238,3,2025-12-31 15:46:00,2025-12-31 18:35:12,Account Access,Password Reset,Medium,Resolved,Portal,2.82,24,1,4
TKT-03921,439,12,2025-07-24 11:11:00,2025-07-25 08:35:00,Hardware,Keyboard/Mouse,Low,Resolved,Email,21.40,48,1,4
TKT-03922,140,1,2025-03-03 18:02:00,2025-03-04 16:40:24,Printing,Printer Offline,Medium,Resolved,Portal,22.64,24,1,5
TKT-03923,173,7,2026-04-15 13:05:00,2026-04-15 16:02:36,Account Access,Password Reset,Medium,Resolved,Walk-up,2.96,24,1,4
TKT-03924,248,3,2025-12-26 11:25:00,2025-12-27 02:55:36,Software,Application Crash,High,Resolved,Portal,15.51,8,0,2
TKT-03925,128,8,2025-12-22 13:03:00,2025-12-22 16:54:00,Hardware,Laptop Performance,High,Resolved,Email,3.85,8,1,4
TKT-03926,252,1,2026-01-02 07:52:00,2026-01-02 16:53:48,Network,VPN Connection,High,Closed,Walk-up,9.03,8,0,3
TKT-03927,474,4,2025-10-16 08:21:00,2025-10-16 18:08:24,Software,Browser Issue,High,Resolved,Portal,9.79,8,0,1
TKT-03928,280,9,2025-10-30 10:30:00,2025-10-30 16:31:48,Printing,Printer Offline,High,Resolved,Walk-up,6.03,8,1,4
TKT-03929,465,4,2025-06-12 11:06:00,2025-06-12 13:55:48,Printing,Print Queue Stuck,High,Closed,Portal,2.83,8,1,4
TKT-03930,123,11,2025-03-13 17:35:00,2025-03-15 07:36:12,Security,Phishing Report,Medium,Resolved,Portal,38.02,24,0,1
TKT-03931,223,5,2025-01-31 13:33:00,2025-01-31 16:03:00,Account Access,Password Reset,Medium,Resolved,Email,2.50,24,1,4
TKT-03932,163,1,2026-05-18 15:23:00,2026-05-19 08:52:24,Software,Microsoft 365 Issue,Low,Closed,Phone,17.49,48,1,5
TKT-03933,58,12,2026-04-20 08:12:00,2026-04-20 20:08:24,Account Access,Password Reset,Medium,Closed,Phone,11.94,24,1,4
TKT-03934,29,8,2025-10-09 16:33:00,2025-10-10 01:50:24,Network,VPN Connection,Medium,Resolved,Portal,9.29,24,1,4
TKT-03935,131,12,2025-01-29 08:18:00,2025-01-29 13:49:48,Software,Application Access,High,Resolved,Portal,5.53,8,1,5
TKT-03936,182,9,2026-01-02 07:41:00,2026-01-02 11:46:24,Software,Application Crash,High,Resolved,Portal,4.09,8,1,4
TKT-03937,175,7,2026-03-11 09:49:00,2026-03-11 16:51:24,Security,Unauthorized Access Concern,High,Closed,Portal,7.04,8,1,3
TKT-03938,258,6,2025-12-29 09:18:00,2025-12-29 13:01:48,Software,Application Crash,Medium,Resolved,Phone,3.73,24,1,4
TKT-03939,194,9,2025-09-23 15:41:00,2025-09-23 20:09:48,Account Access,Locked Account,Medium,Resolved,Portal,4.48,24,1,5
TKT-03940,183,11,2025-11-03 08:10:00,2025-11-04 07:22:00,Network,Slow Network,Low,Closed,Portal,23.20,48,1,5
TKT-03941,311,2,2025-01-15 09:32:00,2025-01-16 10:07:24,Security,Lost/Stolen Device,Low,Closed,Email,24.59,48,1,5
TKT-03942,49,11,2025-03-10 16:26:00,2025-03-10 22:06:12,Software,Software Installation,High,Resolved,Email,5.67,8,1,5
TKT-03943,475,10,2026-07-02 11:15:00,2026-07-02 17:13:48,Hardware,Laptop Performance,High,Resolved,Portal,5.98,8,1,5
TKT-03944,179,8,2026-08-25 13:54:00,2026-08-25 22:26:24,Printing,Print Queue Stuck,Medium,Resolved,Walk-up,8.54,24,1,5
TKT-03945,165,8,2025-10-08 11:54:00,2025-10-08 12:21:00,Account Access,Password Reset,High,Closed,Email,0.45,8,1,4
TKT-03946,44,10,2025-07-16 15:15:00,2025-07-17 09:46:12,Hardware,Monitor Issue,Medium,Resolved,Portal,18.52,24,1,3
TKT-03947,154,2,2025-05-16 08:49:00,2025-05-16 20:35:48,Software,Microsoft 365 Issue,Medium,Resolved,Portal,11.78,24,1,4
TKT-03948,381,7,2025-06-12 16:31:00,2025-06-12 18:45:24,Printing,Printer Offline,High,Resolved,Email,2.24,8,1,4
TKT-03949,309,12,2025-09-22 12:04:00,2025-09-25 02:07:36,Network,Wi-Fi Connectivity,Low,Resolved,Phone,62.06,48,0,1
TKT-03950,444,5,2026-04-23 16:57:00,2026-04-24 10:15:36,Hardware,Laptop Performance,High,Resolved,Email,17.31,8,0,3
TKT-03951,148,2,2026-08-18 08:08:00,2026-08-18 10:02:00,Security,Phishing Report,Critical,Resolved,Email,1.90,4,1,4
TKT-03952,318,12,2025-01-09 15:31:00,2025-01-10 08:25:00,Hardware,Docking Station,High,Resolved,Phone,16.90,8,0,2
TKT-03953,264,11,2025-09-04 11:54:00,2025-09-04 19:46:48,Security,Phishing Report,Critical,Resolved,Phone,7.88,4,0,2
TKT-03954,374,4,2026-05-25 12:50:00,2026-05-25 18:08:36,Security,Malware Alert,Medium,Resolved,Portal,5.31,24,1,4
TKT-03955,21,1,2026-01-12 10:10:00,2026-01-13 02:52:00,Hardware,Laptop Won't Start,High,Resolved,Email,16.70,8,0,3
TKT-03956,110,1,2025-04-10 10:47:00,2025-04-10 18:56:36,Network,Slow Network,High,Resolved,Portal,8.16,8,0,2
TKT-03957,29,1,2025-12-03 14:16:00,2025-12-04 17:59:12,Network,Slow Network,Medium,Resolved,Portal,27.72,24,0,2
TKT-03958,400,1,2026-01-19 19:21:00,2026-01-20 06:16:48,Software,Microsoft 365 Issue,Medium,Resolved,Portal,10.93,24,1,5
TKT-03959,417,11,2026-02-04 19:06:00,2026-02-05 12:35:24,Hardware,Monitor Issue,Medium,Resolved,Portal,17.49,24,1,5
TKT-03960,367,7,2025-03-05 10:35:00,2025-03-06 11:22:24,Network,Wi-Fi Connectivity,Low,Resolved,Phone,24.79,48,1,5
TKT-03961,236,9,2025-12-11 14:01:00,2025-12-11 16:26:12,Software,Microsoft 365 Issue,Medium,Resolved,Email,2.42,24,1,5
TKT-03962,29,5,2025-08-27 16:09:00,2025-08-27 17:09:00,Account Access,Permissions Request,High,Resolved,Portal,1.00,8,1,5
TKT-03963,189,3,2026-08-27 17:41:00,2026-08-27 23:19:24,Software,Software Installation,High,Resolved,Portal,5.64,8,1,4
TKT-03964,108,9,2025-11-11 10:56:00,2025-11-12 10:35:00,Software,Software Installation,Medium,Resolved,Phone,23.65,24,1,5
TKT-03965,142,12,2025-06-25 16:48:00,2025-06-25 19:05:24,Software,Microsoft 365 Issue,High,Resolved,Phone,2.29,8,1,4
TKT-03966,100,1,2026-05-01 12:39:00,2026-05-01 15:35:24,Software,Application Crash,Medium,Closed,Email,2.94,24,1,5
TKT-03967,209,6,2025-04-16 12:25:00,2025-04-16 15:13:36,Security,Malware Alert,High,Resolved,Phone,2.81,8,1,3
TKT-03968,466,9,2025-12-31 10:23:00,2026-01-01 08:57:12,Software,Browser Issue,Medium,Resolved,Phone,22.57,24,1,5
TKT-03969,19,11,2026-04-28 18:07:00,2026-04-28 23:16:36,Hardware,Docking Station,Medium,Resolved,Phone,5.16,24,1,4
TKT-03970,20,8,2026-03-09 08:42:00,2026-03-09 15:00:00,Software,Application Crash,Medium,Resolved,Phone,6.30,24,1,3
TKT-03971,381,1,2025-03-12 18:05:00,2025-03-13 08:43:24,Network,VPN Connection,Medium,Resolved,Portal,14.64,24,1,4
TKT-03972,241,7,2025-12-03 13:42:00,2025-12-03 14:51:00,Account Access,Password Reset,High,Resolved,Email,1.15,8,1,5
TKT-03973,413,7,2025-04-07 08:28:00,2025-04-08 15:17:12,Software,Software Installation,Low,Resolved,Portal,30.82,48,1,5
TKT-03974,369,11,2026-08-21 10:29:00,2026-08-21 17:13:24,Software,Microsoft 365 Issue,Medium,Resolved,Email,6.74,24,1,5
TKT-03975,99,7,2025-09-02 10:51:00,2025-09-02 14:04:12,Hardware,Docking Station,Medium,Resolved,Portal,3.22,24,1,5
TKT-03976,101,11,2025-08-26 11:56:00,2025-08-26 21:05:36,Account Access,Locked Account,Medium,Resolved,Portal,9.16,24,1,5
TKT-03977,211,9,2025-12-22 09:40:00,2025-12-23 04:03:24,Printing,Print Queue Stuck,Low,Resolved,Phone,18.39,48,1,4
TKT-03978,492,8,2026-01-16 15:48:00,2026-01-19 02:45:36,Printing,Printer Offline,Low,Resolved,Walk-up,58.96,48,0,1
TKT-03979,166,11,2025-12-12 11:47:00,2025-12-12 16:47:00,Account Access,Password Reset,Medium,Resolved,Portal,5.00,24,1,4
TKT-03980,162,7,2025-04-18 18:01:00,2025-04-19 02:12:24,Security,Phishing Report,Medium,Closed,Email,8.19,24,1,5
TKT-03981,261,6,2025-04-09 10:55:00,2025-04-09 12:49:00,Account Access,Password Reset,Medium,Resolved,Walk-up,1.90,24,1,4
TKT-03982,367,9,2026-07-17 14:51:00,2026-07-22 02:31:48,Software,Microsoft 365 Issue,Low,Resolved,Portal,107.68,48,0,1
TKT-03983,488,9,2026-03-26 15:24:00,2026-03-26 17:17:24,Account Access,Password Reset,Medium,Resolved,Portal,1.89,24,1,3
TKT-03984,107,1,2026-01-27 17:17:00,2026-01-28 23:50:00,Account Access,Password Reset,Medium,Resolved,Phone,30.55,24,0,3
TKT-03985,73,10,2025-01-15 11:45:00,2025-01-17 00:25:48,Network,VPN Connection,Medium,Resolved,Portal,36.68,24,0,4
TKT-03986,390,4,2025-01-15 18:23:00,2025-01-16 05:02:36,Printing,Printer Permissions,Medium,Resolved,Portal,10.66,24,1,4
TKT-03987,210,8,2025-04-30 09:06:00,2025-04-30 11:33:36,Security,Malware Alert,High,Resolved,Walk-up,2.46,8,1,4
TKT-03988,107,8,2026-07-06 15:41:00,2026-07-08 20:53:36,Network,VPN Connection,Medium,Resolved,Phone,53.21,24,0,1
TKT-03989,57,7,2026-08-25 17:52:00,2026-08-26 01:30:24,Software,Application Access,Medium,Resolved,Walk-up,7.64,24,1,4
TKT-03990,20,2,2025-05-12 14:57:00,2025-05-12 20:24:36,Hardware,Monitor Issue,High,Resolved,Walk-up,5.46,8,1,4
TKT-03991,62,6,2026-05-12 13:18:00,2026-05-12 22:11:24,Network,Wi-Fi Connectivity,Critical,Resolved,Email,8.89,4,0,3
TKT-03992,255,4,2025-06-03 09:54:00,2025-06-03 15:42:00,Account Access,Locked Account,Medium,Closed,Portal,5.80,24,1,5
TKT-03993,216,5,2025-10-22 15:13:00,2025-10-22 23:03:24,Network,VPN Connection,High,Closed,Phone,7.84,8,1,4
TKT-03994,317,10,2025-10-10 10:42:00,2025-10-11 22:16:12,Network,VPN Connection,Medium,Resolved,Phone,35.57,24,0,2
TKT-03995,285,4,2026-02-13 08:18:00,2026-02-14 01:00:36,Network,VPN Connection,High,Resolved,Portal,16.71,8,0,3
TKT-03996,123,8,2026-07-16 12:11:00,2026-07-16 14:48:12,Network,Wi-Fi Connectivity,Critical,Resolved,Portal,2.62,4,1,4
TKT-03997,75,1,2025-01-09 08:40:00,2025-01-09 21:45:24,Hardware,Keyboard/Mouse,Medium,Resolved,Phone,13.09,24,1,3
TKT-03998,436,11,2026-06-02 13:20:00,2026-06-03 18:08:00,Account Access,MFA Issue,Medium,Resolved,Phone,28.80,24,0,2
TKT-03999,397,12,2026-01-20 13:30:00,2026-01-20 17:50:24,Security,Malware Alert,High,Resolved,Portal,4.34,8,1,3
TKT-04000,391,6,2025-07-14 11:11:00,2025-07-15 13:28:24,Network,VPN Connection,Medium,Resolved,Portal,26.29,24,0,2
TKT-04001,104,5,2025-06-05 12:35:00,2025-06-06 00:41:00,Account Access,Locked Account,Low,Resolved,Portal,12.10,48,1,4
TKT-04002,4,7,2026-04-30 12:48:00,2026-04-30 21:13:12,Network,Slow Network,High,Resolved,Phone,8.42,8,0,3
TKT-04003,89,9,2026-08-28 12:31:00,2026-08-28 20:13:36,Software,Application Crash,Medium,Closed,Email,7.71,24,1,3
TKT-04004,471,2,2026-07-03 10:35:00,2026-07-04 22:55:24,Printing,Printer Offline,Low,Resolved,Portal,36.34,48,1,5
TKT-04005,387,3,2025-08-13 12:53:00,2025-08-13 15:42:12,Security,Phishing Report,High,Closed,Phone,2.82,8,1,4
TKT-04006,209,12,2025-05-21 11:22:00,2025-05-21 17:58:00,Network,No Internet Access,Critical,Resolved,Portal,6.60,4,0,2
TKT-04007,249,11,2026-03-25 11:43:00,2026-03-25 22:57:24,Network,Wi-Fi Connectivity,High,Resolved,Email,11.24,8,0,2
TKT-04008,406,12,2025-05-06 14:54:00,2025-05-06 23:56:24,Hardware,Monitor Issue,Medium,Resolved,Phone,9.04,24,1,4
TKT-04009,151,10,2025-10-28 14:56:00,2025-10-29 04:25:24,Software,Software Installation,Medium,Resolved,Phone,13.49,24,1,5
TKT-04010,54,8,2026-08-06 09:05:00,2026-08-06 18:06:12,Software,Application Crash,Medium,Resolved,Walk-up,9.02,24,1,4
TKT-04011,419,9,2026-04-30 15:27:00,2026-05-01 00:05:24,Account Access,MFA Issue,Medium,Resolved,Phone,8.64,24,1,4
TKT-04012,223,4,2026-06-03 11:53:00,2026-06-03 23:09:48,Software,Software Installation,Medium,Resolved,Portal,11.28,24,1,4
TKT-04013,313,2,2026-02-17 10:22:00,2026-02-17 12:05:12,Account Access,Locked Account,High,Resolved,Email,1.72,8,1,4
TKT-04014,215,7,2026-03-03 09:35:00,2026-03-04 12:05:36,Account Access,MFA Issue,Low,Resolved,Phone,26.51,48,1,4
TKT-04015,260,5,2026-05-12 13:38:00,2026-05-13 01:45:48,Software,Microsoft 365 Issue,Medium,Resolved,Walk-up,12.13,24,1,4
TKT-04016,477,8,2026-02-02 12:11:00,2026-02-03 01:06:48,Network,VPN Connection,High,Resolved,Email,12.93,8,0,2
TKT-04017,145,10,2025-03-03 14:59:00,2025-03-03 16:27:12,Security,Suspicious Email,Critical,Resolved,Portal,1.47,4,1,4
TKT-04018,90,4,2026-02-05 12:38:00,2026-02-05 14:17:36,Account Access,Password Reset,Medium,Resolved,Walk-up,1.66,24,1,3
TKT-04019,132,4,2025-09-25 16:17:00,2025-09-25 20:53:36,Account Access,Locked Account,Medium,Closed,Walk-up,4.61,24,1,5
TKT-04020,14,1,2025-01-03 09:34:00,2025-01-03 11:46:00,Printing,Driver Issue,Medium,Resolved,Email,2.20,24,1,5
TKT-04021,139,6,2025-03-25 13:34:00,2025-03-25 15:04:00,Software,Software Installation,High,Closed,Email,1.50,8,1,5
TKT-04022,157,12,2026-04-13 12:58:00,2026-04-13 17:36:24,Software,Browser Issue,Medium,Resolved,Walk-up,4.64,24,1,5
TKT-04023,168,8,2025-11-11 12:18:00,2025-11-12 16:33:36,Account Access,Locked Account,Medium,Resolved,Portal,28.26,24,0,1
TKT-04024,241,10,2025-12-22 10:07:00,2025-12-22 18:38:12,Hardware,Battery/Power,High,Resolved,Email,8.52,8,0,2
TKT-04025,14,1,2026-06-26 15:07:00,2026-06-27 03:28:36,Network,Slow Network,High,Closed,Portal,12.36,8,0,2
TKT-04026,100,6,2026-03-26 09:10:00,2026-03-26 18:34:00,Network,Wi-Fi Connectivity,Medium,Closed,Phone,9.40,24,1,5
TKT-04027,142,4,2026-07-13 14:21:00,2026-07-13 21:19:48,Software,Application Access,Medium,Closed,Portal,6.98,24,1,5
TKT-04028,442,7,2026-05-26 14:52:00,2026-05-26 18:13:00,Network,No Internet Access,Medium,Closed,Portal,3.35,24,1,4
TKT-04029,45,1,2025-08-29 08:12:00,2025-08-29 20:46:48,Printing,Driver Issue,Low,Resolved,Portal,12.58,48,1,5
TKT-04030,92,4,2025-03-13 09:40:00,2025-03-13 15:47:48,Security,Suspicious Email,High,Resolved,Portal,6.13,8,1,5
TKT-04031,294,2,2025-10-14 10:18:00,2025-10-19 04:22:12,Account Access,Locked Account,Low,Closed,Phone,114.07,48,0,2
TKT-04032,141,9,2025-01-02 17:02:00,2025-01-03 09:10:24,Account Access,Permissions Request,Medium,Resolved,Walk-up,16.14,24,1,5
TKT-04033,341,6,2025-09-18 13:18:00,2025-09-18 17:40:48,Software,Browser Issue,Medium,Resolved,Portal,4.38,24,1,5
TKT-04034,109,3,2025-11-12 15:29:00,2025-11-12 16:50:36,Account Access,Password Reset,High,Closed,Portal,1.36,8,1,5
TKT-04035,169,1,2025-08-01 10:52:00,2025-08-01 15:45:24,Network,VPN Connection,High,Closed,Email,4.89,8,1,5
TKT-04036,201,1,2026-01-09 08:40:00,2026-01-13 12:50:12,Printing,Printer Offline,Low,Resolved,Portal,100.17,48,0,2
TKT-04037,443,6,2025-04-07 15:54:00,2025-04-08 03:10:48,Account Access,Locked Account,Medium,Resolved,Phone,11.28,24,1,4
TKT-04038,196,5,2026-01-16 11:52:00,2026-01-16 17:08:48,Printing,Printer Offline,Medium,Closed,Phone,5.28,24,1,4
TKT-04039,438,2,2026-06-08 10:12:00,2026-06-09 04:45:36,Network,VPN Connection,High,Closed,Email,18.56,8,0,2
TKT-04040,304,1,2025-08-01 14:59:00,2025-08-04 20:36:12,Network,Wi-Fi Connectivity,Low,Resolved,Portal,77.62,48,0,3
TKT-04041,248,10,2025-08-25 17:33:00,2025-08-25 19:39:36,Account Access,Password Reset,High,Resolved,Portal,2.11,8,1,5
TKT-04042,129,6,2025-05-08 13:03:00,2025-05-09 05:24:00,Network,VPN Connection,Medium,Resolved,Portal,16.35,24,1,5
TKT-04043,382,11,2026-01-05 14:30:00,2026-01-05 17:40:48,Account Access,Password Reset,Medium,Resolved,Email,3.18,24,1,5
TKT-04044,379,10,2026-03-26 16:32:00,2026-03-27 02:21:12,Hardware,Battery/Power,Medium,Resolved,Phone,9.82,24,1,4
TKT-04045,48,1,2026-07-13 12:13:00,2026-07-13 14:51:24,Account Access,Password Reset,Medium,Resolved,Phone,2.64,24,1,5
TKT-04046,351,10,2026-01-06 11:43:00,2026-01-06 23:23:48,Network,VPN Connection,Medium,Resolved,Portal,11.68,24,1,4
TKT-04047,261,12,2025-10-31 10:33:00,2025-10-31 13:00:36,Software,Software Installation,High,Resolved,Portal,2.46,8,1,5
TKT-04048,177,9,2025-10-22 16:51:00,2025-10-22 17:53:24,Security,Phishing Report,Critical,Closed,Email,1.04,4,1,4
TKT-04049,306,1,2026-04-07 19:57:00,2026-04-08 06:39:36,Network,VPN Connection,Medium,Resolved,Email,10.71,24,1,4
TKT-04050,406,10,2025-06-18 10:00:00,2025-06-18 19:10:12,Software,Microsoft 365 Issue,Medium,Closed,Phone,9.17,24,1,4
TKT-04051,216,3,2025-03-10 11:09:00,2025-03-11 13:45:00,Network,VPN Connection,Medium,Resolved,Portal,26.60,24,0,1
TKT-04052,297,9,2025-06-16 15:50:00,2025-06-17 07:51:48,Network,No Internet Access,High,Resolved,Portal,16.03,8,0,3
TKT-04053,213,12,2025-05-14 13:52:00,2025-05-16 23:08:12,Network,VPN Connection,Medium,Resolved,Phone,57.27,24,0,3
TKT-04054,161,1,2026-03-26 09:24:00,2026-03-26 12:33:00,Software,Microsoft 365 Issue,Critical,Resolved,Portal,3.15,4,1,4
TKT-04055,180,10,2025-10-07 08:40:00,2025-10-07 11:44:48,Security,Suspicious Email,Critical,Resolved,Phone,3.08,4,1,4
TKT-04056,114,5,2025-12-03 12:57:00,2025-12-05 04:40:48,Hardware,Docking Station,Medium,Resolved,Portal,39.73,24,0,3
TKT-04057,429,1,2026-02-16 16:23:00,2026-02-18 15:07:24,Software,Application Crash,Medium,Resolved,Portal,46.74,24,0,1
TKT-04058,159,2,2025-02-28 17:31:00,2025-03-01 13:50:48,Hardware,Laptop Won't Start,High,Closed,Phone,20.33,8,0,2
TKT-04059,38,4,2026-08-14 12:33:00,2026-08-15 06:57:36,Software,Application Crash,Medium,Resolved,Portal,18.41,24,1,5
TKT-04060,74,12,2026-08-26 14:49:00,2026-08-26 18:55:00,Security,Phishing Report,Medium,Resolved,Phone,4.10,24,1,5
TKT-04061,293,12,2025-01-15 14:54:00,2025-01-15 16:46:48,Software,Microsoft 365 Issue,Critical,Resolved,Portal,1.88,4,1,5
TKT-04062,188,3,2025-12-19 17:57:00,2025-12-21 20:49:12,Software,Browser Issue,Low,Resolved,Portal,50.87,48,0,2
TKT-04063,407,2,2026-07-08 14:25:00,2026-07-08 21:17:48,Network,No Internet Access,Medium,Resolved,Portal,6.88,24,1,4
TKT-04064,161,6,2025-02-28 15:15:00,2025-03-01 02:26:24,Printing,Printer Offline,Medium,Resolved,Portal,11.19,24,1,5
TKT-04065,189,1,2025-09-05 12:53:00,2025-09-05 22:09:48,Printing,Printer Offline,Medium,Resolved,Phone,9.28,24,1,5
TKT-04066,286,12,2025-02-24 18:02:00,2025-02-24 20:06:48,Security,Phishing Report,High,Closed,Portal,2.08,8,1,4
TKT-04067,408,10,2025-05-30 09:31:00,2025-05-30 10:54:24,Network,DNS Resolution,Critical,Resolved,Email,1.39,4,1,4
TKT-04068,411,12,2025-11-26 12:06:00,2025-11-26 16:13:48,Security,Phishing Report,High,Resolved,Portal,4.13,8,1,5
TKT-04069,254,4,2025-11-03 09:45:00,2025-11-03 11:42:36,Software,Application Crash,High,Resolved,Email,1.96,8,1,5
TKT-04070,229,11,2025-03-21 12:20:00,2025-03-21 14:27:12,Account Access,Permissions Request,High,Resolved,Phone,2.12,8,1,5
TKT-04071,77,3,2025-08-18 09:49:00,2025-08-18 13:26:48,Account Access,MFA Issue,Medium,Resolved,Portal,3.63,24,1,5
TKT-04072,200,7,2025-05-23 19:47:00,2025-05-24 03:41:00,Software,Software Installation,Medium,Resolved,Portal,7.90,24,1,5
TKT-04073,473,3,2026-05-18 08:17:00,2026-05-18 17:51:12,Hardware,Keyboard/Mouse,High,Closed,Portal,9.57,8,0,4
TKT-04074,107,8,2026-05-26 09:05:00,2026-05-26 10:34:24,Account Access,MFA Issue,High,Closed,Portal,1.49,8,1,3
TKT-04075,158,12,2025-08-01 16:40:00,2025-08-02 09:38:12,Network,VPN Connection,High,Resolved,Portal,16.97,8,0,2
TKT-04076,72,4,2025-07-10 10:37:00,2025-07-10 17:37:00,Network,Slow Network,High,Resolved,Phone,7.00,8,1,5
TKT-04077,313,4,2025-08-29 09:32:00,2025-08-30 04:54:12,Network,No Internet Access,Medium,Closed,Portal,19.37,24,1,3
TKT-04078,299,6,2025-11-25 10:25:00,2025-11-25 14:30:24,Hardware,Laptop Performance,High,Closed,Email,4.09,8,1,5
TKT-04079,430,12,2025-03-07 13:49:00,2025-03-07 20:02:12,Software,Application Crash,Medium,Resolved,Portal,6.22,24,1,5
TKT-04080,292,9,2026-07-23 16:08:00,2026-07-23 19:43:24,Software,Application Access,High,Resolved,Phone,3.59,8,1,4
TKT-04081,469,9,2025-05-09 13:02:00,2025-05-09 19:17:36,Software,Software Installation,Critical,Resolved,Portal,6.26,4,0,3
TKT-04082,494,8,2025-05-23 14:21:00,2025-05-25 19:30:00,Hardware,Keyboard/Mouse,Medium,Resolved,Phone,53.15,24,0,2
TKT-04083,85,3,2026-08-03 09:35:00,2026-08-05 10:43:24,Account Access,Locked Account,Medium,Resolved,Portal,49.14,24,0,2
TKT-04084,409,6,2026-08-21 10:14:00,2026-08-21 17:15:48,Hardware,Keyboard/Mouse,Medium,Closed,Portal,7.03,24,1,5
TKT-04085,8,7,2026-05-08 12:26:00,2026-05-08 20:42:48,Software,Microsoft 365 Issue,Medium,Closed,Portal,8.28,24,1,4
TKT-04086,238,12,2025-09-24 15:28:00,2025-09-25 00:36:24,Hardware,Battery/Power,Medium,Resolved,Portal,9.14,24,1,4
TKT-04087,444,6,2025-08-26 11:19:00,2025-08-26 12:52:36,Security,Phishing Report,High,Resolved,Portal,1.56,8,1,5
TKT-04088,239,10,2025-09-08 09:00:00,2025-09-08 15:34:48,Security,Malware Alert,Critical,Resolved,Portal,6.58,4,0,3
TKT-04089,75,7,2026-08-06 17:27:00,2026-08-06 19:20:24,Account Access,Password Reset,Medium,Resolved,Portal,1.89,24,1,4
TKT-04090,44,1,2026-03-20 08:02:00,2026-03-20 19:29:00,Account Access,Permissions Request,Medium,Resolved,Portal,11.45,24,1,5
TKT-04091,89,7,2026-02-24 09:02:00,2026-02-24 19:30:12,Network,Wi-Fi Connectivity,Medium,Resolved,Portal,10.47,24,1,3
TKT-04092,277,10,2025-08-20 10:48:00,2025-08-21 12:34:12,Network,VPN Connection,Medium,Resolved,Email,25.77,24,0,1
TKT-04093,241,4,2025-06-02 14:27:00,2025-06-03 02:09:00,Network,Wi-Fi Connectivity,High,Resolved,Email,11.70,8,0,2
TKT-04094,475,11,2026-04-23 19:52:00,2026-04-24 21:08:12,Hardware,Docking Station,Low,Closed,Email,25.27,48,1,4
TKT-04095,147,9,2025-11-10 15:58:00,2025-11-11 01:53:48,Software,Software Installation,High,Resolved,Portal,9.93,8,0,3
TKT-04096,314,7,2025-09-03 16:26:00,2025-09-03 20:58:24,Account Access,Permissions Request,High,Resolved,Portal,4.54,8,1,4
TKT-04097,258,8,2025-09-02 09:13:00,2025-09-02 13:02:12,Account Access,Locked Account,High,Resolved,Email,3.82,8,1,5
TKT-04098,401,1,2025-02-12 10:06:00,2025-02-12 16:10:48,Account Access,Locked Account,Medium,Resolved,Phone,6.08,24,1,4
TKT-04099,329,4,2025-10-30 13:20:00,2025-10-30 16:59:00,Account Access,Permissions Request,Medium,Resolved,Portal,3.65,24,1,5
TKT-04100,361,12,2026-07-16 13:46:00,2026-07-16 20:08:12,Network,No Internet Access,High,Resolved,Phone,6.37,8,1,4
TKT-04101,250,10,2025-07-31 08:21:00,2025-07-31 14:14:24,Printing,Printer Offline,Medium,Closed,Walk-up,5.89,24,1,4
TKT-04102,286,11,2025-04-22 16:00:00,2025-04-22 20:55:12,Software,Software Installation,High,Resolved,Portal,4.92,8,1,4
TKT-04103,469,2,2025-05-20 14:01:00,2025-05-21 04:54:24,Software,Application Crash,Medium,Closed,Portal,14.89,24,1,5
TKT-04104,406,3,2025-02-27 10:10:00,2025-02-27 11:52:36,Account Access,Password Reset,High,Closed,Email,1.71,8,1,5
TKT-04105,65,12,2026-07-09 10:26:00,2026-07-09 17:14:36,Hardware,Keyboard/Mouse,Medium,Resolved,Portal,6.81,24,1,4
TKT-04106,82,7,2025-01-17 13:21:00,2025-01-17 19:36:00,Network,No Internet Access,Medium,Resolved,Portal,6.25,24,1,4
TKT-04107,427,1,2025-05-07 17:49:00,2025-05-07 19:58:00,Printing,Printer Offline,High,Closed,Portal,2.15,8,1,5
TKT-04108,197,10,2025-12-09 10:37:00,2025-12-10 03:59:48,Software,Application Access,Medium,Resolved,Portal,17.38,24,1,3
TKT-04109,442,3,2026-04-08 11:53:00,2026-04-08 17:35:36,Security,Suspicious Email,High,Closed,Phone,5.71,8,1,4
TKT-04110,180,10,2026-08-28 16:20:00,2026-08-29 06:02:00,Software,Application Access,Low,Resolved,Portal,13.70,48,1,4
TKT-04111,56,2,2025-07-31 12:40:00,2025-08-01 00:24:24,Printing,Printer Permissions,Low,Resolved,Portal,11.74,48,1,4
TKT-04112,413,2,2025-11-12 08:11:00,2025-11-13 17:59:36,Network,Wi-Fi Connectivity,Medium,Resolved,Email,33.81,24,0,3
TKT-04113,249,12,2025-03-20 14:33:00,2025-03-20 18:04:48,Software,Browser Issue,Medium,Resolved,Portal,3.53,24,1,4
TKT-04114,112,4,2025-09-08 18:40:00,2025-09-08 23:02:48,Security,Phishing Report,High,Closed,Portal,4.38,8,1,4
TKT-04115,53,3,2026-01-30 10:49:00,2026-01-30 13:01:36,Account Access,MFA Issue,High,Closed,Walk-up,2.21,8,1,3
TKT-04116,337,3,2026-05-06 18:13:00,2026-05-07 09:05:48,Hardware,Battery/Power,Medium,Resolved,Email,14.88,24,1,5
TKT-04117,41,10,2026-06-15 15:09:00,2026-06-15 23:24:00,Account Access,Locked Account,High,Resolved,Portal,8.25,8,0,1
TKT-04118,95,3,2026-05-26 15:50:00,2026-05-27 21:36:12,Software,Application Crash,Low,Closed,Portal,29.77,48,1,5
TKT-04119,295,4,2026-08-27 10:01:00,2026-08-27 21:41:12,Network,Slow Network,Low,Resolved,Walk-up,11.67,48,1,4
TKT-04120,129,4,2025-05-01 14:47:00,2025-05-01 15:53:00,Account Access,Permissions Request,High,Resolved,Email,1.10,8,1,5
TKT-04121,367,1,2026-02-12 14:53:00,2026-02-12 21:24:12,Software,Application Access,Medium,Resolved,Portal,6.52,24,1,5
TKT-04122,50,1,2025-02-27 15:38:00,2025-03-01 08:21:48,Network,No Internet Access,Low,Resolved,Phone,40.73,48,1,5
TKT-04123,231,11,2025-12-02 18:59:00,2025-12-03 03:24:12,Network,VPN Connection,Medium,Closed,Walk-up,8.42,24,1,5
TKT-04124,148,3,2026-04-23 12:46:00,2026-04-24 00:44:48,Printing,Driver Issue,High,Resolved,Email,11.98,8,0,4
TKT-04125,378,3,2025-05-29 11:41:00,2025-05-30 03:12:48,Hardware,Laptop Performance,Low,Resolved,Portal,15.53,48,1,5
TKT-04126,463,6,2026-07-09 10:52:00,2026-07-09 14:01:36,Network,VPN Connection,High,Resolved,Email,3.16,8,1,3
TKT-04127,432,2,2026-04-22 09:30:00,2026-04-24 01:40:48,Hardware,Laptop Won't Start,Medium,Resolved,Email,40.18,24,0,4
TKT-04128,27,6,2025-12-04 10:01:00,2025-12-05 02:46:36,Hardware,Keyboard/Mouse,High,Resolved,Email,16.76,8,0,3
TKT-04129,341,6,2025-08-21 16:19:00,2025-08-22 01:42:24,Account Access,MFA Issue,Medium,Resolved,Portal,9.39,24,1,4
TKT-04130,488,4,2025-04-29 15:30:00,2025-04-30 18:28:12,Network,Wi-Fi Connectivity,Medium,Resolved,Phone,26.97,24,0,3
TKT-04131,257,1,2026-03-17 09:09:00,2026-03-17 13:47:24,Security,Phishing Report,High,Closed,Portal,4.64,8,1,4
TKT-04132,414,12,2026-03-17 16:20:00,2026-03-17 22:14:00,Account Access,Password Reset,Medium,Closed,Walk-up,5.90,24,1,5
TKT-04133,63,12,2025-05-30 08:59:00,2025-05-30 19:22:24,Software,Microsoft 365 Issue,Medium,Resolved,Portal,10.39,24,1,5
TKT-04134,341,11,2025-07-02 10:49:00,2025-07-04 06:42:24,Software,Application Crash,Medium,Resolved,Portal,43.89,24,0,3
TKT-04135,207,5,2026-07-13 17:03:00,2026-07-14 10:16:12,Network,VPN Connection,High,Closed,Portal,17.22,8,0,1
TKT-04136,18,12,2025-05-13 09:56:00,2025-05-13 17:26:00,Security,Suspicious Email,High,Closed,Email,7.50,8,1,5
TKT-04137,238,4,2025-05-14 16:47:00,2025-05-14 19:09:48,Network,Slow Network,Critical,Resolved,Email,2.38,4,1,5
TKT-04138,315,3,2025-08-18 10:02:00,2025-08-18 11:44:36,Account Access,Password Reset,High,Resolved,Walk-up,1.71,8,1,5
TKT-04139,335,7,2026-02-10 08:51:00,2026-02-10 13:17:24,Network,Wi-Fi Connectivity,High,Closed,Portal,4.44,8,1,4
TKT-04140,102,1,2025-10-21 15:18:00,2025-10-21 18:18:00,Account Access,Password Reset,Medium,Resolved,Portal,3.00,24,1,5
TKT-04141,87,9,2025-03-03 14:40:00,2025-03-04 09:21:24,Hardware,Laptop Performance,High,Resolved,Phone,18.69,8,0,3
TKT-04142,314,6,2025-01-16 14:31:00,2025-01-16 16:04:36,Account Access,Password Reset,High,Resolved,Email,1.56,8,1,5
TKT-04143,493,1,2025-04-15 14:58:00,2025-04-15 21:56:12,Network,No Internet Access,High,Resolved,Walk-up,6.97,8,1,4
TKT-04144,177,5,2025-03-11 17:15:00,2025-03-13 05:08:24,Software,Software Installation,Low,Resolved,Phone,35.89,48,1,3
TKT-04145,500,8,2026-06-29 13:25:00,2026-06-29 20:05:48,Printing,Printer Permissions,Medium,Resolved,Portal,6.68,24,1,3
TKT-04146,193,1,2025-07-04 09:43:00,2025-07-05 15:23:12,Hardware,Monitor Issue,Medium,Closed,Portal,29.67,24,0,3
TKT-04147,288,12,2026-01-07 11:57:00,2026-01-07 15:22:12,Software,Microsoft 365 Issue,High,Resolved,Portal,3.42,8,1,5
TKT-04148,164,6,2025-05-01 17:34:00,2025-05-02 00:39:24,Software,Microsoft 365 Issue,Medium,Resolved,Email,7.09,24,1,5
TKT-04149,333,5,2025-08-11 14:57:00,2025-08-13 06:57:36,Account Access,MFA Issue,Medium,Resolved,Email,40.01,24,0,2
TKT-04150,206,12,2026-04-29 12:06:00,2026-04-30 00:48:36,Software,Microsoft 365 Issue,Medium,Resolved,Portal,12.71,24,1,5
TKT-04151,444,3,2025-05-22 09:19:00,2025-05-23 19:19:36,Software,Microsoft 365 Issue,Low,Closed,Portal,34.01,48,1,4
TKT-04152,386,7,2026-08-28 10:26:00,2026-08-28 19:47:36,Software,Browser Issue,Medium,Resolved,Portal,9.36,24,1,5
TKT-04153,81,6,2025-03-24 08:09:00,2025-03-24 23:18:36,Software,Browser Issue,Low,Resolved,Portal,15.16,48,1,5
TKT-04154,376,5,2025-05-07 13:58:00,2025-05-08 08:50:12,Software,Application Access,Low,Closed,Phone,18.87,48,1,5
TKT-04155,321,7,2025-02-27 08:26:00,2025-03-01 00:02:00,Network,Wi-Fi Connectivity,Medium,Resolved,Phone,39.60,24,0,2
TKT-04156,256,6,2025-08-13 12:06:00,2025-08-14 00:36:00,Software,Application Access,Medium,Resolved,Portal,12.50,24,1,5
TKT-04157,143,9,2026-08-26 07:24:00,2026-08-26 10:58:48,Software,Software Installation,High,Resolved,Walk-up,3.58,8,1,4
TKT-04158,444,8,2025-07-15 15:05:00,2025-07-16 04:50:00,Printing,Driver Issue,Low,Resolved,Phone,13.75,48,1,4
TKT-04159,408,5,2026-06-25 11:54:00,2026-06-26 05:37:12,Hardware,Laptop Performance,High,Resolved,Portal,17.72,8,0,2
TKT-04160,496,4,2025-10-27 16:36:00,2025-10-27 18:13:12,Security,Malware Alert,Critical,Resolved,Portal,1.62,4,1,5
TKT-04161,232,6,2025-11-18 14:22:00,2025-11-18 18:08:48,Software,Application Crash,Critical,Resolved,Walk-up,3.78,4,1,5
TKT-04162,245,5,2026-03-31 10:52:00,2026-03-31 14:55:36,Network,No Internet Access,High,Resolved,Portal,4.06,8,1,5
TKT-04163,42,3,2026-04-02 09:50:00,2026-04-04 12:43:24,Software,Microsoft 365 Issue,Low,Resolved,Portal,50.89,48,0,4
TKT-04164,284,9,2026-03-24 13:02:00,2026-03-24 21:25:24,Hardware,Keyboard/Mouse,Medium,Resolved,Portal,8.39,24,1,3
TKT-04165,38,10,2025-11-04 17:25:00,2025-11-04 17:37:00,Account Access,Password Reset,High,Resolved,Email,0.20,8,1,4
TKT-04166,450,1,2026-02-16 16:32:00,2026-02-16 23:40:24,Network,VPN Connection,High,Resolved,Walk-up,7.14,8,1,5
TKT-04167,288,8,2025-09-03 12:37:00,2025-09-03 19:58:00,Software,Application Crash,Medium,Resolved,Portal,7.35,24,1,4
TKT-04168,149,2,2026-02-19 09:21:00,2026-02-20 07:37:12,Software,Application Access,Medium,Closed,Phone,22.27,24,1,4
TKT-04169,64,12,2026-07-13 10:15:00,2026-07-13 19:58:12,Security,Malware Alert,Medium,Resolved,Phone,9.72,24,1,3
TKT-04170,166,3,2025-06-25 11:31:00,2025-06-25 16:05:12,Software,Application Access,Medium,Resolved,Phone,4.57,24,1,4
TKT-04171,346,1,2026-06-30 10:13:00,2026-07-02 10:23:12,Account Access,Password Reset,Medium,Resolved,Email,48.17,24,0,1
TKT-04172,472,9,2025-03-28 15:09:00,2025-03-29 22:28:12,Hardware,Keyboard/Mouse,Medium,Resolved,Walk-up,31.32,24,0,1
TKT-04173,19,7,2025-01-06 11:36:00,2025-01-06 18:50:24,Software,Microsoft 365 Issue,Low,Resolved,Portal,7.24,48,1,4
TKT-04174,138,2,2025-03-05 14:55:00,2025-03-06 05:34:36,Hardware,Keyboard/Mouse,Medium,Resolved,Portal,14.66,24,1,5
TKT-04175,282,10,2026-08-27 15:30:00,2026-08-29 03:06:36,Security,Suspicious Email,Medium,Resolved,Walk-up,35.61,24,0,3
TKT-04176,122,3,2025-02-27 16:02:00,2025-02-27 19:14:00,Account Access,MFA Issue,High,Resolved,Portal,3.20,8,1,5
TKT-04177,236,3,2026-07-31 13:51:00,2026-07-31 19:24:00,Software,Software Installation,Medium,Resolved,Phone,5.55,24,1,4
TKT-04178,420,3,2025-09-29 10:19:00,2025-09-29 14:52:00,Software,Microsoft 365 Issue,Medium,Closed,Portal,4.55,24,1,5
TKT-04179,151,4,2025-12-18 15:31:00,2025-12-18 17:11:12,Printing,Driver Issue,Medium,Resolved,Portal,1.67,24,1,5
TKT-04180,316,9,2025-12-22 13:20:00,2025-12-22 21:23:36,Hardware,Docking Station,High,Resolved,Email,8.06,8,0,2
TKT-04181,400,1,2026-04-03 15:43:00,2026-04-04 03:36:24,Network,No Internet Access,High,Resolved,Phone,11.89,8,0,3
TKT-04182,344,4,2025-06-30 13:17:00,2025-06-30 21:54:48,Network,VPN Connection,High,Resolved,Email,8.63,8,0,2
TKT-04183,471,1,2026-01-12 10:09:00,2026-01-12 17:48:36,Printing,Printer Permissions,Medium,Resolved,Phone,7.66,24,1,5
TKT-04184,488,10,2025-12-12 14:43:00,2025-12-13 10:35:48,Hardware,Battery/Power,Medium,Closed,Portal,19.88,24,1,5
TKT-04185,65,11,2026-03-26 12:09:00,2026-03-26 23:31:48,Printing,Print Queue Stuck,Low,Resolved,Portal,11.38,48,1,5
TKT-04186,389,2,2025-06-12 09:47:00,2025-06-13 06:01:24,Security,Malware Alert,Low,Resolved,Email,20.24,48,1,4
TKT-04187,334,9,2026-03-16 09:47:00,2026-03-16 10:21:12,Account Access,Password Reset,High,Resolved,Walk-up,0.57,8,1,5
TKT-04188,369,8,2025-06-02 16:50:00,2025-06-03 07:15:12,Software,Application Access,Medium,Closed,Walk-up,14.42,24,1,5
TKT-04189,104,1,2025-04-11 11:19:00,2025-04-12 01:44:48,Network,VPN Connection,High,Resolved,Portal,14.43,8,0,2
TKT-04190,231,6,2026-07-23 18:35:00,2026-07-23 22:29:00,Security,Suspicious Email,High,Resolved,Phone,3.90,8,1,5
TKT-04191,116,12,2025-01-13 13:53:00,2025-01-14 08:35:36,Security,Unauthorized Access Concern,High,Resolved,Phone,18.71,8,0,1
TKT-04192,257,11,2026-08-21 15:13:00,2026-08-21 19:11:48,Account Access,Permissions Request,Critical,Resolved,Portal,3.98,4,1,4
TKT-04193,79,12,2026-04-08 13:36:00,2026-04-08 18:58:12,Network,VPN Connection,High,Closed,Portal,5.37,8,1,4
TKT-04194,489,7,2026-01-30 14:14:00,2026-02-01 01:03:12,Software,Software Installation,Medium,Resolved,Portal,34.82,24,0,2
TKT-04195,370,9,2026-05-07 11:24:00,2026-05-07 12:44:24,Account Access,Password Reset,Medium,Resolved,Walk-up,1.34,24,1,5
TKT-04196,306,3,2025-05-21 07:29:00,2025-05-21 12:14:00,Software,Application Crash,Medium,Resolved,Portal,4.75,24,1,5
TKT-04197,361,6,2025-08-27 15:30:00,2025-08-27 16:31:12,Account Access,MFA Issue,High,Closed,Portal,1.02,8,1,4
TKT-04198,376,12,2026-07-10 13:52:00,2026-07-10 15:22:00,Account Access,Password Reset,Medium,Resolved,Phone,1.50,24,1,3
TKT-04199,272,10,2025-08-28 16:52:00,2025-08-28 22:19:36,Security,Phishing Report,High,Resolved,Portal,5.46,8,1,4
TKT-04200,132,11,2025-09-16 15:02:00,2025-09-17 03:01:24,Hardware,Monitor Issue,Medium,Closed,Portal,11.99,24,1,5
TKT-04201,99,9,2025-03-21 09:27:00,2025-03-22 09:13:12,Hardware,Laptop Performance,Medium,Resolved,Email,23.77,24,1,5
TKT-04202,330,12,2026-07-09 11:45:00,2026-07-09 23:24:00,Account Access,MFA Issue,Medium,Resolved,Walk-up,11.65,24,1,3
TKT-04203,280,6,2025-01-09 16:57:00,2025-01-10 10:07:12,Software,Application Crash,Medium,Resolved,Walk-up,17.17,24,1,5
TKT-04204,470,8,2026-08-25 18:59:00,2026-08-27 05:28:24,Software,Browser Issue,Medium,Resolved,Portal,34.49,24,0,2
TKT-04205,250,10,2025-10-24 10:27:00,2025-10-25 08:42:36,Network,Slow Network,Low,Resolved,Walk-up,22.26,48,1,3
TKT-04206,469,10,2026-05-04 07:13:00,2026-05-04 14:04:00,Account Access,Permissions Request,High,Resolved,Portal,6.85,8,1,4
TKT-04207,395,2,2025-10-01 18:12:00,2025-10-01 21:49:12,Account Access,Password Reset,Medium,Resolved,Phone,3.62,24,1,5
TKT-04208,279,8,2026-03-10 12:25:00,2026-03-11 13:47:48,Network,VPN Connection,Medium,Closed,Portal,25.38,24,0,2
TKT-04209,150,1,2025-07-10 12:03:00,2025-07-10 17:03:36,Account Access,Password Reset,Low,Closed,Email,5.01,48,1,4
TKT-04210,277,7,2026-02-04 16:36:00,2026-02-04 22:05:24,Printing,Driver Issue,Medium,Resolved,Portal,5.49,24,1,5
TKT-04211,443,8,2025-04-23 09:33:00,2025-04-25 22:38:24,Software,Application Access,Low,Resolved,Email,61.09,48,0,2
TKT-04212,394,11,2026-06-01 14:26:00,2026-06-02 02:33:12,Software,Application Access,High,Resolved,Portal,12.12,8,0,1
TKT-04213,170,11,2025-05-05 07:01:00,2025-05-09 20:48:24,Account Access,Password Reset,Low,Resolved,Phone,109.79,48,0,2
TKT-04214,46,6,2025-11-17 14:25:00,2025-11-17 23:41:12,Hardware,Laptop Performance,Medium,Resolved,Phone,9.27,24,1,4
TKT-04215,210,11,2025-10-03 09:12:00,2025-10-05 08:45:00,Security,Malware Alert,Medium,Resolved,Portal,47.55,24,0,1
TKT-04216,87,11,2026-04-09 14:59:00,2026-04-10 00:39:48,Network,No Internet Access,Medium,Resolved,Portal,9.68,24,1,4
TKT-04217,333,1,2026-06-11 09:20:00,2026-06-11 11:09:12,Printing,Printer Offline,High,Closed,Portal,1.82,8,1,5
TKT-04218,49,3,2025-01-06 11:38:00,2025-01-07 17:41:36,Account Access,Locked Account,Medium,Closed,Portal,30.06,24,0,3
TKT-04219,144,10,2026-06-16 13:30:00,2026-06-19 10:53:24,Software,Browser Issue,Low,Resolved,Email,69.39,48,0,3
TKT-04220,396,11,2025-11-10 08:45:00,2025-11-10 11:13:48,Network,Slow Network,High,Resolved,Portal,2.48,8,1,4
TKT-04221,53,3,2025-08-04 11:57:00,2025-08-05 10:58:12,Hardware,Monitor Issue,Medium,Resolved,Portal,23.02,24,1,4
TKT-04222,182,6,2026-06-03 12:21:00,2026-06-04 11:12:00,Account Access,Locked Account,Low,Closed,Email,22.85,48,1,3
TKT-04223,106,9,2026-03-02 13:34:00,2026-03-03 06:55:36,Network,Wi-Fi Connectivity,High,Resolved,Email,17.36,8,0,2
TKT-04224,110,7,2026-01-14 08:22:00,2026-01-15 14:32:48,Network,No Internet Access,Medium,Closed,Email,30.18,24,0,2
TKT-04225,163,8,2026-03-06 12:43:00,2026-03-06 17:12:24,Network,VPN Connection,Critical,Resolved,Portal,4.49,4,0,2
TKT-04226,69,6,2026-05-07 12:53:00,2026-05-07 19:42:12,Security,Phishing Report,Medium,Resolved,Email,6.82,24,1,5
TKT-04227,339,4,2026-06-01 13:36:00,2026-06-01 22:06:36,Network,VPN Connection,Critical,Resolved,Portal,8.51,4,0,1
TKT-04228,142,7,2026-05-21 14:51:00,2026-05-21 18:50:24,Network,DNS Resolution,High,Resolved,Email,3.99,8,1,5
TKT-04229,291,1,2025-07-10 13:03:00,2025-07-10 17:28:12,Software,Application Access,High,Resolved,Email,4.42,8,1,5
TKT-04230,216,1,2025-03-17 17:26:00,2025-03-19 09:32:00,Printing,Printer Offline,Medium,Closed,Email,40.10,24,0,3
TKT-04231,259,12,2026-08-13 11:39:00,2026-08-13 19:58:12,Account Access,Locked Account,Low,Resolved,Email,8.32,48,1,5
TKT-04232,72,5,2025-05-08 10:16:00,2025-05-10 12:16:36,Hardware,Monitor Issue,Medium,Resolved,Portal,50.01,24,0,4
TKT-04233,444,10,2026-06-24 15:49:00,2026-06-24 18:01:36,Security,Unauthorized Access Concern,High,Resolved,Email,2.21,8,1,5
TKT-04234,258,4,2025-07-18 10:27:00,2025-07-18 12:30:00,Account Access,Permissions Request,High,Resolved,Email,2.05,8,1,4
TKT-04235,391,1,2026-05-15 16:23:00,2026-05-15 20:41:00,Security,Malware Alert,High,Resolved,Walk-up,4.30,8,1,5
TKT-04236,103,11,2025-07-18 15:06:00,2025-07-18 21:30:00,Software,Microsoft 365 Issue,Medium,Resolved,Portal,6.40,24,1,4
TKT-04237,387,5,2026-05-07 11:55:00,2026-05-07 13:37:00,Network,Wi-Fi Connectivity,High,Resolved,Email,1.70,8,1,5
TKT-04238,26,10,2026-06-26 09:42:00,2026-06-27 05:37:48,Network,VPN Connection,Medium,Closed,Phone,19.93,24,1,4
TKT-04239,40,2,2025-07-04 10:30:00,2025-07-04 13:35:24,Network,No Internet Access,Medium,Resolved,Email,3.09,24,1,4
TKT-04240,136,8,2026-07-24 11:12:00,2026-07-24 12:15:00,Security,Unauthorized Access Concern,Critical,Resolved,Portal,1.05,4,1,4
TKT-04241,64,12,2025-02-27 08:42:00,2025-02-28 14:23:24,Network,No Internet Access,Medium,Closed,Email,29.69,24,0,1
TKT-04242,164,4,2025-03-06 17:30:00,2025-03-07 05:39:36,Software,Software Installation,High,Closed,Portal,12.16,8,0,2
TKT-04243,4,3,2025-06-03 09:47:00,2025-06-03 13:30:12,Account Access,Locked Account,Medium,Resolved,Portal,3.72,24,1,5
TKT-04244,428,6,2025-01-15 08:44:00,2025-01-16 14:54:12,Software,Microsoft 365 Issue,Low,Resolved,Email,30.17,48,1,3
TKT-04245,457,6,2025-05-29 15:10:00,2025-05-29 20:54:24,Hardware,Monitor Issue,High,Resolved,Phone,5.74,8,1,5
TKT-04246,4,6,2025-04-08 07:44:00,2025-04-09 01:05:00,Software,Software Installation,Medium,Closed,Phone,17.35,24,1,4
TKT-04247,77,8,2025-05-13 12:25:00,2025-05-13 21:10:00,Network,Slow Network,High,Resolved,Email,8.75,8,0,4
TKT-04248,26,5,2025-02-14 16:25:00,2025-02-15 00:03:24,Printing,Printer Permissions,Medium,Resolved,Portal,7.64,24,1,5
TKT-04249,292,6,2025-02-13 08:43:00,2025-02-13 12:25:00,Software,Browser Issue,High,Resolved,Walk-up,3.70,8,1,5
TKT-04250,76,4,2025-08-28 10:52:00,2025-08-28 17:40:00,Account Access,MFA Issue,Medium,Closed,Walk-up,6.80,24,1,4
TKT-04251,190,8,2026-05-14 17:00:00,2026-05-15 04:31:12,Hardware,Laptop Performance,Medium,Resolved,Email,11.52,24,1,5
TKT-04252,443,3,2025-01-06 13:48:00,2025-01-06 20:30:36,Network,No Internet Access,Medium,Resolved,Walk-up,6.71,24,1,4
TKT-04253,76,3,2026-04-07 10:22:00,2026-04-07 21:20:48,Network,Wi-Fi Connectivity,Medium,Resolved,Phone,10.98,24,1,4
TKT-04254,460,4,2025-03-28 09:58:00,2025-03-28 13:39:24,Software,Application Crash,Medium,Resolved,Email,3.69,24,1,5
TKT-04255,494,10,2025-06-10 09:11:00,2025-06-10 10:22:24,Software,Software Installation,High,Resolved,Phone,1.19,8,1,5
TKT-04256,247,1,2026-02-17 09:02:00,2026-02-17 15:30:48,Software,Microsoft 365 Issue,Medium,Resolved,Phone,6.48,24,1,4
TKT-04257,376,1,2026-01-15 09:18:00,2026-01-15 14:10:12,Security,Malware Alert,Critical,Resolved,Email,4.87,4,0,3
TKT-04258,375,1,2026-07-13 14:01:00,2026-07-14 15:25:36,Printing,Printer Offline,Low,Resolved,Portal,25.41,48,1,5
TKT-04259,53,10,2026-03-24 16:06:00,2026-03-24 20:28:12,Hardware,Docking Station,High,Resolved,Email,4.37,8,1,4
TKT-04260,362,5,2026-07-03 12:59:00,2026-07-03 17:05:00,Printing,Printer Permissions,Medium,Resolved,Phone,4.10,24,1,5
TKT-04261,421,2,2025-09-18 08:47:00,2025-09-18 09:40:24,Software,Application Crash,Critical,Resolved,Portal,0.89,4,1,5
TKT-04262,96,1,2026-07-09 09:55:00,2026-07-09 16:10:00,Account Access,Password Reset,Low,Resolved,Email,6.25,48,1,5
TKT-04263,95,2,2025-04-08 13:31:00,2025-04-08 21:02:12,Software,Microsoft 365 Issue,Medium,Closed,Phone,7.52,24,1,4
TKT-04264,153,1,2025-07-28 10:42:00,2025-07-28 17:03:36,Printing,Print Queue Stuck,Medium,Closed,Walk-up,6.36,24,1,4
TKT-04265,361,6,2025-09-10 09:29:00,2025-09-10 11:24:12,Software,Application Access,High,Resolved,Portal,1.92,8,1,5
TKT-04266,479,5,2026-08-05 12:03:00,2026-08-05 19:07:48,Network,DNS Resolution,High,Closed,Phone,7.08,8,1,5
TKT-04267,15,1,2025-06-03 17:18:00,2025-06-04 07:38:24,Network,Wi-Fi Connectivity,Medium,Resolved,Portal,14.34,24,1,4
TKT-04268,426,11,2025-01-30 10:33:00,2025-01-31 10:00:00,Software,Application Crash,Low,Resolved,Email,23.45,48,1,5
TKT-04269,92,8,2025-05-21 15:52:00,2025-05-21 19:32:12,Software,Application Access,High,Resolved,Phone,3.67,8,1,5
TKT-04270,468,3,2025-03-19 19:23:00,2025-03-19 22:38:00,Hardware,Laptop Performance,Critical,Resolved,Portal,3.25,4,1,3
TKT-04271,298,9,2025-01-02 10:20:00,2025-01-02 18:11:00,Network,VPN Connection,High,Closed,Email,7.85,8,1,3
TKT-04272,211,1,2025-11-10 16:29:00,2025-11-11 16:18:12,Hardware,Docking Station,Medium,Resolved,Walk-up,23.82,24,1,3
TKT-04273,362,9,2026-05-19 14:48:00,2026-05-20 23:36:00,Network,VPN Connection,Medium,Resolved,Portal,32.80,24,0,4
TKT-04274,91,10,2025-06-16 09:56:00,2025-06-16 14:38:00,Software,Application Access,Medium,Resolved,Email,4.70,24,1,5
TKT-04275,432,5,2025-11-17 09:41:00,2025-11-17 10:11:00,Account Access,Password Reset,High,Resolved,Portal,0.50,8,1,4
TKT-04276,82,9,2026-06-11 15:31:00,2026-06-12 00:53:12,Software,Application Crash,High,Closed,Walk-up,9.37,8,0,2
TKT-04277,444,2,2026-03-31 13:53:00,2026-03-31 21:42:12,Hardware,Docking Station,Low,Resolved,Portal,7.82,48,1,5
TKT-04278,155,8,2025-08-27 16:05:00,2025-08-27 17:29:00,Account Access,Password Reset,High,Closed,Walk-up,1.40,8,1,4
TKT-04279,484,12,2025-07-08 13:31:00,2025-07-08 19:32:12,Account Access,MFA Issue,Medium,Resolved,Phone,6.02,24,1,5
TKT-04280,262,8,2025-03-31 19:37:00,2025-04-01 00:25:36,Software,Application Access,High,Closed,Phone,4.81,8,1,3
TKT-04281,128,9,2025-10-29 08:15:00,2025-10-29 23:47:24,Software,Application Crash,Medium,Resolved,Phone,15.54,24,1,5
TKT-04282,19,6,2025-04-21 12:13:00,2025-04-22 03:35:48,Printing,Print Queue Stuck,Medium,Resolved,Portal,15.38,24,1,4
TKT-04283,80,5,2025-03-05 11:37:00,2025-03-06 08:59:12,Software,Microsoft 365 Issue,Medium,Resolved,Email,21.37,24,1,5
TKT-04284,226,8,2025-09-03 14:53:00,2025-09-06 07:04:24,Network,VPN Connection,Low,Closed,Phone,64.19,48,0,4
TKT-04285,246,11,2026-06-17 10:06:00,2026-06-17 14:11:24,Network,Wi-Fi Connectivity,High,Resolved,Portal,4.09,8,1,5
TKT-04286,75,2,2025-09-23 15:32:00,2025-09-24 19:48:48,Security,Phishing Report,Medium,Resolved,Portal,28.28,24,0,4
TKT-04287,444,7,2025-03-27 15:25:00,2025-04-02 16:31:00,Software,Browser Issue,Low,Resolved,Email,145.10,48,0,3
TKT-04288,15,9,2026-08-06 09:23:00,2026-08-06 18:11:36,Network,Wi-Fi Connectivity,High,Resolved,Phone,8.81,8,0,1
TKT-04289,400,8,2025-11-19 15:51:00,2025-11-19 23:38:24,Account Access,Permissions Request,Medium,Resolved,Portal,7.79,24,1,5
TKT-04290,40,8,2026-08-24 12:59:00,2026-08-24 17:41:00,Security,Phishing Report,Medium,Resolved,Portal,4.70,24,1,4
TKT-04291,162,4,2025-10-09 11:55:00,2025-10-09 16:26:12,Printing,Printer Offline,Low,Resolved,Portal,4.52,48,1,3
TKT-04292,318,11,2025-02-07 11:25:00,2025-02-08 00:21:24,Software,Microsoft 365 Issue,Medium,Resolved,Portal,12.94,24,1,5
TKT-04293,496,10,2026-07-14 17:34:00,2026-07-14 18:17:12,Account Access,Password Reset,High,Resolved,Phone,0.72,8,1,4
TKT-04294,186,5,2025-06-16 10:40:00,2025-06-16 18:51:24,Network,Wi-Fi Connectivity,Medium,Resolved,Portal,8.19,24,1,5
TKT-04295,439,6,2026-08-27 16:56:00,2026-08-27 19:14:36,Software,Software Installation,High,Resolved,Portal,2.31,8,1,5
TKT-04296,14,10,2025-02-25 08:05:00,2025-02-25 14:12:48,Network,No Internet Access,Medium,Resolved,Phone,6.13,24,1,4
TKT-04297,2,2,2025-03-26 14:57:00,2025-03-27 06:43:12,Network,VPN Connection,High,Closed,Email,15.77,8,0,2
TKT-04298,431,6,2025-04-11 16:04:00,2025-04-12 00:06:24,Hardware,Laptop Performance,Medium,Closed,Portal,8.04,24,1,4
TKT-04299,43,11,2025-06-17 12:44:00,2025-06-18 00:01:24,Software,Application Crash,Medium,Resolved,Portal,11.29,24,1,4
TKT-04300,293,8,2025-01-28 17:01:00,2025-01-29 03:05:12,Software,Application Crash,Medium,Resolved,Phone,10.07,24,1,4
TKT-04301,174,8,2026-07-24 15:16:00,2026-07-24 18:19:36,Printing,Printer Permissions,High,Resolved,Email,3.06,8,1,4
TKT-04302,330,7,2026-01-06 15:55:00,2026-01-07 01:12:24,Network,Wi-Fi Connectivity,Medium,Closed,Portal,9.29,24,1,4
TKT-04303,199,2,2025-10-14 09:24:00,2025-10-15 04:12:00,Hardware,Monitor Issue,High,Resolved,Walk-up,18.80,8,0,1
TKT-04304,404,10,2025-10-29 12:28:00,2025-10-29 14:14:12,Software,Application Access,High,Resolved,Portal,1.77,8,1,4
TKT-04305,261,1,2026-06-04 14:52:00,2026-06-04 22:11:48,Software,Microsoft 365 Issue,Medium,Resolved,Email,7.33,24,1,4
TKT-04306,368,9,2025-06-12 15:08:00,2025-06-12 23:04:24,Hardware,Keyboard/Mouse,Critical,Closed,Portal,7.94,4,0,2
TKT-04307,105,6,2025-06-17 09:31:00,2025-06-17 16:56:12,Network,No Internet Access,Critical,Resolved,Email,7.42,4,0,3
TKT-04308,257,2,2026-01-21 11:26:00,2026-01-21 13:52:24,Security,Phishing Report,Critical,Resolved,Portal,2.44,4,1,5
TKT-04309,166,3,2026-08-19 13:50:00,2026-08-21 06:47:36,Security,Suspicious Email,Low,Resolved,Portal,40.96,48,1,5
TKT-04310,288,11,2026-02-04 11:28:00,2026-02-04 21:23:12,Software,Browser Issue,Medium,Closed,Email,9.92,24,1,4
TKT-04311,117,10,2025-12-29 19:08:00,2025-12-29 22:26:00,Account Access,Locked Account,High,Resolved,Walk-up,3.30,8,1,4
TKT-04312,145,1,2025-09-09 17:28:00,2025-09-11 01:53:48,Hardware,Docking Station,Medium,Closed,Portal,32.43,24,0,2
TKT-04313,381,5,2025-07-17 14:31:00,2025-07-17 18:24:24,Account Access,Permissions Request,Medium,Resolved,Walk-up,3.89,24,1,5
TKT-04314,495,2,2025-08-21 10:47:00,2025-08-21 19:03:12,Printing,Printer Offline,Medium,Resolved,Phone,8.27,24,1,4
TKT-04315,28,7,2025-05-13 19:55:00,2025-05-16 00:33:24,Account Access,MFA Issue,Medium,Resolved,Email,52.64,24,0,2
TKT-04316,12,8,2025-09-03 09:41:00,2025-09-04 10:14:36,Security,Suspicious Email,High,Resolved,Email,24.56,8,0,1
TKT-04317,309,5,2026-05-20 08:15:00,2026-05-20 11:30:00,Account Access,Password Reset,Medium,Closed,Portal,3.25,24,1,5
TKT-04318,370,10,2026-07-28 09:22:00,2026-07-29 00:53:48,Network,DNS Resolution,Medium,Resolved,Portal,15.53,24,1,3
TKT-04319,402,5,2025-03-04 14:31:00,2025-03-04 22:14:48,Hardware,Monitor Issue,Medium,Resolved,Email,7.73,24,1,4
TKT-04320,219,12,2025-11-26 08:55:00,2025-11-26 17:28:36,Software,Software Installation,Medium,Resolved,Portal,8.56,24,1,4
TKT-04321,28,6,2026-02-13 15:09:00,2026-02-13 18:43:48,Account Access,Locked Account,Medium,Resolved,Portal,3.58,24,1,5
TKT-04322,136,2,2026-01-16 19:25:00,2026-01-17 00:13:36,Account Access,Password Reset,Medium,Resolved,Portal,4.81,24,1,5
TKT-04323,455,1,2025-06-19 09:48:00,2025-06-19 10:37:48,Account Access,Password Reset,Medium,Resolved,Email,0.83,24,1,4
TKT-04324,148,4,2026-04-01 09:47:00,2026-04-01 13:18:48,Account Access,MFA Issue,Medium,Resolved,Portal,3.53,24,1,5
TKT-04325,397,5,2026-02-03 12:48:00,2026-02-04 01:40:48,Software,Application Crash,Medium,Resolved,Portal,12.88,24,1,5
TKT-04326,14,4,2026-01-16 11:42:00,2026-01-17 17:09:00,Hardware,Laptop Won't Start,Medium,Resolved,Portal,29.45,24,0,1
TKT-04327,387,10,2026-01-21 14:06:00,2026-01-21 16:37:12,Network,No Internet Access,Critical,Closed,Phone,2.52,4,1,5
TKT-04328,50,10,2025-11-13 13:18:00,2025-11-13 20:09:00,Software,Microsoft 365 Issue,Medium,Closed,Portal,6.85,24,1,4
TKT-04329,44,8,2026-02-17 12:53:00,2026-02-17 23:47:00,Account Access,Locked Account,Medium,Resolved,Portal,10.90,24,1,5
TKT-04330,445,2,2026-03-10 12:06:00,2026-03-10 23:28:12,Account Access,Locked Account,Medium,Closed,Portal,11.37,24,1,4
TKT-04331,401,1,2026-01-27 10:47:00,2026-01-27 14:14:36,Network,Slow Network,High,Resolved,Email,3.46,8,1,4
TKT-04332,400,4,2025-09-02 19:56:00,2025-09-02 22:36:48,Printing,Driver Issue,Medium,Closed,Walk-up,2.68,24,1,4
TKT-04333,341,7,2026-01-23 12:18:00,2026-01-23 21:00:00,Account Access,Permissions Request,Medium,Resolved,Email,8.70,24,1,5
TKT-04334,27,6,2025-08-08 10:35:00,2025-08-08 17:34:24,Security,Lost/Stolen Device,High,Closed,Portal,6.99,8,1,4
TKT-04335,98,3,2025-07-08 17:59:00,2025-07-09 03:18:12,Printing,Print Queue Stuck,Medium,Closed,Walk-up,9.32,24,1,4
TKT-04336,198,9,2025-07-23 15:40:00,2025-07-23 18:22:00,Network,VPN Connection,Critical,Resolved,Portal,2.70,4,1,4
TKT-04337,110,1,2025-12-18 12:53:00,2025-12-19 07:15:12,Printing,Printer Offline,Low,Resolved,Portal,18.37,48,1,3
TKT-04338,406,2,2026-08-06 08:53:00,2026-08-06 16:59:00,Account Access,Locked Account,Medium,Closed,Email,8.10,24,1,5
TKT-04339,419,1,2025-08-01 08:09:00,2025-08-01 15:00:00,Network,VPN Connection,High,Closed,Portal,6.85,8,1,5
TKT-04340,489,12,2026-03-09 14:35:00,2026-03-09 19:24:12,Printing,Printer Offline,Medium,Closed,Email,4.82,24,1,5
TKT-04341,263,12,2025-08-04 16:35:00,2025-08-04 23:49:24,Account Access,MFA Issue,Medium,Resolved,Email,7.24,24,1,3
TKT-04342,500,2,2025-12-17 14:59:00,2025-12-19 09:54:48,Software,Browser Issue,Medium,Closed,Portal,42.93,24,0,4
TKT-04343,367,10,2025-05-22 09:43:00,2025-05-22 10:10:36,Account Access,Password Reset,High,Closed,Phone,0.46,8,1,4
TKT-04344,60,12,2025-12-09 09:40:00,2025-12-11 01:18:24,Software,Application Access,Medium,Resolved,Walk-up,39.64,24,0,1
TKT-04345,196,1,2025-12-01 17:49:00,2025-12-02 22:41:48,Printing,Print Queue Stuck,Medium,Resolved,Phone,28.88,24,0,2
TKT-04346,99,2,2026-03-18 12:26:00,2026-03-18 17:59:00,Network,No Internet Access,High,Resolved,Portal,5.55,8,1,3
TKT-04347,256,9,2026-08-28 16:28:00,2026-08-30 01:07:36,Software,Microsoft 365 Issue,Medium,Resolved,Portal,32.66,24,0,3
TKT-04348,326,11,2025-09-04 16:30:00,2025-09-05 06:25:48,Network,VPN Connection,High,Closed,Email,13.93,8,0,2
TKT-04349,457,4,2025-09-05 14:21:00,2025-09-05 16:08:24,Hardware,Laptop Performance,Medium,Resolved,Portal,1.79,24,1,3
TKT-04350,58,10,2026-02-13 10:25:00,2026-02-13 17:56:12,Software,Software Installation,Medium,Resolved,Phone,7.52,24,1,5
TKT-04351,130,10,2026-04-06 16:58:00,2026-04-06 18:06:24,Account Access,Password Reset,Medium,Resolved,Portal,1.14,24,1,5
TKT-04352,44,7,2025-10-23 16:14:00,2025-10-24 06:27:48,Network,No Internet Access,High,Resolved,Portal,14.23,8,0,2
TKT-04353,184,7,2025-03-04 11:07:00,2025-03-05 10:04:00,Software,Application Crash,Low,Resolved,Phone,22.95,48,1,4
TKT-04354,209,7,2026-05-18 18:28:00,2026-05-20 12:26:48,Network,VPN Connection,Medium,Resolved,Email,41.98,24,0,2
TKT-04355,308,6,2025-02-19 10:13:00,2025-02-19 15:47:48,Account Access,Locked Account,Medium,Resolved,Portal,5.58,24,1,5
TKT-04356,33,1,2026-02-12 11:02:00,2026-02-13 15:50:36,Software,Microsoft 365 Issue,Low,Resolved,Email,28.81,48,1,5
TKT-04357,137,1,2025-05-30 11:24:00,2025-06-01 00:50:24,Network,Wi-Fi Connectivity,Low,Resolved,Email,37.44,48,1,3
TKT-04358,27,7,2025-04-25 08:40:00,2025-04-25 22:11:48,Network,No Internet Access,Medium,Closed,Email,13.53,24,1,5
TKT-04359,301,8,2026-07-08 11:39:00,2026-07-08 15:12:36,Software,Browser Issue,High,Resolved,Portal,3.56,8,1,5
TKT-04360,279,1,2025-01-23 13:58:00,2025-01-23 17:54:24,Account Access,Locked Account,Medium,Resolved,Portal,3.94,24,1,5
TKT-04361,439,12,2026-06-19 10:24:00,2026-06-19 10:59:24,Account Access,Password Reset,High,Closed,Email,0.59,8,1,3
TKT-04362,20,12,2026-03-31 10:02:00,2026-03-31 19:04:24,Software,Software Installation,Medium,Closed,Portal,9.04,24,1,4
TKT-04363,271,9,2026-06-08 13:05:00,2026-06-09 12:17:00,Network,VPN Connection,High,Resolved,Portal,23.20,8,0,3
TKT-04364,429,8,2025-09-23 18:22:00,2025-09-24 17:21:24,Hardware,Laptop Performance,Medium,Closed,Portal,22.99,24,1,5
TKT-04365,145,4,2026-07-21 09:55:00,2026-07-21 20:37:00,Hardware,Keyboard/Mouse,Medium,Resolved,Email,10.70,24,1,5
TKT-04366,151,10,2025-05-05 11:32:00,2025-05-05 14:25:24,Printing,Printer Offline,Medium,Resolved,Email,2.89,24,1,4
TKT-04367,211,8,2026-03-31 18:06:00,2026-03-31 21:58:48,Account Access,MFA Issue,Medium,Resolved,Walk-up,3.88,24,1,4
TKT-04368,339,7,2025-07-30 15:44:00,2025-08-01 09:59:36,Network,VPN Connection,Medium,Resolved,Portal,42.26,24,0,1
TKT-04369,451,5,2025-10-29 15:20:00,2025-10-29 22:55:24,Account Access,Permissions Request,Medium,Resolved,Portal,7.59,24,1,4
TKT-04370,169,10,2026-03-19 13:49:00,2026-03-19 16:29:12,Hardware,Keyboard/Mouse,High,Resolved,Portal,2.67,8,1,4
TKT-04371,100,3,2025-12-18 15:25:00,2025-12-18 18:09:24,Security,Phishing Report,High,Resolved,Email,2.74,8,1,5
TKT-04372,193,9,2025-02-05 08:08:00,2025-02-05 13:32:00,Printing,Print Queue Stuck,Medium,Closed,Phone,5.40,24,1,5
TKT-04373,482,6,2025-02-25 14:17:00,2025-02-27 13:41:36,Network,DNS Resolution,Low,Closed,Portal,47.41,48,1,5
TKT-04374,203,5,2026-03-05 09:57:00,2026-03-05 11:55:48,Account Access,Password Reset,Medium,Resolved,Phone,1.98,24,1,5
TKT-04375,437,11,2025-04-25 13:59:00,2025-04-25 20:36:12,Account Access,Permissions Request,Medium,Resolved,Portal,6.62,24,1,5
TKT-04376,99,12,2026-04-17 14:03:00,2026-04-18 00:38:24,Security,Malware Alert,Medium,Resolved,Phone,10.59,24,1,4
TKT-04377,372,4,2026-04-14 11:23:00,2026-04-16 07:57:48,Account Access,Password Reset,Medium,Resolved,Portal,44.58,24,0,1
TKT-04378,75,2,2025-06-24 11:08:00,2025-06-25 05:32:36,Network,No Internet Access,Medium,Resolved,Phone,18.41,24,1,4
TKT-04379,169,8,2025-10-24 16:17:00,2025-10-25 06:57:12,Software,Microsoft 365 Issue,Medium,Resolved,Portal,14.67,24,1,4
TKT-04380,126,12,2025-02-10 14:15:00,2025-02-11 16:00:00,Network,Slow Network,Medium,Closed,Portal,25.75,24,0,3
TKT-04381,299,1,2026-01-21 10:44:00,2026-01-21 18:38:36,Software,Application Crash,Medium,Resolved,Portal,7.91,24,1,5
TKT-04382,423,9,2026-08-20 17:33:00,2026-08-20 18:59:24,Security,Phishing Report,Critical,Resolved,Email,1.44,4,1,5
TKT-04383,3,5,2025-12-17 11:31:00,2025-12-17 12:20:12,Account Access,Password Reset,High,Resolved,Email,0.82,8,1,3
TKT-04384,118,2,2026-03-06 12:54:00,2026-03-06 20:11:24,Network,VPN Connection,Medium,Resolved,Phone,7.29,24,1,5
TKT-04385,281,5,2025-06-20 08:48:00,2025-06-20 11:01:48,Printing,Printer Offline,High,Resolved,Portal,2.23,8,1,4
TKT-04386,124,11,2026-04-15 16:27:00,2026-04-16 08:36:00,Software,Application Crash,High,Closed,Portal,16.15,8,0,1
TKT-04387,285,7,2025-04-23 12:21:00,2025-04-25 07:24:00,Security,Suspicious Email,Medium,Resolved,Portal,43.05,24,0,3
TKT-04388,113,11,2025-10-10 18:44:00,2025-10-11 04:42:12,Software,Microsoft 365 Issue,High,Resolved,Portal,9.97,8,0,2
TKT-04389,202,11,2025-10-06 08:42:00,2025-10-06 09:23:24,Account Access,Permissions Request,Critical,Closed,Walk-up,0.69,4,1,5
TKT-04390,198,3,2025-02-05 09:52:00,2025-02-05 14:31:36,Software,Microsoft 365 Issue,High,Resolved,Email,4.66,8,1,3
TKT-04391,116,1,2025-04-18 13:36:00,2025-04-18 20:43:12,Software,Application Access,Medium,Resolved,Portal,7.12,24,1,3
TKT-04392,397,12,2025-02-27 13:13:00,2025-03-02 12:58:36,Hardware,Laptop Performance,Low,Resolved,Phone,71.76,48,0,3
TKT-04393,211,4,2026-04-20 12:02:00,2026-04-24 20:36:48,Network,DNS Resolution,Low,Closed,Email,104.58,48,0,4
TKT-04394,107,12,2026-05-18 12:12:00,2026-05-19 19:13:12,Network,Wi-Fi Connectivity,Medium,Resolved,Portal,31.02,24,0,2
TKT-04395,77,11,2026-02-05 10:49:00,2026-02-05 12:59:48,Account Access,Password Reset,Medium,Resolved,Portal,2.18,24,1,4
TKT-04396,230,10,2025-06-03 10:57:00,2025-06-04 02:05:24,Network,VPN Connection,High,Resolved,Portal,15.14,8,0,1
TKT-04397,299,1,2025-02-05 09:44:00,2025-02-06 04:51:48,Network,VPN Connection,High,Resolved,Walk-up,19.13,8,0,1
TKT-04398,274,4,2025-10-22 10:26:00,2025-10-22 10:54:48,Account Access,Password Reset,High,Resolved,Phone,0.48,8,1,4
TKT-04399,180,7,2025-07-10 14:03:00,2025-07-11 01:03:00,Printing,Driver Issue,Medium,Resolved,Portal,11.00,24,1,5
TKT-04400,208,2,2026-01-29 15:45:00,2026-01-30 21:58:48,Security,Suspicious Email,Medium,Resolved,Portal,30.23,24,0,2
TKT-04401,444,10,2025-03-25 09:17:00,2025-03-25 13:11:00,Hardware,Laptop Performance,High,Closed,Portal,3.90,8,1,5
TKT-04402,98,4,2025-08-04 11:26:00,2025-08-05 02:50:00,Software,Application Crash,Medium,Resolved,Portal,15.40,24,1,4
TKT-04403,264,7,2025-08-27 08:23:00,2025-08-27 19:52:24,Software,Application Crash,Medium,Resolved,Walk-up,11.49,24,1,5
TKT-04404,466,7,2025-01-01 11:00:00,2025-01-01 14:52:12,Account Access,Password Reset,Medium,Resolved,Phone,3.87,24,1,3
TKT-04405,64,7,2025-02-06 11:19:00,2025-02-07 19:20:12,Software,Software Installation,Medium,Resolved,Portal,32.02,24,0,3
TKT-04406,303,11,2025-07-24 13:36:00,2025-07-24 18:31:48,Printing,Printer Offline,Medium,Resolved,Portal,4.93,24,1,5
TKT-04407,8,11,2025-09-18 12:53:00,2025-09-18 14:53:36,Account Access,Locked Account,Medium,Resolved,Portal,2.01,24,1,5
TKT-04408,119,10,2025-09-02 18:19:00,2025-09-02 20:25:36,Network,DNS Resolution,High,Resolved,Portal,2.11,8,1,5
TKT-04409,121,7,2026-05-20 13:16:00,2026-05-20 14:20:48,Account Access,Password Reset,High,Closed,Walk-up,1.08,8,1,5
TKT-04410,392,3,2025-03-07 09:19:00,2025-03-07 14:25:36,Software,Application Crash,High,Resolved,Phone,5.11,8,1,4
TKT-04411,480,11,2025-03-21 10:07:00,2025-03-23 01:49:00,Network,VPN Connection,Medium,Resolved,Portal,39.70,24,0,2
TKT-04412,120,8,2025-06-10 10:45:00,2025-06-10 13:32:24,Network,DNS Resolution,High,Resolved,Portal,2.79,8,1,5
TKT-04413,10,10,2025-04-25 14:21:00,2025-04-25 15:33:36,Account Access,Password Reset,Medium,Resolved,Email,1.21,24,1,5
TKT-04414,219,7,2025-04-08 11:15:00,2025-04-08 16:48:36,Hardware,Laptop Performance,High,Resolved,Phone,5.56,8,1,5
TKT-04415,452,8,2026-07-01 17:17:00,2026-07-01 20:09:48,Software,Microsoft 365 Issue,Critical,Resolved,Phone,2.88,4,1,4
TKT-04416,473,7,2026-05-07 15:27:00,2026-05-08 00:15:00,Software,Software Installation,Low,Closed,Portal,8.80,48,1,3
TKT-04417,171,9,2025-05-27 09:56:00,2025-05-27 13:35:36,Security,Unauthorized Access Concern,High,Closed,Portal,3.66,8,1,5
TKT-04418,39,12,2025-04-25 12:21:00,2025-04-25 21:31:48,Hardware,Laptop Won't Start,Medium,Resolved,Phone,9.18,24,1,3
TKT-04419,272,1,2025-07-10 11:32:00,2025-07-10 17:12:48,Network,DNS Resolution,High,Resolved,Phone,5.68,8,1,4
TKT-04420,84,10,2026-08-27 15:16:00,2026-08-27 18:49:36,Hardware,Laptop Won't Start,High,Resolved,Email,3.56,8,1,5
TKT-04421,225,7,2026-04-09 12:28:00,2026-04-09 23:53:12,Printing,Driver Issue,Low,Resolved,Email,11.42,48,1,5
TKT-04422,14,7,2026-05-04 10:22:00,2026-05-04 14:27:24,Software,Browser Issue,High,Resolved,Walk-up,4.09,8,1,4
TKT-04423,70,2,2026-07-03 12:58:00,2026-07-03 16:28:36,Account Access,Password Reset,Medium,Resolved,Portal,3.51,24,1,5
TKT-04424,49,5,2025-03-18 15:27:00,2025-03-18 19:37:12,Software,Application Crash,High,Closed,Phone,4.17,8,1,5
TKT-04425,402,4,2026-07-31 08:23:00,2026-07-31 19:13:24,Printing,Print Queue Stuck,Medium,Resolved,Email,10.84,24,1,5
TKT-04426,236,1,2026-04-24 14:08:00,2026-04-25 11:03:48,Software,Application Crash,Medium,Resolved,Email,20.93,24,1,3
TKT-04427,243,3,2025-11-07 15:14:00,2025-11-07 17:14:00,Account Access,Permissions Request,Critical,Resolved,Email,2.00,4,1,3
TKT-04428,386,4,2025-01-08 08:57:00,2025-01-08 21:37:48,Printing,Printer Offline,Medium,Resolved,Portal,12.68,24,1,4
TKT-04429,41,4,2026-06-19 16:11:00,2026-06-19 21:20:00,Printing,Print Queue Stuck,Medium,Closed,Phone,5.15,24,1,3
TKT-04430,124,2,2025-03-04 16:31:00,2025-03-05 21:13:00,Network,Wi-Fi Connectivity,Medium,Closed,Walk-up,28.70,24,0,3
TKT-04431,478,6,2025-02-07 10:28:00,2025-02-07 15:32:48,Security,Malware Alert,High,Closed,Portal,5.08,8,1,4
TKT-04432,72,12,2025-02-03 13:01:00,2025-02-04 01:12:24,Account Access,Locked Account,Medium,Resolved,Walk-up,12.19,24,1,4
TKT-04433,143,6,2025-12-24 12:07:00,2025-12-25 00:14:12,Network,VPN Connection,High,Resolved,Phone,12.12,8,0,1
TKT-04434,414,1,2025-02-13 08:55:00,2025-02-13 15:50:48,Software,Application Crash,Medium,Resolved,Portal,6.93,24,1,4
TKT-04435,468,1,2026-01-21 11:24:00,2026-01-21 18:09:00,Software,Microsoft 365 Issue,High,Resolved,Portal,6.75,8,1,5
TKT-04436,74,2,2025-02-19 13:25:00,2025-02-20 05:35:12,Hardware,Laptop Performance,Low,Closed,Portal,16.17,48,1,5
TKT-04437,193,7,2026-04-13 14:08:00,2026-04-14 02:11:36,Network,No Internet Access,High,Closed,Portal,12.06,8,0,2
TKT-04438,122,7,2026-05-12 17:29:00,2026-05-12 21:32:00,Network,Wi-Fi Connectivity,Medium,Resolved,Portal,4.05,24,1,3
TKT-04439,446,3,2026-01-12 09:26:00,2026-01-13 11:56:36,Hardware,Laptop Won't Start,Medium,Resolved,Walk-up,26.51,24,0,4
TKT-04440,184,12,2025-10-23 15:49:00,2025-10-25 02:59:12,Hardware,Laptop Won't Start,Low,Resolved,Email,35.17,48,1,5
TKT-04441,382,9,2025-03-05 09:38:00,2025-03-07 13:29:00,Hardware,Laptop Won't Start,Medium,Resolved,Email,51.85,24,0,3
TKT-04442,397,3,2025-09-19 15:03:00,2025-09-19 16:51:00,Hardware,Laptop Performance,High,Resolved,Portal,1.80,8,1,4
TKT-04443,387,2,2026-03-30 12:45:00,2026-03-31 08:31:48,Account Access,Permissions Request,Low,Closed,Email,19.78,48,1,3
TKT-04444,248,6,2025-10-10 10:00:00,2025-10-11 01:06:36,Account Access,MFA Issue,Medium,Resolved,Phone,15.11,24,1,5
TKT-04445,40,10,2026-01-12 09:01:00,2026-01-15 17:59:48,Network,Slow Network,Low,Resolved,Walk-up,80.98,48,0,4
TKT-04446,118,5,2025-01-20 17:58:00,2025-01-23 00:37:36,Security,Phishing Report,Medium,Resolved,Walk-up,54.66,24,0,2
TKT-04447,297,10,2026-05-11 10:06:00,2026-05-11 19:27:36,Software,Application Crash,Medium,Resolved,Portal,9.36,24,1,5
TKT-04448,472,4,2025-07-17 15:35:00,2025-07-18 09:05:00,Security,Suspicious Email,Medium,Resolved,Portal,17.50,24,1,5
TKT-04449,362,10,2025-08-12 17:29:00,2025-08-13 22:18:12,Network,Wi-Fi Connectivity,Medium,Closed,Email,28.82,24,0,3
TKT-04450,47,9,2025-01-17 14:18:00,2025-01-18 06:36:36,Account Access,Permissions Request,High,Resolved,Email,16.31,8,0,2
TKT-04451,273,2,2025-08-07 09:25:00,2025-08-07 11:15:24,Account Access,Permissions Request,High,Resolved,Portal,1.84,8,1,5
TKT-04452,394,6,2025-10-09 14:42:00,2025-10-09 21:36:00,Hardware,Docking Station,Critical,Resolved,Portal,6.90,4,0,1
TKT-04453,279,2,2026-04-20 15:24:00,2026-04-20 22:53:24,Software,Application Access,Medium,Resolved,Phone,7.49,24,1,4
TKT-04454,421,12,2026-01-07 12:44:00,2026-01-07 21:53:36,Account Access,Locked Account,Medium,Resolved,Portal,9.16,24,1,5
TKT-04455,98,12,2026-05-29 13:28:00,2026-05-29 19:59:48,Account Access,Locked Account,Medium,Resolved,Portal,6.53,24,1,4
TKT-04456,316,6,2025-03-18 09:15:00,2025-03-19 06:51:00,Software,Microsoft 365 Issue,Medium,Resolved,Email,21.60,24,1,4
TKT-04457,57,10,2025-04-28 13:29:00,2025-04-28 20:23:36,Security,Suspicious Email,Medium,Resolved,Phone,6.91,24,1,5
TKT-04458,294,11,2025-04-02 13:00:00,2025-04-02 18:30:00,Network,Slow Network,High,Resolved,Walk-up,5.50,8,1,3
TKT-04459,255,12,2026-04-07 09:48:00,2026-04-08 02:53:24,Hardware,Docking Station,Medium,Resolved,Portal,17.09,24,1,5
TKT-04460,408,1,2025-07-30 14:14:00,2025-07-30 15:15:12,Account Access,Locked Account,High,Closed,Portal,1.02,8,1,3
TKT-04461,59,9,2025-01-15 16:01:00,2025-01-15 16:42:24,Account Access,Password Reset,High,Closed,Portal,0.69,8,1,4
TKT-04462,419,11,2025-01-03 07:36:00,2025-01-04 00:03:00,Network,Wi-Fi Connectivity,Medium,Closed,Portal,16.45,24,1,5
TKT-04463,16,8,2026-04-07 17:54:00,2026-04-08 00:11:24,Hardware,Laptop Performance,Medium,Resolved,Portal,6.29,24,1,4
TKT-04464,441,5,2026-05-26 09:21:00,2026-05-26 15:30:00,Printing,Printer Offline,High,Closed,Portal,6.15,8,1,4
TKT-04465,415,11,2026-08-27 09:56:00,2026-08-27 13:38:36,Software,Microsoft 365 Issue,High,Closed,Portal,3.71,8,1,3
TKT-04466,113,6,2025-10-17 13:23:00,2025-10-17 22:40:24,Printing,Driver Issue,Medium,Closed,Portal,9.29,24,1,5
TKT-04467,194,2,2025-05-20 12:34:00,2025-05-21 07:18:24,Network,Slow Network,Medium,Resolved,Walk-up,18.74,24,1,4
TKT-04468,19,2,2025-06-27 09:09:00,2025-06-27 22:25:12,Software,Application Crash,Low,Closed,Portal,13.27,48,1,4
TKT-04469,386,2,2026-07-01 18:19:00,2026-07-03 14:27:24,Printing,Driver Issue,Medium,Resolved,Phone,44.14,24,0,2
TKT-04470,9,4,2026-01-01 12:18:00,2026-01-01 17:21:36,Software,Application Access,Critical,Resolved,Email,5.06,4,0,3
TKT-04471,375,9,2025-03-21 11:42:00,2025-03-23 04:18:00,Printing,Printer Permissions,Low,Resolved,Email,40.60,48,1,5
TKT-04472,16,7,2025-09-24 12:13:00,2025-09-27 22:58:36,Account Access,Locked Account,Low,Resolved,Portal,82.76,48,0,4
TKT-04473,92,7,2025-09-10 09:09:00,2025-09-10 16:02:24,Printing,Printer Offline,Medium,Resolved,Portal,6.89,24,1,4
TKT-04474,495,8,2025-11-18 08:30:00,2025-11-18 17:24:36,Network,Wi-Fi Connectivity,High,Closed,Phone,8.91,8,0,1
TKT-04475,264,6,2026-07-21 13:05:00,2026-07-21 15:48:48,Software,Application Crash,Critical,Resolved,Phone,2.73,4,1,3
TKT-04476,407,9,2025-05-09 07:27:00,2025-05-11 11:25:48,Network,VPN Connection,Medium,Resolved,Phone,51.98,24,0,2
TKT-04477,244,2,2025-12-29 09:30:00,2026-01-01 10:54:00,Printing,Driver Issue,Low,Resolved,Walk-up,73.40,48,0,3
TKT-04478,427,10,2025-08-14 07:14:00,2025-08-15 00:50:36,Hardware,Laptop Performance,Medium,Resolved,Portal,17.61,24,1,5
TKT-04479,10,11,2026-04-06 09:58:00,2026-04-06 12:11:12,Security,Suspicious Email,Critical,Resolved,Email,2.22,4,1,4
TKT-04480,464,2,2025-01-27 08:59:00,2025-01-27 20:32:00,Printing,Print Queue Stuck,Medium,Resolved,Portal,11.55,24,1,4
TKT-04481,463,4,2026-07-16 12:37:00,2026-07-17 10:05:12,Hardware,Docking Station,Medium,Resolved,Portal,21.47,24,1,5
TKT-04482,75,8,2025-12-29 16:02:00,2025-12-29 17:51:12,Account Access,Password Reset,Medium,Resolved,Walk-up,1.82,24,1,5
TKT-04483,258,10,2025-08-05 08:57:00,2025-08-08 20:57:00,Printing,Driver Issue,Low,Resolved,Portal,84.00,48,0,2
TKT-04484,69,3,2026-07-31 19:36:00,2026-07-31 21:51:36,Security,Malware Alert,High,Resolved,Portal,2.26,8,1,4
TKT-04485,257,5,2025-02-14 14:05:00,2025-02-14 17:27:48,Account Access,Locked Account,Medium,Closed,Email,3.38,24,1,4
TKT-04486,174,6,2025-07-09 11:41:00,2025-07-10 00:14:36,Security,Malware Alert,Critical,Closed,Phone,12.56,4,0,3
TKT-04487,221,2,2025-05-29 17:21:00,2025-05-30 19:51:00,Account Access,MFA Issue,Medium,Resolved,Portal,26.50,24,0,1
TKT-04488,315,1,2025-01-27 17:30:00,2025-01-27 21:46:48,Account Access,Locked Account,Medium,Resolved,Portal,4.28,24,1,5
TKT-04489,220,5,2025-03-10 13:54:00,2025-03-10 17:16:12,Security,Phishing Report,High,Closed,Portal,3.37,8,1,5
TKT-04490,414,2,2026-08-19 11:43:00,2026-08-19 20:30:24,Software,Application Access,High,Resolved,Phone,8.79,8,0,1
TKT-04491,92,7,2025-01-14 10:47:00,2025-01-15 01:54:48,Network,VPN Connection,High,Closed,Walk-up,15.13,8,0,2
TKT-04492,405,4,2026-06-15 08:44:00,2026-06-15 10:06:48,Security,Phishing Report,High,Closed,Portal,1.38,8,1,4
TKT-04493,72,10,2026-03-30 16:13:00,2026-03-31 10:42:24,Software,Microsoft 365 Issue,Medium,Resolved,Portal,18.49,24,1,5
TKT-04494,463,5,2025-09-02 13:58:00,2025-09-02 15:08:12,Account Access,Permissions Request,High,Closed,Email,1.17,8,1,5
TKT-04495,361,5,2026-08-10 10:55:00,2026-08-10 15:20:12,Network,DNS Resolution,High,Closed,Portal,4.42,8,1,5
TKT-04496,63,2,2025-12-15 09:52:00,2025-12-15 19:38:48,Software,Application Crash,Medium,Resolved,Email,9.78,24,1,3
TKT-04497,214,4,2025-04-02 11:10:00,2025-04-04 20:12:24,Hardware,Laptop Won't Start,Medium,Resolved,Portal,57.04,24,0,3
TKT-04498,61,3,2026-05-26 12:44:00,2026-05-26 14:03:48,Account Access,Password Reset,Medium,Resolved,Portal,1.33,24,1,4
TKT-04499,469,3,2025-12-30 17:08:00,2025-12-31 07:57:12,Hardware,Laptop Performance,Medium,Closed,Portal,14.82,24,1,4
TKT-04500,151,12,2026-06-16 16:11:00,2026-06-17 01:12:48,Network,No Internet Access,High,Resolved,Walk-up,9.03,8,0,2
TKT-04501,430,1,2026-05-21 11:13:00,2026-05-21 15:10:36,Hardware,Monitor Issue,Critical,Closed,Portal,3.96,4,1,4
TKT-04502,94,4,2025-03-05 14:01:00,2025-03-07 10:28:00,Network,DNS Resolution,Medium,Closed,Walk-up,44.45,24,0,3
TKT-04503,156,5,2025-02-14 09:16:00,2025-02-16 18:50:48,Network,No Internet Access,Low,Closed,Portal,57.58,48,0,2
TKT-04504,187,8,2025-09-26 10:10:00,2025-09-26 16:15:24,Account Access,Permissions Request,Medium,Resolved,Walk-up,6.09,24,1,5
TKT-04505,409,7,2026-08-25 12:59:00,2026-08-25 16:00:48,Network,DNS Resolution,High,Resolved,Portal,3.03,8,1,5
TKT-04506,338,2,2026-01-29 10:19:00,2026-01-30 11:38:12,Hardware,Battery/Power,Low,Resolved,Email,25.32,48,1,3
TKT-04507,313,12,2025-01-03 12:23:00,2025-01-03 20:49:24,Software,Software Installation,Medium,Resolved,Portal,8.44,24,1,4
TKT-04508,16,3,2026-05-12 15:07:00,2026-05-13 20:21:24,Network,Wi-Fi Connectivity,Low,Resolved,Phone,29.24,48,1,5
TKT-04509,18,6,2025-08-06 14:25:00,2025-08-07 03:07:00,Hardware,Monitor Issue,Low,Resolved,Phone,12.70,48,1,5
TKT-04510,245,2,2025-09-08 14:25:00,2025-09-09 15:04:36,Hardware,Keyboard/Mouse,Low,Closed,Portal,24.66,48,1,3
TKT-04511,68,2,2026-03-05 17:19:00,2026-03-06 02:46:00,Network,Wi-Fi Connectivity,High,Resolved,Portal,9.45,8,0,1
TKT-04512,24,7,2025-09-19 13:50:00,2025-09-20 01:35:36,Security,Malware Alert,Medium,Closed,Walk-up,11.76,24,1,4
TKT-04513,230,6,2026-07-27 16:28:00,2026-07-28 09:58:36,Hardware,Laptop Performance,Medium,Closed,Phone,17.51,24,1,5
TKT-04514,432,11,2026-07-09 11:30:00,2026-07-09 15:24:36,Software,Application Access,High,Closed,Portal,3.91,8,1,4
TKT-04515,261,7,2026-03-18 10:59:00,2026-03-19 00:08:36,Hardware,Keyboard/Mouse,Medium,Resolved,Portal,13.16,24,1,5
TKT-04516,50,4,2026-01-28 17:18:00,2026-01-29 06:07:48,Hardware,Laptop Won't Start,Medium,Resolved,Portal,12.83,24,1,4
TKT-04517,419,1,2025-01-27 16:51:00,2025-01-28 04:49:12,Hardware,Monitor Issue,High,Resolved,Portal,11.97,8,0,1
TKT-04518,150,10,2026-05-22 14:57:00,2026-05-23 04:00:36,Network,VPN Connection,High,Resolved,Portal,13.06,8,0,3
TKT-04519,199,7,2026-05-01 07:37:00,2026-05-01 11:24:24,Software,Microsoft 365 Issue,Medium,Resolved,Portal,3.79,24,1,5
TKT-04520,260,10,2026-04-07 14:45:00,2026-04-07 17:14:24,Security,Phishing Report,High,Resolved,Portal,2.49,8,1,4
TKT-04521,445,6,2026-04-30 08:10:00,2026-04-30 19:26:48,Security,Unauthorized Access Concern,High,Resolved,Walk-up,11.28,8,0,1
TKT-04522,329,6,2025-04-07 18:35:00,2025-04-07 22:16:24,Software,Microsoft 365 Issue,High,Closed,Portal,3.69,8,1,4
TKT-04523,46,5,2025-10-24 11:31:00,2025-10-25 00:01:36,Security,Suspicious Email,Medium,Resolved,Walk-up,12.51,24,1,5
TKT-04524,273,1,2026-05-28 07:03:00,2026-05-28 21:10:12,Hardware,Docking Station,High,Resolved,Portal,14.12,8,0,3
TKT-04525,213,11,2026-03-04 10:27:00,2026-03-04 13:56:24,Account Access,Locked Account,Medium,Resolved,Portal,3.49,24,1,5
TKT-04526,378,4,2026-05-28 12:23:00,2026-05-28 19:33:48,Network,VPN Connection,High,Resolved,Phone,7.18,8,1,4
TKT-04527,483,3,2025-12-10 14:59:00,2025-12-10 17:29:36,Security,Phishing Report,High,Closed,Portal,2.51,8,1,5
TKT-04528,19,6,2025-05-27 13:31:00,2025-05-27 17:18:24,Account Access,Locked Account,Medium,Closed,Portal,3.79,24,1,4
TKT-04529,432,10,2025-09-24 08:40:00,2025-09-24 17:01:36,Hardware,Keyboard/Mouse,Medium,Resolved,Portal,8.36,24,1,4
TKT-04530,121,3,2025-01-27 16:51:00,2025-01-28 11:04:48,Printing,Driver Issue,Medium,Resolved,Walk-up,18.23,24,1,4
TKT-04531,140,11,2025-01-29 15:58:00,2025-01-29 18:17:12,Account Access,Password Reset,Medium,Resolved,Phone,2.32,24,1,4
TKT-04532,304,9,2025-05-08 11:37:00,2025-05-09 16:18:24,Hardware,Battery/Power,Medium,Closed,Email,28.69,24,0,2
TKT-04533,458,2,2025-04-04 13:29:00,2025-04-05 02:39:48,Network,DNS Resolution,Medium,Resolved,Phone,13.18,24,1,5
TKT-04534,297,10,2026-05-19 12:00:00,2026-05-20 07:15:36,Hardware,Battery/Power,Medium,Resolved,Phone,19.26,24,1,4
TKT-04535,453,10,2025-01-30 14:24:00,2025-01-30 22:23:24,Software,Microsoft 365 Issue,Medium,Resolved,Email,7.99,24,1,5
TKT-04536,190,11,2025-11-19 16:28:00,2025-11-20 00:45:24,Account Access,MFA Issue,Medium,Closed,Portal,8.29,24,1,4
TKT-04537,312,1,2026-04-29 17:36:00,2026-04-30 14:06:36,Network,DNS Resolution,Low,Resolved,Portal,20.51,48,1,5
TKT-04538,377,8,2026-05-07 16:50:00,2026-05-07 20:39:48,Software,Application Crash,Medium,Resolved,Portal,3.83,24,1,5
TKT-04539,451,8,2026-01-02 07:25:00,2026-01-02 22:28:00,Hardware,Keyboard/Mouse,Medium,Resolved,Walk-up,15.05,24,1,4
TKT-04540,9,5,2025-02-07 09:32:00,2025-02-09 19:29:36,Hardware,Monitor Issue,Low,Resolved,Email,57.96,48,0,2
TKT-04541,439,1,2025-06-03 12:22:00,2025-06-03 15:22:00,Network,Wi-Fi Connectivity,Critical,Resolved,Walk-up,3.00,4,1,4
TKT-04542,465,4,2026-07-14 16:12:00,2026-07-16 07:15:00,Software,Application Access,Medium,Resolved,Portal,39.05,24,0,2
TKT-04543,463,4,2026-08-19 14:12:00,2026-08-19 22:31:12,Hardware,Monitor Issue,High,Resolved,Walk-up,8.32,8,0,3
TKT-04544,1,3,2025-01-31 15:39:00,2025-02-01 01:00:00,Software,Application Crash,High,Closed,Portal,9.35,8,0,2
TKT-04545,267,6,2025-07-01 09:23:00,2025-07-01 12:21:12,Printing,Driver Issue,Medium,Resolved,Portal,2.97,24,1,3
TKT-04546,402,10,2025-09-08 11:13:00,2025-09-08 15:29:12,Account Access,MFA Issue,Medium,Resolved,Portal,4.27,24,1,5
TKT-04547,223,1,2025-06-05 13:04:00,2025-06-06 01:19:36,Account Access,MFA Issue,Medium,Resolved,Walk-up,12.26,24,1,5
TKT-04548,142,5,2025-01-17 11:19:00,2025-01-20 09:38:12,Network,VPN Connection,Low,Closed,Portal,70.32,48,0,1
TKT-04549,237,5,2025-03-03 10:01:00,2025-03-04 01:28:00,Printing,Driver Issue,Medium,Closed,Email,15.45,24,1,4
TKT-04550,118,12,2025-12-29 17:41:00,2025-12-30 17:24:48,Account Access,Locked Account,Medium,Resolved,Email,23.73,24,1,4
TKT-04551,134,8,2026-08-03 13:18:00,2026-08-03 15:46:48,Account Access,MFA Issue,High,Resolved,Walk-up,2.48,8,1,5
TKT-04552,412,8,2025-11-25 11:00:00,2025-11-25 12:55:12,Network,Slow Network,Critical,Resolved,Portal,1.92,4,1,4
TKT-04553,95,10,2025-12-16 09:56:00,2025-12-16 15:26:00,Network,No Internet Access,Medium,Resolved,Portal,5.50,24,1,5
TKT-04554,286,2,2025-06-17 11:58:00,2025-06-17 18:11:12,Account Access,Locked Account,Medium,Closed,Portal,6.22,24,1,5
TKT-04555,83,2,2025-01-30 13:50:00,2025-01-30 15:54:48,Security,Suspicious Email,Critical,Resolved,Email,2.08,4,1,4
TKT-04556,355,10,2026-04-28 17:46:00,2026-04-28 23:43:36,Account Access,Permissions Request,Medium,Resolved,Portal,5.96,24,1,4
TKT-04557,159,1,2026-01-29 17:29:00,2026-01-30 03:03:12,Hardware,Monitor Issue,High,Closed,Email,9.57,8,0,2
TKT-04558,148,8,2025-01-09 09:59:00,2025-01-09 13:11:36,Network,Slow Network,High,Closed,Portal,3.21,8,1,5
TKT-04559,91,10,2026-03-11 08:52:00,2026-03-11 18:03:24,Printing,Print Queue Stuck,Medium,Resolved,Portal,9.19,24,1,4
TKT-04560,322,3,2025-03-27 09:16:00,2025-03-28 16:54:24,Hardware,Laptop Performance,Medium,Resolved,Portal,31.64,24,0,3
TKT-04561,370,10,2025-01-23 15:20:00,2025-01-25 17:52:24,Network,VPN Connection,Medium,Resolved,Portal,50.54,24,0,2
TKT-04562,40,11,2025-10-15 10:16:00,2025-10-15 20:46:00,Network,No Internet Access,Medium,Closed,Walk-up,10.50,24,1,5
TKT-04563,272,4,2025-10-21 15:03:00,2025-10-23 07:09:00,Software,Application Crash,Medium,Resolved,Portal,40.10,24,0,1
TKT-04564,177,10,2025-06-24 18:25:00,2025-06-25 05:50:48,Software,Browser Issue,High,Closed,Email,11.43,8,0,2
TKT-04565,292,2,2025-06-18 18:40:00,2025-06-19 04:47:12,Security,Suspicious Email,High,Resolved,Portal,10.12,8,0,4
TKT-04566,107,7,2025-01-29 07:51:00,2025-01-29 09:54:36,Software,Microsoft 365 Issue,High,Resolved,Email,2.06,8,1,3
TKT-04567,128,12,2026-07-21 14:14:00,2026-07-23 00:29:36,Account Access,MFA Issue,Medium,Resolved,Phone,34.26,24,0,1
TKT-04568,155,6,2025-07-09 19:25:00,2025-07-09 23:13:36,Software,Application Crash,High,Closed,Portal,3.81,8,1,4
TKT-04569,281,9,2025-09-09 17:39:00,2025-09-10 05:52:48,Network,VPN Connection,High,Resolved,Portal,12.23,8,0,2
TKT-04570,341,12,2026-01-15 13:20:00,2026-01-15 20:58:24,Printing,Printer Offline,Medium,Closed,Email,7.64,24,1,5
TKT-04571,113,11,2025-12-18 08:19:00,2025-12-18 13:11:48,Software,Software Installation,Medium,Resolved,Phone,4.88,24,1,4
TKT-04572,132,8,2025-09-23 12:08:00,2025-09-23 13:42:12,Printing,Printer Offline,High,Resolved,Portal,1.57,8,1,3
TKT-04573,225,1,2025-01-03 16:15:00,2025-01-05 00:06:36,Printing,Printer Offline,Medium,Resolved,Email,31.86,24,0,2
TKT-04574,221,12,2026-04-27 08:41:00,2026-04-27 13:29:00,Printing,Printer Offline,Medium,Closed,Walk-up,4.80,24,1,5
TKT-04575,121,2,2026-07-09 09:17:00,2026-07-10 17:17:00,Printing,Driver Issue,Low,Resolved,Email,32.00,48,1,5
TKT-04576,355,10,2025-03-21 18:54:00,2025-03-22 14:26:24,Hardware,Monitor Issue,Medium,Resolved,Email,19.54,24,1,5
TKT-04577,16,9,2026-06-15 08:00:00,2026-06-15 12:22:12,Network,No Internet Access,High,Resolved,Portal,4.37,8,1,5
TKT-04578,12,1,2025-02-03 17:14:00,2025-02-04 07:18:12,Network,Slow Network,High,Resolved,Portal,14.07,8,0,1
TKT-04579,121,8,2025-06-04 15:17:00,2025-06-04 16:34:24,Account Access,Password Reset,Medium,Closed,Portal,1.29,24,1,3
TKT-04580,13,5,2026-03-06 14:38:00,2026-03-06 15:08:36,Account Access,Password Reset,Critical,Resolved,Email,0.51,4,1,3
TKT-04581,256,10,2026-08-14 09:19:00,2026-08-14 11:07:00,Security,Malware Alert,High,Resolved,Email,1.80,8,1,5
TKT-04582,465,6,2025-05-26 12:35:00,2025-05-28 02:33:12,Account Access,Locked Account,Medium,Resolved,Phone,37.97,24,0,3
TKT-04583,388,2,2026-01-28 16:50:00,2026-01-28 20:57:48,Account Access,Permissions Request,Medium,Resolved,Email,4.13,24,1,5
TKT-04584,244,6,2026-03-31 13:38:00,2026-03-31 18:38:36,Account Access,Password Reset,Medium,Closed,Email,5.01,24,1,5
TKT-04585,281,2,2025-11-05 10:24:00,2025-11-05 18:36:00,Hardware,Laptop Performance,Medium,Resolved,Portal,8.20,24,1,5
TKT-04586,472,3,2025-08-21 09:39:00,2025-08-21 14:00:00,Security,Malware Alert,High,Resolved,Portal,4.35,8,1,3
TKT-04587,48,3,2025-08-14 12:04:00,2025-08-15 05:19:36,Software,Application Access,Medium,Resolved,Phone,17.26,24,1,4
TKT-04588,364,1,2025-06-11 10:42:00,2025-06-11 13:32:24,Security,Phishing Report,High,Resolved,Portal,2.84,8,1,5
TKT-04589,376,3,2025-12-08 17:01:00,2025-12-09 23:15:24,Hardware,Monitor Issue,Medium,Resolved,Portal,30.24,24,0,2
TKT-04590,455,1,2025-01-01 10:00:00,2025-01-01 22:42:36,Network,VPN Connection,High,Resolved,Portal,12.71,8,0,1
TKT-04591,193,6,2025-12-24 10:22:00,2025-12-24 16:03:24,Network,VPN Connection,High,Resolved,Email,5.69,8,1,3
TKT-04592,264,2,2025-08-27 13:19:00,2025-08-27 16:03:24,Account Access,Password Reset,Medium,Resolved,Portal,2.74,24,1,3
TKT-04593,167,11,2026-05-01 12:08:00,2026-05-01 16:57:48,Hardware,Monitor Issue,High,Resolved,Portal,4.83,8,1,4
TKT-04594,286,9,2025-07-10 11:10:00,2025-07-10 19:15:24,Account Access,MFA Issue,Medium,Resolved,Walk-up,8.09,24,1,4
TKT-04595,433,8,2025-09-19 15:30:00,2025-09-19 20:49:12,Printing,Print Queue Stuck,High,Resolved,Portal,5.32,8,1,5
TKT-04596,214,7,2025-06-16 11:15:00,2025-06-17 08:16:12,Hardware,Laptop Performance,Medium,Closed,Phone,21.02,24,1,3
TKT-04597,353,2,2025-12-12 19:02:00,2025-12-13 01:43:24,Network,No Internet Access,High,Resolved,Phone,6.69,8,1,5
TKT-04598,183,5,2026-08-07 15:54:00,2026-08-07 18:16:48,Account Access,MFA Issue,High,Resolved,Email,2.38,8,1,3
TKT-04599,303,10,2026-07-10 13:46:00,2026-07-10 22:38:48,Hardware,Docking Station,Medium,Closed,Email,8.88,24,1,5
TKT-04600,278,10,2025-10-24 12:17:00,2025-10-24 17:24:12,Account Access,Locked Account,Low,Resolved,Portal,5.12,48,1,4
TKT-04601,426,1,2025-05-14 14:27:00,2025-05-14 23:15:00,Software,Microsoft 365 Issue,Medium,Resolved,Portal,8.80,24,1,5
TKT-04602,116,4,2026-05-22 11:45:00,2026-05-22 17:03:36,Account Access,Password Reset,Medium,Resolved,Email,5.31,24,1,5
TKT-04603,54,3,2025-10-02 13:34:00,2025-10-03 01:32:48,Printing,Driver Issue,Low,Closed,Portal,11.98,48,1,3
TKT-04604,370,6,2025-10-15 15:08:00,2025-10-15 18:36:48,Software,Application Crash,Medium,Resolved,Portal,3.48,24,1,5
TKT-04605,452,4,2026-05-25 10:18:00,2026-05-26 02:57:00,Network,VPN Connection,High,Closed,Portal,16.65,8,0,3
TKT-04606,120,11,2025-06-02 13:13:00,2025-06-04 05:53:12,Software,Application Access,Low,Resolved,Portal,40.67,48,1,3
TKT-04607,39,2,2026-04-29 17:08:00,2026-04-30 02:23:36,Software,Software Installation,Medium,Resolved,Portal,9.26,24,1,5
TKT-04608,294,10,2026-01-19 11:50:00,2026-01-20 16:54:48,Account Access,Locked Account,Medium,Resolved,Phone,29.08,24,0,3
TKT-04609,117,5,2025-06-06 11:35:00,2025-06-06 12:44:36,Account Access,Password Reset,Medium,Closed,Email,1.16,24,1,5
TKT-04610,450,4,2025-10-31 17:10:00,2025-10-31 21:07:36,Account Access,Password Reset,Medium,Resolved,Portal,3.96,24,1,3
TKT-04611,212,3,2025-12-11 09:16:00,2025-12-12 02:32:48,Network,VPN Connection,High,Resolved,Phone,17.28,8,0,1
TKT-04612,291,8,2025-07-18 10:42:00,2025-07-18 11:05:24,Account Access,Password Reset,High,Closed,Portal,0.39,8,1,5
TKT-04613,270,11,2026-07-17 08:46:00,2026-07-17 11:38:12,Account Access,Password Reset,Medium,Resolved,Phone,2.87,24,1,4
TKT-04614,207,7,2025-05-13 12:01:00,2025-05-17 15:15:24,Account Access,Permissions Request,Low,Closed,Phone,99.24,48,0,3
TKT-04615,289,9,2025-12-25 18:49:00,2025-12-25 22:01:00,Account Access,Permissions Request,Medium,Resolved,Portal,3.20,24,1,4
TKT-04616,159,7,2025-03-04 10:00:00,2025-03-04 17:23:24,Network,Slow Network,High,Resolved,Portal,7.39,8,1,5
TKT-04617,434,3,2026-02-11 15:10:00,2026-02-11 19:40:36,Account Access,Locked Account,High,Closed,Walk-up,4.51,8,1,5
TKT-04618,41,12,2025-09-18 13:50:00,2025-09-18 21:41:00,Software,Microsoft 365 Issue,Medium,Resolved,Phone,7.85,24,1,5
TKT-04619,333,7,2026-08-24 09:52:00,2026-08-24 11:22:00,Security,Phishing Report,Critical,Closed,Portal,1.50,4,1,5
TKT-04620,293,12,2026-03-06 15:28:00,2026-03-06 17:55:36,Security,Malware Alert,High,Resolved,Portal,2.46,8,1,4
TKT-04621,494,4,2026-07-13 10:28:00,2026-07-13 12:02:12,Software,Application Crash,High,Resolved,Portal,1.57,8,1,4
TKT-04622,78,1,2025-01-20 14:51:00,2025-01-20 17:42:36,Hardware,Battery/Power,Critical,Resolved,Portal,2.86,4,1,4
TKT-04623,252,6,2025-06-09 15:31:00,2025-06-11 08:01:36,Software,Software Installation,Medium,Resolved,Phone,40.51,24,0,3
TKT-04624,216,8,2026-07-03 09:40:00,2026-07-03 11:28:00,Account Access,Locked Account,High,Resolved,Portal,1.80,8,1,4
TKT-04625,312,7,2025-06-13 18:26:00,2025-06-14 02:19:24,Network,Slow Network,High,Resolved,Phone,7.89,8,1,5
TKT-04626,463,6,2026-04-20 08:00:00,2026-04-20 14:51:36,Software,Microsoft 365 Issue,Medium,Resolved,Portal,6.86,24,1,5
TKT-04627,360,4,2026-02-06 11:54:00,2026-02-07 00:22:48,Printing,Printer Permissions,High,Resolved,Portal,12.48,8,0,3
TKT-04628,147,9,2026-03-05 11:19:00,2026-03-06 14:20:12,Network,VPN Connection,Low,Closed,Walk-up,27.02,48,1,5
TKT-04629,320,10,2025-04-30 09:02:00,2025-05-01 08:26:36,Software,Microsoft 365 Issue,Medium,Resolved,Email,23.41,24,1,4
TKT-04630,111,4,2025-08-25 15:39:00,2025-08-26 01:02:24,Software,Software Installation,Medium,Resolved,Email,9.39,24,1,5
TKT-04631,336,10,2025-07-18 12:14:00,2025-07-18 16:53:36,Security,Lost/Stolen Device,High,Resolved,Phone,4.66,8,1,5
TKT-04632,310,1,2025-06-20 12:14:00,2025-06-20 18:51:12,Hardware,Keyboard/Mouse,High,Resolved,Email,6.62,8,1,5
TKT-04633,44,7,2025-09-11 13:58:00,2025-09-11 16:03:24,Account Access,Locked Account,High,Resolved,Portal,2.09,8,1,5
TKT-04634,295,2,2025-08-04 09:29:00,2025-08-04 12:53:00,Security,Suspicious Email,High,Resolved,Email,3.40,8,1,5
TKT-04635,438,11,2026-08-04 11:19:00,2026-08-04 17:02:12,Software,Application Access,Medium,Resolved,Email,5.72,24,1,5
TKT-04636,63,7,2025-07-28 10:22:00,2025-07-29 17:02:12,Hardware,Monitor Issue,Medium,Resolved,Portal,30.67,24,0,2
TKT-04637,101,6,2026-01-22 12:52:00,2026-01-23 02:48:24,Security,Phishing Report,Medium,Resolved,Portal,13.94,24,1,3
TKT-04638,245,12,2025-06-06 09:56:00,2025-06-06 14:38:00,Account Access,MFA Issue,Medium,Resolved,Portal,4.70,24,1,5
TKT-04639,355,10,2025-06-24 08:47:00,2025-06-24 11:48:48,Software,Software Installation,Medium,Resolved,Email,3.03,24,1,4
TKT-04640,476,4,2026-03-16 18:52:00,2026-03-16 22:28:00,Security,Malware Alert,High,Closed,Email,3.60,8,1,5
TKT-04641,250,7,2026-02-12 14:40:00,2026-02-12 21:11:12,Hardware,Keyboard/Mouse,High,Resolved,Portal,6.52,8,1,4
TKT-04642,450,8,2026-06-30 19:27:00,2026-07-02 01:37:48,Network,VPN Connection,Medium,Resolved,Walk-up,30.18,24,0,1
TKT-04643,423,6,2025-09-23 16:22:00,2025-09-24 00:49:00,Printing,Printer Offline,Medium,Resolved,Portal,8.45,24,1,5
TKT-04644,329,6,2026-03-04 12:47:00,2026-03-06 03:58:24,Software,Application Crash,Low,Closed,Portal,39.19,48,1,5
TKT-04645,259,2,2026-04-27 08:28:00,2026-04-27 12:31:36,Hardware,Monitor Issue,High,Resolved,Portal,4.06,8,1,5
TKT-04646,269,5,2025-06-03 16:09:00,2025-06-04 03:41:24,Software,Software Installation,High,Closed,Phone,11.54,8,0,2
TKT-04647,449,9,2025-03-11 13:23:00,2025-03-12 01:15:12,Account Access,MFA Issue,Medium,Resolved,Portal,11.87,24,1,4
TKT-04648,345,6,2026-07-30 11:58:00,2026-07-30 19:29:12,Account Access,Locked Account,Medium,Resolved,Phone,7.52,24,1,5
TKT-04649,333,8,2025-11-10 10:18:00,2025-11-10 23:03:00,Network,VPN Connection,High,Resolved,Email,12.75,8,0,1
TKT-04650,371,6,2025-03-06 11:10:00,2025-03-07 11:07:36,Hardware,Laptop Performance,Medium,Resolved,Portal,23.96,24,1,5
TKT-04651,266,10,2025-07-01 14:21:00,2025-07-01 18:20:24,Security,Phishing Report,Medium,Resolved,Email,3.99,24,1,4
TKT-04652,460,10,2025-09-09 08:19:00,2025-09-11 13:38:12,Hardware,Laptop Performance,Low,Resolved,Email,53.32,48,0,2
TKT-04653,286,3,2026-05-27 15:54:00,2026-05-27 20:54:36,Network,VPN Connection,High,Resolved,Phone,5.01,8,1,4
TKT-04654,76,1,2025-04-17 14:08:00,2025-04-18 22:26:36,Printing,Printer Offline,Medium,Resolved,Walk-up,32.31,24,0,2
TKT-04655,489,10,2026-01-08 12:14:00,2026-01-08 17:13:24,Account Access,Permissions Request,Medium,Resolved,Email,4.99,24,1,4
TKT-04656,437,2,2025-12-30 17:37:00,2025-12-31 07:31:36,Hardware,Laptop Won't Start,Medium,Resolved,Email,13.91,24,1,5
TKT-04657,231,4,2025-06-27 15:26:00,2025-06-27 20:27:48,Software,Microsoft 365 Issue,Medium,Resolved,Portal,5.03,24,1,5
TKT-04658,471,11,2025-10-16 10:14:00,2025-10-16 13:55:24,Security,Phishing Report,High,Closed,Portal,3.69,8,1,4
TKT-04659,54,12,2025-09-04 11:15:00,2025-09-06 16:55:48,Network,VPN Connection,Medium,Resolved,Portal,53.68,24,0,3
TKT-04660,128,1,2025-01-06 09:05:00,2025-01-06 10:37:24,Account Access,Password Reset,Medium,Closed,Portal,1.54,24,1,4
TKT-04661,24,6,2025-12-03 13:34:00,2025-12-03 18:34:00,Account Access,MFA Issue,High,Closed,Portal,5.00,8,1,3
TKT-04662,436,7,2025-06-04 16:27:00,2025-06-05 17:00:00,Software,Application Access,Medium,Resolved,Portal,24.55,24,0,3
TKT-04663,153,4,2025-03-19 13:49:00,2025-03-20 06:56:48,Hardware,Monitor Issue,Medium,Resolved,Portal,17.13,24,1,4
TKT-04664,417,10,2025-04-28 10:43:00,2025-04-28 19:49:36,Network,Wi-Fi Connectivity,Medium,Resolved,Portal,9.11,24,1,4
TKT-04665,458,11,2025-03-07 12:01:00,2025-03-07 20:23:48,Hardware,Laptop Performance,Medium,Resolved,Portal,8.38,24,1,5
TKT-04666,466,10,2025-10-01 15:19:00,2025-10-01 17:43:36,Account Access,Password Reset,Medium,Resolved,Portal,2.41,24,1,3
TKT-04667,411,3,2026-06-04 07:10:00,2026-06-04 14:27:24,Software,Application Crash,Medium,Resolved,Email,7.29,24,1,4
TKT-04668,171,1,2026-08-14 17:36:00,2026-08-14 20:11:24,Software,Application Crash,Critical,Resolved,Portal,2.59,4,1,5
TKT-04669,306,4,2025-07-30 09:30:00,2025-08-01 09:50:24,Hardware,Laptop Won't Start,Low,Closed,Portal,48.34,48,0,3
TKT-04670,79,2,2025-07-31 18:07:00,2025-07-31 23:28:36,Software,Application Crash,Medium,Resolved,Portal,5.36,24,1,5
TKT-04671,202,3,2025-12-02 15:09:00,2025-12-04 11:51:36,Software,Application Access,Low,Resolved,Portal,44.71,48,1,4
TKT-04672,222,7,2026-03-17 15:33:00,2026-03-18 02:30:00,Printing,Driver Issue,Medium,Closed,Portal,10.95,24,1,5
TKT-04673,164,5,2026-02-02 12:45:00,2026-02-02 17:30:00,Network,VPN Connection,High,Resolved,Portal,4.75,8,1,4
TKT-04674,405,5,2025-10-13 08:00:00,2025-10-14 14:52:12,Software,Software Installation,Medium,Resolved,Walk-up,30.87,24,0,3
TKT-04675,51,2,2026-01-14 14:31:00,2026-01-14 23:22:36,Network,VPN Connection,Medium,Closed,Portal,8.86,24,1,5
TKT-04676,455,1,2026-03-23 13:02:00,2026-03-23 16:38:36,Network,Wi-Fi Connectivity,High,Closed,Email,3.61,8,1,5
TKT-04677,497,6,2025-09-16 13:00:00,2025-09-16 18:30:00,Account Access,MFA Issue,Medium,Resolved,Email,5.50,24,1,4
TKT-04678,20,12,2026-05-14 15:28:00,2026-05-14 21:05:12,Software,Browser Issue,Medium,Resolved,Portal,5.62,24,1,5
TKT-04679,285,9,2025-11-18 15:44:00,2025-11-18 20:16:24,Account Access,MFA Issue,Medium,Resolved,Walk-up,4.54,24,1,5
TKT-04680,369,4,2026-02-19 09:18:00,2026-02-19 21:49:12,Software,Application Crash,Medium,Resolved,Portal,12.52,24,1,5
TKT-04681,454,1,2025-08-21 12:45:00,2025-08-21 15:42:36,Software,Application Crash,High,Resolved,Portal,2.96,8,1,4
TKT-04682,201,6,2025-01-30 15:24:00,2025-01-31 05:34:12,Network,VPN Connection,High,Resolved,Phone,14.17,8,0,3
TKT-04683,222,11,2026-07-21 15:40:00,2026-07-23 11:43:00,Account Access,Locked Account,Medium,Resolved,Phone,44.05,24,0,3
TKT-04684,479,1,2025-02-24 10:19:00,2025-02-24 11:08:12,Security,Phishing Report,High,Closed,Portal,0.82,8,1,4
TKT-04685,283,8,2025-01-28 11:08:00,2025-01-28 18:47:00,Software,Microsoft 365 Issue,Medium,Resolved,Portal,7.65,24,1,4
TKT-04686,124,4,2025-09-16 10:49:00,2025-09-16 17:16:00,Account Access,MFA Issue,Medium,Resolved,Portal,6.45,24,1,5
TKT-04687,399,7,2025-09-29 13:19:00,2025-09-29 21:54:24,Account Access,Locked Account,Medium,Resolved,Email,8.59,24,1,5
TKT-04688,205,4,2025-12-09 15:44:00,2025-12-10 09:47:00,Hardware,Keyboard/Mouse,Medium,Closed,Portal,18.05,24,1,4
TKT-04689,497,4,2025-07-28 14:55:00,2025-07-29 06:16:36,Network,No Internet Access,Medium,Resolved,Portal,15.36,24,1,4
TKT-04690,395,11,2025-12-08 11:20:00,2025-12-10 03:08:00,Software,Browser Issue,Medium,Resolved,Walk-up,39.80,24,0,3
TKT-04691,487,10,2026-01-02 15:25:00,2026-01-02 20:44:12,Software,Application Crash,Medium,Resolved,Portal,5.32,24,1,5
TKT-04692,377,10,2025-07-31 13:53:00,2025-08-01 05:06:48,Network,DNS Resolution,Medium,Resolved,Portal,15.23,24,1,4
TKT-04693,406,8,2026-05-08 14:15:00,2026-05-08 18:40:48,Account Access,Password Reset,Low,Resolved,Email,4.43,48,1,4
TKT-04694,30,2,2026-05-07 10:04:00,2026-05-07 21:33:24,Security,Suspicious Email,High,Closed,Portal,11.49,8,0,2
TKT-04695,276,9,2026-02-04 12:54:00,2026-02-05 05:37:12,Hardware,Monitor Issue,Low,Resolved,Portal,16.72,48,1,5
TKT-04696,156,7,2025-05-29 17:15:00,2025-05-30 08:54:36,Hardware,Laptop Performance,Medium,Closed,Portal,15.66,24,1,4
TKT-04697,376,1,2026-07-21 12:17:00,2026-07-21 22:49:24,Network,Slow Network,Medium,Resolved,Phone,10.54,24,1,3
TKT-04698,124,6,2025-01-07 14:28:00,2025-01-07 17:13:36,Network,VPN Connection,Critical,Resolved,Portal,2.76,4,1,5
TKT-04699,193,7,2026-07-03 16:49:00,2026-07-04 03:34:36,Network,Wi-Fi Connectivity,Medium,Resolved,Portal,10.76,24,1,4
TKT-04700,259,6,2026-02-10 16:21:00,2026-02-10 19:24:36,Hardware,Laptop Won't Start,High,Resolved,Email,3.06,8,1,4
TKT-04701,272,7,2025-03-07 12:03:00,2025-03-07 20:07:12,Software,Application Crash,Medium,Resolved,Phone,8.07,24,1,4
TKT-04702,407,12,2025-09-16 09:52:00,2025-09-16 10:52:36,Security,Suspicious Email,High,Resolved,Portal,1.01,8,1,4
TKT-04703,336,3,2026-08-17 10:10:00,2026-08-17 15:05:12,Account Access,Locked Account,Medium,Closed,Portal,4.92,24,1,4
TKT-04704,365,9,2026-06-01 14:04:00,2026-06-02 02:53:12,Account Access,Permissions Request,Medium,Closed,Phone,12.82,24,1,3
TKT-04705,149,5,2025-06-18 10:22:00,2025-06-18 19:01:36,Account Access,Permissions Request,Medium,Resolved,Portal,8.66,24,1,4
TKT-04706,100,12,2025-08-21 09:22:00,2025-08-21 15:31:36,Printing,Print Queue Stuck,Medium,Resolved,Email,6.16,24,1,4
TKT-04707,236,4,2026-06-15 14:14:00,2026-06-16 20:12:12,Software,Application Access,Medium,Closed,Email,29.97,24,0,2
TKT-04708,380,7,2025-12-29 12:32:00,2025-12-30 04:26:36,Network,Wi-Fi Connectivity,Medium,Resolved,Phone,15.91,24,1,4
TKT-04709,99,8,2025-10-03 08:00:00,2025-10-03 13:03:00,Account Access,Locked Account,Medium,Resolved,Portal,5.05,24,1,4
TKT-04710,67,6,2025-05-12 10:25:00,2025-05-13 01:27:24,Software,Microsoft 365 Issue,Medium,Resolved,Portal,15.04,24,1,5
TKT-04711,99,6,2026-01-14 13:16:00,2026-01-14 22:58:36,Printing,Printer Offline,Medium,Closed,Portal,9.71,24,1,4
TKT-04712,318,3,2026-07-13 11:17:00,2026-07-13 19:58:24,Software,Microsoft 365 Issue,Medium,Resolved,Email,8.69,24,1,5
TKT-04713,23,7,2026-03-23 17:36:00,2026-03-23 23:42:00,Account Access,Locked Account,Medium,Resolved,Email,6.10,24,1,4
TKT-04714,187,10,2025-02-28 15:33:00,2025-03-01 03:36:00,Network,DNS Resolution,High,Resolved,Walk-up,12.05,8,0,3
TKT-04715,85,12,2025-03-03 09:00:00,2025-03-04 07:16:12,Software,Microsoft 365 Issue,Low,Resolved,Phone,22.27,48,1,4
TKT-04716,230,9,2025-09-05 17:45:00,2025-09-07 13:47:24,Software,Software Installation,Medium,Resolved,Portal,44.04,24,0,1
TKT-04717,396,12,2025-12-18 13:39:00,2025-12-18 16:18:00,Account Access,Locked Account,High,Resolved,Email,2.65,8,1,4
TKT-04718,324,2,2026-01-12 10:09:00,2026-01-13 01:31:12,Network,VPN Connection,High,Closed,Phone,15.37,8,0,3
TKT-04719,470,11,2026-08-06 13:28:00,2026-08-06 22:34:00,Security,Phishing Report,High,Resolved,Email,9.10,8,0,3
TKT-04720,297,1,2026-03-24 09:57:00,2026-03-24 12:57:00,Account Access,MFA Issue,Medium,Closed,Portal,3.00,24,1,5
TKT-04721,345,2,2026-05-14 08:39:00,2026-05-14 16:58:12,Account Access,MFA Issue,Medium,Resolved,Email,8.32,24,1,5
TKT-04722,115,3,2025-01-01 15:05:00,2025-01-01 17:12:12,Security,Phishing Report,Critical,Closed,Email,2.12,4,1,5
TKT-04723,41,11,2025-10-23 13:37:00,2025-10-23 22:24:24,Software,Application Crash,Medium,Resolved,Portal,8.79,24,1,5
TKT-04724,402,7,2026-08-26 10:38:00,2026-08-27 23:20:36,Network,VPN Connection,Medium,Resolved,Walk-up,36.71,24,0,3
TKT-04725,309,12,2025-04-08 09:01:00,2025-04-08 14:07:00,Software,Microsoft 365 Issue,High,Resolved,Portal,5.10,8,1,4
TKT-04726,111,7,2025-07-03 14:48:00,2025-07-03 18:37:48,Network,VPN Connection,Critical,Resolved,Portal,3.83,4,1,4
TKT-04727,231,10,2025-12-05 11:58:00,2025-12-05 14:31:00,Account Access,Password Reset,Medium,Resolved,Portal,2.55,24,1,5
TKT-04728,335,11,2025-01-03 07:57:00,2025-01-04 19:35:24,Printing,Driver Issue,Medium,Closed,Email,35.64,24,0,3
TKT-04729,7,7,2026-06-04 11:31:00,2026-06-04 22:18:24,Software,Browser Issue,Medium,Resolved,Portal,10.79,24,1,4
TKT-04730,395,6,2025-10-14 13:08:00,2025-10-16 10:33:48,Network,VPN Connection,Medium,Closed,Walk-up,45.43,24,0,3
TKT-04731,138,9,2025-01-28 12:51:00,2025-01-28 18:16:48,Security,Malware Alert,Medium,Closed,Portal,5.43,24,1,5
TKT-04732,27,12,2025-02-12 08:34:00,2025-02-12 20:27:24,Software,Microsoft 365 Issue,Low,Resolved,Portal,11.89,48,1,5
TKT-04733,240,8,2025-06-05 08:31:00,2025-06-05 12:23:12,Printing,Printer Offline,Medium,Resolved,Email,3.87,24,1,5
TKT-04734,156,8,2025-07-10 14:49:00,2025-07-11 21:25:36,Network,DNS Resolution,Medium,Resolved,Portal,30.61,24,0,2
TKT-04735,108,4,2025-04-07 15:59:00,2025-04-08 02:16:24,Hardware,Laptop Performance,Medium,Resolved,Portal,10.29,24,1,4
TKT-04736,414,12,2025-03-04 17:41:00,2025-03-05 00:49:24,Software,Software Installation,Medium,Resolved,Email,7.14,24,1,5
TKT-04737,47,4,2026-06-01 12:29:00,2026-06-02 02:08:00,Network,VPN Connection,Medium,Resolved,Walk-up,13.65,24,1,5
TKT-04738,116,11,2025-01-09 15:59:00,2025-01-09 21:14:00,Printing,Printer Permissions,High,Closed,Portal,5.25,8,1,5
TKT-04739,203,10,2025-11-13 17:29:00,2025-11-14 08:36:48,Hardware,Laptop Won't Start,Medium,Resolved,Phone,15.13,24,1,5
TKT-04740,35,3,2025-07-10 12:08:00,2025-07-10 20:12:12,Network,DNS Resolution,Medium,Closed,Portal,8.07,24,1,5
TKT-04741,66,1,2026-05-13 11:13:00,2026-05-13 12:29:12,Account Access,MFA Issue,High,Closed,Walk-up,1.27,8,1,4
TKT-04742,17,7,2026-06-25 15:58:00,2026-06-25 21:14:12,Software,Browser Issue,Medium,Closed,Portal,5.27,24,1,5
TKT-04743,351,3,2025-10-08 10:57:00,2025-10-08 17:02:24,Account Access,MFA Issue,Low,Closed,Portal,6.09,48,1,4
TKT-04744,248,4,2026-04-06 16:01:00,2026-04-07 11:06:24,Network,DNS Resolution,Medium,Resolved,Portal,19.09,24,1,4
TKT-04745,342,2,2025-03-14 13:29:00,2025-03-14 21:48:12,Software,Browser Issue,High,Resolved,Portal,8.32,8,0,4
TKT-04746,185,1,2025-02-10 10:29:00,2025-02-10 11:20:00,Account Access,Password Reset,High,Closed,Walk-up,0.85,8,1,5
TKT-04747,2,6,2026-06-22 11:04:00,2026-06-22 20:22:36,Network,VPN Connection,High,Resolved,Portal,9.31,8,0,3
TKT-04748,98,12,2025-09-23 11:53:00,2025-09-23 14:48:12,Account Access,Permissions Request,High,Resolved,Phone,2.92,8,1,5
TKT-04749,66,3,2026-07-14 13:18:00,2026-07-14 21:16:48,Network,Wi-Fi Connectivity,Critical,Resolved,Phone,7.98,4,0,2
TKT-04750,312,1,2025-01-28 16:20:00,2025-01-28 20:24:12,Account Access,Locked Account,Medium,Resolved,Portal,4.07,24,1,3
TKT-04751,320,6,2025-09-19 15:02:00,2025-09-19 19:52:24,Security,Phishing Report,High,Resolved,Email,4.84,8,1,4
TKT-04752,108,8,2025-12-29 10:39:00,2025-12-29 16:34:48,Account Access,MFA Issue,Low,Resolved,Portal,5.93,48,1,3
TKT-04753,14,12,2025-04-25 18:51:00,2025-04-25 21:00:36,Security,Phishing Report,High,Resolved,Email,2.16,8,1,3
TKT-04754,20,1,2025-06-02 12:54:00,2025-06-02 17:18:00,Network,DNS Resolution,High,Closed,Email,4.40,8,1,5
TKT-04755,281,10,2026-03-20 09:06:00,2026-03-20 22:34:48,Software,Software Installation,Medium,Resolved,Walk-up,13.48,24,1,5
TKT-04756,374,9,2025-05-21 17:48:00,2025-05-22 00:11:24,Software,Browser Issue,High,Resolved,Walk-up,6.39,8,1,5
TKT-04757,148,8,2026-04-10 17:28:00,2026-04-10 18:44:12,Account Access,Password Reset,Medium,Resolved,Phone,1.27,24,1,5
TKT-04758,396,6,2025-02-07 16:20:00,2025-02-08 05:44:36,Software,Software Installation,Medium,Closed,Phone,13.41,24,1,3
TKT-04759,418,3,2025-10-28 15:15:00,2025-10-29 03:19:12,Software,Application Crash,Medium,Resolved,Email,12.07,24,1,5
TKT-04760,226,3,2025-12-29 09:26:00,2025-12-29 14:08:36,Hardware,Keyboard/Mouse,High,Resolved,Walk-up,4.71,8,1,5
TKT-04761,256,9,2025-06-27 19:32:00,2025-06-27 21:58:24,Software,Microsoft 365 Issue,High,Closed,Walk-up,2.44,8,1,5
TKT-04762,221,1,2025-03-07 12:57:00,2025-03-07 17:13:48,Account Access,Locked Account,Medium,Resolved,Email,4.28,24,1,3
TKT-04763,47,9,2025-08-06 15:14:00,2025-08-06 22:24:48,Software,Application Access,High,Resolved,Email,7.18,8,1,5
TKT-04764,399,8,2025-07-31 14:46:00,2025-08-01 03:07:36,Account Access,Permissions Request,Medium,Closed,Walk-up,12.36,24,1,3
TKT-04765,275,8,2025-11-25 16:46:00,2025-11-26 04:18:24,Software,Browser Issue,High,Resolved,Email,11.54,8,0,3
TKT-04766,1,3,2025-03-03 17:32:00,2025-03-03 20:05:00,Hardware,Laptop Performance,High,Resolved,Portal,2.55,8,1,5
TKT-04767,2,7,2026-05-01 19:15:00,2026-05-01 23:53:24,Security,Phishing Report,Medium,Resolved,Email,4.64,24,1,5
TKT-04768,479,3,2025-07-30 09:54:00,2025-07-30 11:40:48,Account Access,Password Reset,Medium,Resolved,Phone,1.78,24,1,5
TKT-04769,282,7,2026-04-15 14:11:00,2026-04-16 05:12:12,Network,VPN Connection,High,Resolved,Email,15.02,8,0,2
TKT-04770,500,2,2025-01-01 13:02:00,2025-01-06 01:47:00,Printing,Printer Offline,Low,Resolved,Portal,108.75,48,0,3
TKT-04771,87,4,2025-03-24 15:27:00,2025-03-25 05:02:24,Printing,Printer Permissions,Low,Resolved,Email,13.59,48,1,5
TKT-04772,431,1,2026-04-24 08:16:00,2026-04-24 13:44:12,Account Access,Password Reset,Medium,Closed,Portal,5.47,24,1,5
TKT-04773,29,12,2025-03-04 15:40:00,2025-03-06 18:17:48,Account Access,Locked Account,Medium,Resolved,Portal,50.63,24,0,3
TKT-04774,380,4,2025-02-19 15:26:00,2025-02-19 21:29:00,Network,No Internet Access,Medium,Resolved,Portal,6.05,24,1,4
TKT-04775,495,9,2026-01-26 12:39:00,2026-01-26 22:18:36,Hardware,Docking Station,Medium,Resolved,Portal,9.66,24,1,5
TKT-04776,455,3,2025-05-05 15:24:00,2025-05-09 10:19:12,Hardware,Monitor Issue,Low,Resolved,Email,90.92,48,0,2
TKT-04777,118,8,2026-04-09 13:28:00,2026-04-10 22:49:36,Software,Software Installation,Medium,Resolved,Email,33.36,24,0,3
TKT-04778,42,5,2026-04-08 13:08:00,2026-04-08 17:09:12,Software,Software Installation,High,Resolved,Portal,4.02,8,1,5
TKT-04779,117,4,2025-06-10 16:33:00,2025-06-10 21:31:48,Security,Unauthorized Access Concern,Medium,Resolved,Portal,4.98,24,1,3
TKT-04780,333,11,2025-01-13 14:48:00,2025-01-17 06:01:48,Network,No Internet Access,Low,Resolved,Portal,87.23,48,0,4
TKT-04781,131,3,2025-07-04 10:24:00,2025-07-04 14:36:36,Hardware,Docking Station,High,Resolved,Portal,4.21,8,1,5
TKT-04782,325,3,2025-02-21 14:15:00,2025-02-21 17:54:00,Network,VPN Connection,High,Closed,Email,3.65,8,1,5
TKT-04783,278,10,2026-07-02 18:48:00,2026-07-03 22:16:12,Network,VPN Connection,High,Resolved,Phone,27.47,8,0,2
TKT-04784,216,12,2025-12-19 15:40:00,2025-12-24 10:15:24,Network,VPN Connection,Low,Resolved,Portal,114.59,48,0,2
TKT-04785,163,9,2026-04-17 16:04:00,2026-04-17 19:41:48,Software,Browser Issue,Medium,Resolved,Phone,3.63,24,1,5
TKT-04786,55,3,2025-01-02 11:32:00,2025-01-02 17:59:36,Software,Application Crash,Medium,Resolved,Email,6.46,24,1,5
TKT-04787,476,8,2026-06-16 16:52:00,2026-06-16 21:07:36,Security,Suspicious Email,High,Closed,Phone,4.26,8,1,5
TKT-04788,106,5,2025-06-17 09:29:00,2025-06-17 11:37:24,Account Access,Password Reset,Medium,Resolved,Walk-up,2.14,24,1,3
TKT-04789,262,7,2025-08-28 17:07:00,2025-08-28 23:19:36,Network,Wi-Fi Connectivity,Medium,Closed,Portal,6.21,24,1,4
TKT-04790,407,7,2026-04-02 10:10:00,2026-04-02 18:43:00,Printing,Print Queue Stuck,Medium,Resolved,Portal,8.55,24,1,5
TKT-04791,120,3,2026-06-11 16:45:00,2026-06-13 17:07:12,Account Access,Password Reset,Medium,Resolved,Portal,48.37,24,0,2
TKT-04792,18,11,2025-11-25 08:11:00,2025-11-26 02:28:24,Printing,Printer Offline,Medium,Resolved,Email,18.29,24,1,3
TKT-04793,495,8,2026-08-11 16:51:00,2026-08-11 20:15:00,Software,Microsoft 365 Issue,Medium,Resolved,Portal,3.40,24,1,4
TKT-04794,485,9,2025-06-17 14:09:00,2025-06-18 20:31:12,Network,Wi-Fi Connectivity,Medium,Resolved,Phone,30.37,24,0,1
TKT-04795,383,6,2025-02-19 10:34:00,2025-02-19 15:29:48,Account Access,Password Reset,Medium,Resolved,Portal,4.93,24,1,5
TKT-04796,175,12,2026-03-02 18:51:00,2026-03-04 00:36:36,Software,Software Installation,High,Resolved,Phone,29.76,8,0,3
TKT-04797,217,6,2026-02-12 07:54:00,2026-02-12 09:45:36,Hardware,Monitor Issue,High,Resolved,Walk-up,1.86,8,1,4
TKT-04798,361,2,2025-07-03 11:31:00,2025-07-05 08:02:48,Hardware,Laptop Performance,Medium,Resolved,Email,44.53,24,0,3
TKT-04799,167,11,2026-04-16 07:23:00,2026-04-16 10:47:00,Account Access,Password Reset,Medium,Closed,Portal,3.40,24,1,4
TKT-04800,270,11,2026-01-06 11:20:00,2026-01-06 16:29:36,Network,VPN Connection,High,Resolved,Phone,5.16,8,1,4
TKT-04801,191,9,2026-03-27 09:42:00,2026-03-27 15:09:36,Account Access,Locked Account,Medium,Resolved,Portal,5.46,24,1,4
TKT-04802,48,6,2025-01-02 12:00:00,2025-01-02 22:06:00,Software,Software Installation,Medium,Resolved,Portal,10.10,24,1,3
TKT-04803,433,8,2025-03-12 08:07:00,2025-03-12 16:10:36,Software,Software Installation,High,Resolved,Email,8.06,8,0,2
TKT-04804,217,4,2025-02-25 12:16:00,2025-02-25 20:44:12,Software,Microsoft 365 Issue,Medium,Resolved,Email,8.47,24,1,4
TKT-04805,249,4,2025-09-29 10:27:00,2025-09-29 11:27:36,Printing,Printer Permissions,High,Resolved,Portal,1.01,8,1,5
TKT-04806,412,4,2026-07-21 10:17:00,2026-07-22 16:24:48,Software,Application Access,Medium,Resolved,Portal,30.13,24,0,1
TKT-04807,399,5,2025-10-09 17:04:00,2025-10-09 19:52:36,Security,Suspicious Email,High,Resolved,Phone,2.81,8,1,5
TKT-04808,448,4,2026-01-26 11:45:00,2026-01-27 00:09:36,Printing,Printer Permissions,Medium,Closed,Walk-up,12.41,24,1,4
TKT-04809,6,10,2026-04-28 11:50:00,2026-04-28 21:01:24,Printing,Driver Issue,Medium,Closed,Portal,9.19,24,1,4
TKT-04810,451,9,2026-01-28 10:57:00,2026-01-30 19:31:48,Network,Wi-Fi Connectivity,Medium,Resolved,Portal,56.58,24,0,2
TKT-04811,351,4,2025-04-22 12:55:00,2025-04-22 14:17:48,Account Access,Locked Account,Medium,Resolved,Walk-up,1.38,24,1,4
TKT-04812,282,1,2026-04-21 11:51:00,2026-04-22 18:43:48,Network,Slow Network,Medium,Resolved,Phone,30.88,24,0,2
TKT-04813,194,7,2026-03-09 13:49:00,2026-03-09 22:01:36,Hardware,Docking Station,Medium,Resolved,Portal,8.21,24,1,4
TKT-04814,189,3,2026-03-20 19:45:00,2026-03-21 13:45:00,Security,Phishing Report,High,Resolved,Walk-up,18.00,8,0,1
TKT-04815,332,6,2026-06-10 10:29:00,2026-06-10 21:54:48,Account Access,MFA Issue,High,Resolved,Email,11.43,8,0,1
TKT-04816,206,6,2026-04-21 12:40:00,2026-04-21 21:08:48,Network,Wi-Fi Connectivity,High,Resolved,Portal,8.48,8,0,1
TKT-04817,46,5,2025-01-09 10:29:00,2025-01-09 15:39:12,Software,Microsoft 365 Issue,High,Resolved,Email,5.17,8,1,4
TKT-04818,421,7,2026-02-11 12:28:00,2026-02-14 01:01:36,Network,Slow Network,Low,Resolved,Walk-up,60.56,48,0,4
TKT-04819,334,4,2025-10-01 13:29:00,2025-10-01 23:08:36,Hardware,Laptop Performance,Medium,Resolved,Phone,9.66,24,1,4
TKT-04820,58,10,2026-07-06 11:26:00,2026-07-06 22:52:24,Network,VPN Connection,High,Closed,Email,11.44,8,0,1
TKT-04821,171,7,2025-06-02 14:15:00,2025-06-02 14:56:24,Account Access,MFA Issue,Critical,Resolved,Phone,0.69,4,1,5
TKT-04822,238,7,2025-05-19 11:06:00,2025-05-21 19:25:48,Network,No Internet Access,Medium,Closed,Portal,56.33,24,0,4
TKT-04823,435,8,2025-06-11 15:04:00,2025-06-12 01:38:48,Hardware,Keyboard/Mouse,High,Resolved,Portal,10.58,8,0,3
TKT-04824,476,3,2026-08-25 13:42:00,2026-08-26 05:33:00,Network,VPN Connection,High,Closed,Phone,15.85,8,0,2
TKT-04825,202,1,2025-12-10 13:02:00,2025-12-10 13:39:12,Account Access,Password Reset,High,Resolved,Portal,0.62,8,1,5
TKT-04826,199,10,2026-03-16 10:58:00,2026-03-16 17:55:36,Security,Phishing Report,Medium,Resolved,Phone,6.96,24,1,4
TKT-04827,78,1,2025-02-13 10:11:00,2025-02-13 14:26:36,Security,Phishing Report,Medium,Resolved,Portal,4.26,24,1,4
TKT-04828,411,11,2026-01-01 10:42:00,2026-01-02 10:29:24,Software,Microsoft 365 Issue,Low,Resolved,Portal,23.79,48,1,5
TKT-04829,419,5,2026-02-17 18:30:00,2026-02-18 13:04:48,Software,Software Installation,High,Resolved,Walk-up,18.58,8,0,3
TKT-04830,93,9,2026-01-06 09:37:00,2026-01-07 21:31:36,Network,VPN Connection,Medium,Resolved,Email,35.91,24,0,2
TKT-04831,229,2,2026-06-16 17:35:00,2026-06-17 01:29:36,Account Access,Permissions Request,Medium,Closed,Phone,7.91,24,1,5
TKT-04832,465,6,2025-03-10 15:59:00,2025-03-11 05:25:24,Software,Application Crash,Medium,Resolved,Phone,13.44,24,1,4
TKT-04833,234,4,2025-01-07 11:02:00,2025-01-08 05:00:48,Software,Microsoft 365 Issue,Medium,Resolved,Email,17.98,24,1,5
TKT-04834,471,2,2025-02-28 11:34:00,2025-02-28 23:08:48,Network,VPN Connection,High,Resolved,Email,11.58,8,0,2
TKT-04835,360,4,2025-08-20 10:44:00,2025-08-20 13:29:36,Network,Wi-Fi Connectivity,High,Resolved,Walk-up,2.76,8,1,4
TKT-04836,360,7,2026-06-16 14:10:00,2026-06-17 09:14:48,Printing,Printer Offline,Medium,Resolved,Phone,19.08,24,1,4
TKT-04837,58,7,2025-08-20 18:20:00,2025-08-21 11:31:24,Security,Malware Alert,Medium,Resolved,Portal,17.19,24,1,4
TKT-04838,236,8,2026-07-02 14:00:00,2026-07-02 18:51:36,Software,Software Installation,High,Closed,Phone,4.86,8,1,4
TKT-04839,261,11,2025-07-16 15:23:00,2025-07-18 03:23:00,Software,Microsoft 365 Issue,Medium,Closed,Phone,36.00,24,0,1
TKT-04840,224,11,2025-05-13 15:38:00,2025-05-14 08:22:24,Software,Application Crash,Medium,Resolved,Portal,16.74,24,1,3
TKT-04841,472,9,2026-02-12 11:04:00,2026-02-13 00:54:24,Security,Phishing Report,High,Resolved,Walk-up,13.84,8,0,4
TKT-04842,155,8,2025-03-06 17:12:00,2025-03-06 20:18:00,Software,Application Access,Critical,Resolved,Portal,3.10,4,1,5
TKT-04843,173,1,2026-05-11 11:31:00,2026-05-11 13:19:00,Account Access,MFA Issue,Medium,Resolved,Portal,1.80,24,1,5
TKT-04844,372,4,2026-05-28 17:22:00,2026-05-29 08:55:00,Hardware,Laptop Won't Start,Medium,Resolved,Email,15.55,24,1,4
TKT-04845,72,12,2025-03-10 14:41:00,2025-03-10 21:35:00,Network,Slow Network,High,Resolved,Walk-up,6.90,8,1,4
TKT-04846,362,4,2025-12-24 08:33:00,2025-12-24 12:10:48,Network,No Internet Access,High,Resolved,Portal,3.63,8,1,4
TKT-04847,152,2,2025-02-24 10:44:00,2025-02-24 21:32:00,Printing,Printer Offline,Medium,Resolved,Portal,10.80,24,1,4
TKT-04848,177,8,2025-09-25 13:37:00,2025-09-26 04:18:24,Network,VPN Connection,Medium,Resolved,Portal,14.69,24,1,4
TKT-04849,155,1,2026-06-04 14:56:00,2026-06-04 22:45:12,Network,No Internet Access,Medium,Resolved,Portal,7.82,24,1,5
TKT-04850,305,2,2025-08-28 17:51:00,2025-08-30 14:15:36,Software,Application Crash,Medium,Closed,Portal,44.41,24,0,3
TKT-04851,39,3,2025-04-15 11:23:00,2025-04-15 22:36:48,Account Access,Locked Account,Medium,Resolved,Portal,11.23,24,1,5
TKT-04852,381,7,2026-04-17 14:05:00,2026-04-18 00:33:48,Software,Software Installation,Low,Resolved,Portal,10.48,48,1,4
TKT-04853,360,1,2026-04-30 11:20:00,2026-04-30 20:19:24,Network,VPN Connection,High,Closed,Walk-up,8.99,8,0,4
TKT-04854,193,11,2025-01-31 16:18:00,2025-01-31 20:21:36,Security,Suspicious Email,Medium,Resolved,Portal,4.06,24,1,4
TKT-04855,107,6,2025-11-25 10:25:00,2025-11-27 16:09:24,Account Access,MFA Issue,Medium,Resolved,Portal,53.74,24,0,4
TKT-04856,23,9,2025-12-22 11:10:00,2025-12-22 12:31:36,Account Access,Locked Account,High,Closed,Walk-up,1.36,8,1,5
TKT-04857,286,9,2025-07-29 15:03:00,2025-07-30 09:13:12,Network,DNS Resolution,High,Resolved,Email,18.17,8,0,1
TKT-04858,321,4,2025-03-13 15:54:00,2025-03-14 13:57:00,Hardware,Monitor Issue,Medium,Closed,Portal,22.05,24,1,5
TKT-04859,251,4,2025-10-16 15:56:00,2025-10-17 02:04:24,Network,No Internet Access,High,Resolved,Portal,10.14,8,0,2
TKT-04860,284,10,2026-03-12 11:27:00,2026-03-14 07:34:48,Hardware,Laptop Won't Start,Medium,Resolved,Portal,44.13,24,0,2
TKT-04861,366,7,2026-08-18 17:13:00,2026-08-19 01:36:24,Software,Application Crash,Medium,Resolved,Phone,8.39,24,1,5
TKT-04862,499,5,2025-12-24 18:04:00,2025-12-24 22:20:48,Security,Malware Alert,High,Resolved,Portal,4.28,8,1,4
TKT-04863,117,8,2026-05-13 17:57:00,2026-05-13 20:40:48,Security,Malware Alert,High,Closed,Portal,2.73,8,1,4
TKT-04864,172,1,2026-04-21 09:40:00,2026-04-22 02:38:12,Security,Malware Alert,High,Resolved,Phone,16.97,8,0,4
TKT-04865,281,12,2026-02-09 12:10:00,2026-02-09 18:07:36,Hardware,Monitor Issue,High,Resolved,Portal,5.96,8,1,5
TKT-04866,337,12,2025-07-01 14:43:00,2025-07-01 16:52:36,Hardware,Laptop Performance,High,Closed,Portal,2.16,8,1,4
TKT-04867,116,12,2026-06-04 17:33:00,2026-06-06 22:19:48,Network,VPN Connection,Medium,Resolved,Portal,52.78,24,0,2
TKT-04868,103,6,2025-02-03 08:12:00,2025-02-03 16:42:36,Account Access,MFA Issue,Medium,Resolved,Portal,8.51,24,1,4
TKT-04869,69,8,2025-03-13 15:14:00,2025-03-14 01:18:48,Account Access,Locked Account,Medium,Resolved,Phone,10.08,24,1,3
TKT-04870,266,3,2026-01-08 08:50:00,2026-01-08 13:05:36,Hardware,Laptop Won't Start,High,Resolved,Email,4.26,8,1,3
TKT-04871,347,8,2026-05-15 12:45:00,2026-05-16 06:49:12,Network,VPN Connection,High,Resolved,Portal,18.07,8,0,3
TKT-04872,42,5,2025-03-25 11:05:00,2025-03-26 11:16:24,Software,Application Crash,Low,Resolved,Portal,24.19,48,1,5
TKT-04873,163,11,2025-03-21 16:37:00,2025-03-22 01:45:24,Software,Application Crash,Medium,Resolved,Phone,9.14,24,1,4
TKT-04874,193,4,2026-06-24 08:04:00,2026-06-24 14:14:12,Account Access,MFA Issue,Medium,Resolved,Email,6.17,24,1,5
TKT-04875,169,9,2026-03-30 14:49:00,2026-03-30 19:12:24,Printing,Printer Permissions,High,Resolved,Email,4.39,8,1,5
TKT-04876,37,3,2025-02-14 17:16:00,2025-02-14 21:34:36,Account Access,Locked Account,High,Resolved,Email,4.31,8,1,5
TKT-04877,346,11,2025-08-06 18:14:00,2025-08-06 21:39:12,Account Access,Locked Account,Medium,Resolved,Portal,3.42,24,1,3
TKT-04878,318,5,2025-07-17 10:50:00,2025-07-17 12:15:12,Software,Microsoft 365 Issue,Critical,Resolved,Email,1.42,4,1,4
TKT-04879,167,12,2026-01-05 19:30:00,2026-01-05 22:03:36,Security,Phishing Report,High,Resolved,Phone,2.56,8,1,4
TKT-04880,222,7,2025-02-06 10:16:00,2025-02-06 14:38:12,Software,Software Installation,High,Resolved,Portal,4.37,8,1,4
TKT-04881,417,6,2025-03-14 15:48:00,2025-03-14 20:36:36,Hardware,Monitor Issue,Medium,Closed,Portal,4.81,24,1,5
TKT-04882,260,6,2026-08-12 14:00:00,2026-08-12 22:50:24,Network,Wi-Fi Connectivity,High,Closed,Email,8.84,8,0,2
TKT-04883,494,7,2026-02-19 11:14:00,2026-02-20 13:01:24,Network,VPN Connection,Low,Resolved,Email,25.79,48,1,4
TKT-04884,320,1,2025-06-02 09:55:00,2025-06-02 12:52:36,Account Access,Permissions Request,Medium,Closed,Email,2.96,24,1,5
TKT-04885,276,2,2025-03-07 14:38:00,2025-03-07 19:36:12,Hardware,Docking Station,High,Resolved,Email,4.97,8,1,3
TKT-04886,385,10,2026-08-18 17:27:00,2026-08-18 19:08:24,Account Access,Password Reset,Medium,Closed,Walk-up,1.69,24,1,4
TKT-04887,82,6,2026-06-30 17:54:00,2026-07-01 02:45:00,Account Access,MFA Issue,Medium,Resolved,Email,8.85,24,1,5
TKT-04888,45,8,2025-05-19 11:43:00,2025-05-19 18:20:12,Account Access,Locked Account,Medium,Resolved,Email,6.62,24,1,4
TKT-04889,155,9,2026-01-08 10:45:00,2026-01-08 11:54:36,Account Access,Password Reset,High,Resolved,Walk-up,1.16,8,1,3
TKT-04890,480,2,2026-04-17 11:06:00,2026-04-19 16:10:12,Hardware,Laptop Won't Start,Low,Resolved,Email,53.07,48,0,2
TKT-04891,85,12,2026-03-11 13:20:00,2026-03-12 02:36:48,Security,Unauthorized Access Concern,High,Closed,Walk-up,13.28,8,0,2
TKT-04892,149,12,2025-12-03 12:16:00,2025-12-03 22:47:12,Software,Application Crash,Medium,Resolved,Portal,10.52,24,1,3
TKT-04893,338,7,2025-06-06 09:22:00,2025-06-07 04:22:36,Software,Microsoft 365 Issue,Medium,Resolved,Email,19.01,24,1,5
TKT-04894,227,6,2025-04-30 14:32:00,2025-04-30 17:26:00,Account Access,Permissions Request,High,Closed,Portal,2.90,8,1,4
TKT-04895,242,12,2025-01-27 14:15:00,2025-01-28 08:18:00,Hardware,Laptop Won't Start,Medium,Resolved,Email,18.05,24,1,4
TKT-04896,204,7,2025-11-05 11:07:00,2025-11-05 14:36:24,Account Access,Locked Account,High,Closed,Email,3.49,8,1,3
TKT-04897,169,10,2025-12-30 17:19:00,2025-12-31 05:38:12,Network,VPN Connection,Medium,Resolved,Email,12.32,24,1,5
TKT-04898,235,1,2025-12-31 12:43:00,2025-12-31 18:18:24,Software,Microsoft 365 Issue,Medium,Resolved,Email,5.59,24,1,4
TKT-04899,17,3,2026-08-20 14:32:00,2026-08-20 17:20:36,Software,Software Installation,High,Resolved,Email,2.81,8,1,5
TKT-04900,327,12,2026-06-30 12:31:00,2026-06-30 14:21:24,Security,Unauthorized Access Concern,Critical,Resolved,Email,1.84,4,1,5
TKT-04901,203,8,2026-03-12 08:19:00,2026-03-12 10:48:24,Account Access,Password Reset,Low,Resolved,Portal,2.49,48,1,5
TKT-04902,148,3,2025-03-20 14:34:00,2025-03-22 06:43:36,Printing,Driver Issue,Medium,Resolved,Phone,40.16,24,0,1
TKT-04903,290,10,2025-04-24 08:14:00,2025-04-24 11:48:12,Network,Slow Network,High,Closed,Walk-up,3.57,8,1,5
TKT-04904,106,5,2025-12-09 12:37:00,2025-12-09 17:47:12,Hardware,Laptop Performance,Medium,Resolved,Portal,5.17,24,1,4
TKT-04905,383,3,2026-07-14 16:11:00,2026-07-16 15:47:00,Network,Wi-Fi Connectivity,Medium,Resolved,Portal,47.60,24,0,1
TKT-04906,263,10,2025-03-04 15:05:00,2025-03-06 05:45:48,Software,Microsoft 365 Issue,Low,Resolved,Email,38.68,48,1,5
TKT-04907,109,4,2025-10-08 14:58:00,2025-10-08 15:50:12,Account Access,Locked Account,High,Resolved,Email,0.87,8,1,5
TKT-04908,182,9,2026-08-11 18:19:00,2026-08-12 08:37:36,Software,Application Access,Medium,Resolved,Email,14.31,24,1,4
TKT-04909,406,8,2026-07-23 13:04:00,2026-07-23 22:00:24,Printing,Printer Offline,Low,Closed,Portal,8.94,48,1,3
TKT-04910,305,2,2026-05-27 17:29:00,2026-05-28 00:28:24,Network,VPN Connection,High,Resolved,Email,6.99,8,1,4
TKT-04911,252,4,2026-05-18 14:09:00,2026-05-19 09:03:36,Software,Software Installation,Medium,Resolved,Portal,18.91,24,1,5
TKT-04912,108,10,2025-04-21 10:42:00,2025-04-21 15:28:48,Software,Application Crash,High,Resolved,Email,4.78,8,1,5
TKT-04913,5,6,2026-03-26 08:58:00,2026-03-26 12:26:48,Account Access,Password Reset,Low,Closed,Portal,3.48,48,1,3
TKT-04914,409,8,2025-03-20 18:11:00,2025-03-21 00:51:12,Network,Wi-Fi Connectivity,High,Resolved,Phone,6.67,8,1,5
TKT-04915,108,3,2025-03-27 16:49:00,2025-03-28 02:15:24,Software,Software Installation,Medium,Closed,Portal,9.44,24,1,3
TKT-04916,417,2,2026-06-26 18:39:00,2026-06-29 04:54:36,Hardware,Monitor Issue,Low,Resolved,Phone,58.26,48,0,3
TKT-04917,490,10,2026-02-12 18:13:00,2026-02-13 04:08:48,Software,Application Access,Medium,Resolved,Phone,9.93,24,1,4
TKT-04918,143,4,2025-07-02 10:26:00,2025-07-02 13:21:12,Account Access,MFA Issue,High,Closed,Walk-up,2.92,8,1,4
TKT-04919,284,6,2025-02-26 08:07:00,2025-02-26 20:54:24,Software,Application Access,Medium,Resolved,Email,12.79,24,1,3
TKT-04920,441,7,2025-05-23 10:32:00,2025-05-23 12:45:48,Security,Suspicious Email,High,Resolved,Portal,2.23,8,1,5
TKT-04921,109,7,2026-06-23 14:19:00,2026-06-23 16:58:00,Security,Lost/Stolen Device,High,Resolved,Portal,2.65,8,1,5
TKT-04922,125,7,2025-09-05 12:05:00,2025-09-06 01:05:00,Hardware,Laptop Won't Start,Low,Closed,Email,13.00,48,1,5
TKT-04923,303,4,2025-04-09 09:28:00,2025-04-09 10:41:12,Hardware,Keyboard/Mouse,Critical,Resolved,Portal,1.22,4,1,5
TKT-04924,414,3,2025-01-13 17:58:00,2025-01-13 18:37:36,Account Access,Password Reset,High,Resolved,Phone,0.66,8,1,5
TKT-04925,266,10,2025-07-30 15:16:00,2025-07-30 17:40:00,Software,Application Crash,High,Resolved,Portal,2.40,8,1,4
TKT-04926,317,4,2025-11-12 10:46:00,2025-11-12 18:22:36,Hardware,Laptop Performance,Medium,Resolved,Phone,7.61,24,1,5
TKT-04927,116,5,2026-08-11 15:52:00,2026-08-12 01:50:48,Account Access,MFA Issue,Medium,Closed,Phone,9.98,24,1,4
TKT-04928,314,7,2025-05-23 14:58:00,2025-05-24 00:08:48,Network,No Internet Access,Critical,Closed,Portal,9.18,4,0,3
TKT-04929,379,6,2025-06-12 10:47:00,2025-06-12 12:57:48,Software,Software Installation,Critical,Closed,Portal,2.18,4,1,4
TKT-04930,52,11,2025-04-04 08:04:00,2025-04-04 13:53:12,Network,No Internet Access,Critical,Closed,Email,5.82,4,0,1
TKT-04931,62,10,2025-10-20 12:31:00,2025-10-21 09:48:24,Printing,Print Queue Stuck,Low,Resolved,Portal,21.29,48,1,5
TKT-04932,83,9,2026-01-30 14:16:00,2026-01-31 09:25:36,Hardware,Laptop Performance,Medium,Closed,Email,19.16,24,1,4
TKT-04933,395,2,2025-12-19 13:57:00,2025-12-19 18:30:00,Software,Browser Issue,High,Resolved,Email,4.55,8,1,5
TKT-04934,229,6,2026-01-27 14:54:00,2026-01-28 00:42:36,Network,No Internet Access,High,Closed,Portal,9.81,8,0,3
TKT-04935,62,3,2025-12-09 12:34:00,2025-12-09 14:10:36,Network,No Internet Access,Critical,Closed,Portal,1.61,4,1,4
TKT-04936,310,7,2025-07-04 11:25:00,2025-07-04 11:42:24,Account Access,Password Reset,Critical,Resolved,Email,0.29,4,1,3
TKT-04937,183,6,2025-10-20 10:23:00,2025-10-20 13:31:24,Software,Application Access,Medium,Resolved,Phone,3.14,24,1,5
TKT-04938,318,10,2025-02-17 10:37:00,2025-02-19 08:57:24,Hardware,Laptop Performance,Medium,Resolved,Email,46.34,24,0,2
TKT-04939,19,3,2025-02-24 09:15:00,2025-02-25 17:20:24,Printing,Printer Offline,Medium,Resolved,Phone,32.09,24,0,2
TKT-04940,105,10,2025-08-15 09:28:00,2025-08-17 05:56:48,Software,Application Access,Medium,Closed,Portal,44.48,24,0,3
TKT-04941,317,2,2025-11-26 16:37:00,2025-11-26 21:14:48,Software,Application Crash,Medium,Resolved,Portal,4.63,24,1,4
TKT-04942,494,6,2026-08-12 09:41:00,2026-08-12 16:51:12,Account Access,MFA Issue,Medium,Resolved,Portal,7.17,24,1,4
TKT-04943,455,12,2026-07-09 17:38:00,2026-07-10 10:18:12,Printing,Print Queue Stuck,Low,Resolved,Email,16.67,48,1,5
TKT-04944,102,5,2026-07-29 12:08:00,2026-07-29 16:02:00,Account Access,MFA Issue,Medium,Closed,Portal,3.90,24,1,5
TKT-04945,212,1,2026-02-24 09:20:00,2026-02-24 16:33:12,Printing,Print Queue Stuck,Low,Closed,Email,7.22,48,1,5
TKT-04946,68,6,2026-01-16 18:55:00,2026-01-17 06:47:48,Account Access,Permissions Request,Low,Resolved,Walk-up,11.88,48,1,4
TKT-04947,214,12,2026-08-05 13:17:00,2026-08-06 12:25:24,Hardware,Laptop Performance,Low,Resolved,Portal,23.14,48,1,4
TKT-04948,142,12,2026-04-08 13:30:00,2026-04-08 22:44:24,Security,Unauthorized Access Concern,Medium,Resolved,Phone,9.24,24,1,4
TKT-04949,278,5,2025-06-03 14:42:00,2025-06-03 19:07:48,Network,VPN Connection,Critical,Resolved,Portal,4.43,4,0,3
TKT-04950,157,9,2025-02-12 11:55:00,2025-02-12 20:13:00,Account Access,Permissions Request,Medium,Closed,Walk-up,8.30,24,1,3
TKT-04951,239,10,2025-06-24 15:33:00,2025-06-25 00:13:48,Account Access,Locked Account,Medium,Resolved,Portal,8.68,24,1,5
TKT-04952,91,10,2025-12-23 15:06:00,2025-12-24 02:38:24,Hardware,Laptop Performance,High,Resolved,Phone,11.54,8,0,2
TKT-04953,435,11,2025-08-19 13:07:00,2025-08-20 01:52:36,Network,VPN Connection,Medium,Closed,Email,12.76,24,1,4
TKT-04954,141,9,2025-04-25 13:53:00,2025-04-25 17:52:24,Network,No Internet Access,High,Resolved,Phone,3.99,8,1,5
TKT-04955,299,12,2025-12-15 19:50:00,2025-12-16 03:08:00,Software,Application Crash,Medium,Closed,Walk-up,7.30,24,1,4
TKT-04956,91,11,2025-12-12 16:39:00,2025-12-14 16:01:48,Network,No Internet Access,Medium,Resolved,Email,47.38,24,0,2
TKT-04957,33,5,2025-05-06 18:36:00,2025-05-06 19:48:00,Account Access,Password Reset,Medium,Resolved,Walk-up,1.20,24,1,5
TKT-04958,395,2,2026-07-27 10:40:00,2026-07-28 04:34:36,Software,Application Crash,Medium,Closed,Portal,17.91,24,1,4
TKT-04959,1,9,2025-11-10 17:47:00,2025-11-10 23:59:36,Network,No Internet Access,High,Resolved,Portal,6.21,8,1,5
TKT-04960,210,5,2026-04-14 08:04:00,2026-04-14 13:52:36,Account Access,Permissions Request,Medium,Closed,Email,5.81,24,1,5
TKT-04961,62,12,2025-10-29 16:50:00,2025-10-29 19:51:12,Software,Application Crash,Critical,Resolved,Email,3.02,4,1,4
TKT-04962,185,6,2025-04-22 14:40:00,2025-04-22 16:46:00,Account Access,Password Reset,Medium,Closed,Portal,2.10,24,1,5
TKT-04963,119,7,2025-09-08 08:51:00,2025-09-09 11:06:00,Hardware,Laptop Performance,Medium,Closed,Portal,26.25,24,0,3
TKT-04964,125,2,2026-01-15 14:00:00,2026-01-15 16:58:48,Account Access,Locked Account,Medium,Resolved,Email,2.98,24,1,5
TKT-04965,21,5,2026-04-02 12:38:00,2026-04-04 03:33:12,Hardware,Docking Station,Medium,Closed,Portal,38.92,24,0,3
TKT-04966,238,11,2025-06-19 13:04:00,2025-06-19 15:05:48,Software,Application Access,High,Resolved,Portal,2.03,8,1,4
TKT-04967,388,8,2025-05-23 09:44:00,2025-05-23 15:28:24,Account Access,Permissions Request,Medium,Resolved,Portal,5.74,24,1,4
TKT-04968,267,9,2025-01-31 10:13:00,2025-02-01 16:03:24,Software,Browser Issue,Medium,Closed,Portal,29.84,24,0,2
TKT-04969,176,3,2025-06-11 16:34:00,2025-06-11 17:47:12,Account Access,Locked Account,Medium,Resolved,Portal,1.22,24,1,5
TKT-04970,483,12,2025-11-07 18:42:00,2025-11-07 22:21:00,Software,Application Access,Medium,Resolved,Email,3.65,24,1,4
TKT-04971,445,2,2025-07-23 15:14:00,2025-07-24 01:21:12,Account Access,MFA Issue,Medium,Closed,Email,10.12,24,1,4
TKT-04972,475,5,2026-03-24 18:07:00,2026-03-25 06:41:48,Hardware,Keyboard/Mouse,Low,Resolved,Portal,12.58,48,1,5
TKT-04973,130,6,2025-07-16 16:04:00,2025-07-16 17:46:36,Security,Lost/Stolen Device,High,Resolved,Portal,1.71,8,1,5
TKT-04974,45,1,2026-01-08 11:15:00,2026-01-08 12:45:00,Software,Microsoft 365 Issue,Critical,Closed,Walk-up,1.50,4,1,5
TKT-04975,170,3,2025-10-06 17:11:00,2025-10-07 02:31:24,Security,Malware Alert,Medium,Resolved,Portal,9.34,24,1,3
TKT-04976,278,12,2025-10-23 16:34:00,2025-10-23 20:05:12,Account Access,Password Reset,High,Resolved,Email,3.52,8,1,4
TKT-04977,436,1,2026-08-26 18:41:00,2026-08-27 04:51:48,Network,No Internet Access,Medium,Resolved,Portal,10.18,24,1,5
TKT-04978,282,11,2025-08-29 17:59:00,2025-08-29 23:18:48,Account Access,Locked Account,Medium,Closed,Portal,5.33,24,1,4
TKT-04979,289,11,2026-02-19 17:05:00,2026-02-20 05:45:48,Printing,Print Queue Stuck,Medium,Resolved,Portal,12.68,24,1,4
TKT-04980,402,8,2025-12-02 10:08:00,2025-12-02 19:44:36,Security,Suspicious Email,High,Resolved,Email,9.61,8,0,2
TKT-04981,122,3,2026-07-08 15:24:00,2026-07-09 16:26:24,Hardware,Laptop Won't Start,Medium,Resolved,Portal,25.04,24,0,3
TKT-04982,43,7,2026-01-22 13:55:00,2026-01-22 22:46:00,Network,Slow Network,High,Resolved,Portal,8.85,8,0,2
TKT-04983,191,5,2026-06-02 16:00:00,2026-06-03 09:25:48,Account Access,MFA Issue,High,Resolved,Portal,17.43,8,0,3
TKT-04984,184,2,2025-04-22 10:43:00,2025-04-22 21:55:00,Account Access,Password Reset,High,Resolved,Portal,11.20,8,0,2
TKT-04985,488,2,2025-05-09 10:53:00,2025-05-10 13:44:00,Software,Browser Issue,Low,Resolved,Portal,26.85,48,1,4
TKT-04986,189,3,2025-11-11 09:27:00,2025-11-12 00:15:36,Software,Application Crash,Medium,Closed,Portal,14.81,24,1,4
TKT-04987,357,3,2026-01-08 18:14:00,2026-01-09 03:11:36,Hardware,Docking Station,Medium,Resolved,Email,8.96,24,1,3
TKT-04988,288,7,2026-01-21 12:21:00,2026-01-23 15:55:12,Account Access,Permissions Request,Medium,Closed,Email,51.57,24,0,2
TKT-04989,333,11,2026-07-14 16:18:00,2026-07-14 20:57:36,Security,Lost/Stolen Device,High,Resolved,Walk-up,4.66,8,1,5
TKT-04990,207,6,2025-01-06 11:31:00,2025-01-06 12:55:00,Account Access,Password Reset,Medium,Closed,Portal,1.40,24,1,5
TKT-04991,35,7,2026-06-01 18:28:00,2026-06-02 14:38:12,Software,Application Crash,Low,Resolved,Email,20.17,48,1,5
TKT-04992,440,9,2025-12-11 09:18:00,2025-12-12 19:00:00,Network,VPN Connection,Medium,Closed,Portal,33.70,24,0,2
TKT-04993,435,12,2025-04-09 09:40:00,2025-04-09 17:43:36,Software,Software Installation,Medium,Resolved,Email,8.06,24,1,5
TKT-04994,369,4,2026-02-20 09:48:00,2026-02-20 11:32:24,Security,Phishing Report,High,Resolved,Phone,1.74,8,1,5
TKT-04995,496,10,2026-03-27 09:37:00,2026-03-27 10:38:12,Account Access,MFA Issue,Critical,Resolved,Email,1.02,4,1,4
TKT-04996,50,1,2026-02-03 09:34:00,2026-02-03 13:58:00,Account Access,MFA Issue,High,Resolved,Phone,4.40,8,1,5
TKT-04997,16,6,2025-03-18 19:32:00,2025-03-19 09:39:48,Account Access,Permissions Request,Medium,Resolved,Email,14.13,24,1,4
TKT-04998,126,8,2026-08-13 12:03:00,2026-08-13 20:59:24,Hardware,Keyboard/Mouse,High,Resolved,Phone,8.94,8,0,2
TKT-04999,407,8,2025-03-28 12:40:00,2025-03-28 15:04:36,Account Access,Locked Account,Critical,Closed,Email,2.41,4,1,5
TKT-05000,116,4,2026-08-07 08:47:00,2026-08-07 23:18:12,Network,VPN Connection,Medium,Resolved,Phone,14.52,24,1,4
